row_id,target,channel_id,ref_date
UCl-VnCUwSxDr5zPu-YlDUYw_2026-08-11,0,UCl-VnCUwSxDr5zPu-YlDUYw,2026-08-11
UCnkytUgy0CtWd06up9CjNxg_2026-08-11,0,UCnkytUgy0CtWd06up9CjNxg,2026-08-11
UCpI-AhCT02iQRGLC2ZcY0Jw_2026-08-11,0,UCpI-AhCT02iQRGLC2ZcY0Jw,2026-08-11
UC9otskL_kd-0CDib_5Lj-mQ_2026-08-11,0,UC9otskL_kd-0CDib_5Lj-mQ,2026-08-11
UCSzHok6X5qXEO7cjvVnE62g_2026-08-11,0,UCSzHok6X5qXEO7cjvVnE62g,2026-08-11
UCWU2V62eLE3oQ7AjIGS2STQ_2026-08-11,0,UCWU2V62eLE3oQ7AjIGS2STQ,2026-08-11
UCnhGcri8x6xhehanhAe9ipw_2026-08-11,1,UCnhGcri8x6xhehanhAe9ipw,2026-08-11
UCoH2pCzAr6zWDG-LtUiLWRw_2026-08-11,0,UCoH2pCzAr6zWDG-LtUiLWRw,2026-08-11
UCUt2AEhC-OOC2EPCzj4DkCw_2026-08-11,0,UCUt2AEhC-OOC2EPCzj4DkCw,2026-08-11
UCrfB1-zWijAYkgfZW7Ehc8Q_2026-08-11,0,UCrfB1-zWijAYkgfZW7Ehc8Q,2026-08-11
UCBTsPtRCh6ln3IRQFjhjh1A_2026-08-11,0,UCBTsPtRCh6ln3IRQFjhjh1A,2026-08-11
UCUbOogiD-4PKDqaJfSOTC0g_2026-08-11,0,UCUbOogiD-4PKDqaJfSOTC0g,2026-08-11
UCnCH3Uhv_ynhTNKEH6ekRtg_2026-08-11,0,UCnCH3Uhv_ynhTNKEH6ekRtg,2026-08-11
UCqIwPYLfMd3EoWYwvyTjPnA_2026-08-11,0,UCqIwPYLfMd3EoWYwvyTjPnA,2026-08-11
UCY_vDlvG-BTDRIOk_I9QQ6g_2026-08-11,0,UCY_vDlvG-BTDRIOk_I9QQ6g,2026-08-11
UCZ-UuK86Bk5sGzQQ2cEglJQ_2026-08-11,0,UCZ-UuK86Bk5sGzQQ2cEglJQ,2026-08-11
UCv1tOT645xHOJrwdGlzjMaA_2026-08-11,0,UCv1tOT645xHOJrwdGlzjMaA,2026-08-11
UCuWDza8A_ntbjwBZgW0ZSNw_2026-08-11,0,UCuWDza8A_ntbjwBZgW0ZSNw,2026-08-11
UCrXfM4HsibSucC_NlIY7v0Q_2026-08-11,0,UCrXfM4HsibSucC_NlIY7v0Q,2026-08-11
UCYGF_xk5RDpltyZDSx040uw_2026-08-11,0,UCYGF_xk5RDpltyZDSx040uw,2026-08-11
UCZudBEEhIf6i8XIZZn3QDvA_2026-08-11,0,UCZudBEEhIf6i8XIZZn3QDvA,2026-08-11
UCbFzvzDu17eDZ3RIeaLRswQ_2026-08-11,0,UCbFzvzDu17eDZ3RIeaLRswQ,2026-08-11
UCrY2B2XX41ReYh9DIWrFfCg_2026-08-11,0,UCrY2B2XX41ReYh9DIWrFfCg,2026-08-11
UCyiKngyUPUb1bka4yFrn65g_2026-08-11,0,UCyiKngyUPUb1bka4yFrn65g,2026-08-11
UCybfHuHkJRzGDymek2Dsqvw_2026-08-11,0,UCybfHuHkJRzGDymek2Dsqvw,2026-08-11
UCEuP8zMn3ln3ZqJa85dp9JQ_2026-08-11,0,UCEuP8zMn3ln3ZqJa85dp9JQ,2026-08-11
UCvPDPTxTLitVEyGu4Xt6m8g_2026-08-11,0,UCvPDPTxTLitVEyGu4Xt6m8g,2026-08-11
UCDHGqgpiHQAsE0UiltRqhfQ_2026-08-11,0,UCDHGqgpiHQAsE0UiltRqhfQ,2026-08-11
UCJoWNCiFuiN4eZnB80WUf4Q_2026-08-11,0,UCJoWNCiFuiN4eZnB80WUf4Q,2026-08-11
UCLHwMFguUxHVSk91vzicEJw_2026-08-11,0,UCLHwMFguUxHVSk91vzicEJw,2026-08-11
UCRpdlPk671uOMiBtf5HtB3Q_2026-08-11,0,UCRpdlPk671uOMiBtf5HtB3Q,2026-08-11
UC5grrciAyUF4xjd42XhV-1Q_2026-08-11,0,UC5grrciAyUF4xjd42XhV-1Q,2026-08-11
UC783XWULPW-nDGv_0EYlB6Q_2026-08-11,0,UC783XWULPW-nDGv_0EYlB6Q,2026-08-11
UCJpAwvQaZyCI5spAz7tipGA_2026-08-11,0,UCJpAwvQaZyCI5spAz7tipGA,2026-08-11
UCNmN3W2H0r5_hV2drzbEn7Q_2026-08-11,1,UCNmN3W2H0r5_hV2drzbEn7Q,2026-08-11
UCi5yzN6jpdz2akGTm-mJSKQ_2026-08-11,0,UCi5yzN6jpdz2akGTm-mJSKQ,2026-08-11
UCjyXK9pWHwWR_-bRibFaWDg_2026-08-11,0,UCjyXK9pWHwWR_-bRibFaWDg,2026-08-11
UCZPfs7xIjGmOGs9kvgGhUKQ_2026-08-11,0,UCZPfs7xIjGmOGs9kvgGhUKQ,2026-08-11
UCepHesz_5Lwr7qRaqjB-p1A_2026-08-11,0,UCepHesz_5Lwr7qRaqjB-p1A,2026-08-11
UCfIUuMA7U_jImP7oWfTe4Pw_2026-08-11,1,UCfIUuMA7U_jImP7oWfTe4Pw,2026-08-11
UCby0vMKcLR05ZdS90aZd5og_2026-08-11,0,UCby0vMKcLR05ZdS90aZd5og,2026-08-11
UCQJuZxeDv2P05YHcC-tIEVQ_2026-08-11,0,UCQJuZxeDv2P05YHcC-tIEVQ,2026-08-11
UCp_jHNjcoiXC7SlElrBmzBA_2026-08-11,0,UCp_jHNjcoiXC7SlElrBmzBA,2026-08-11
UC-2wa6jvprl7hfCpvw0ULzg_2026-08-11,0,UC-2wa6jvprl7hfCpvw0ULzg,2026-08-11
UCvPGGL-OTEAQlwAUxbcJO8g_2026-08-11,0,UCvPGGL-OTEAQlwAUxbcJO8g,2026-08-11
UCEg24oF81p-THPtp3otdmTA_2026-08-11,0,UCEg24oF81p-THPtp3otdmTA,2026-08-11
UC-yb5eNBQyXBE9nZnht9u-g_2026-08-11,0,UC-yb5eNBQyXBE9nZnht9u-g,2026-08-11
UCCMQyaKDjQJY79VimTdaYYQ_2026-08-11,0,UCCMQyaKDjQJY79VimTdaYYQ,2026-08-11
UCO94iFhOhtdGb4Ze5DUAtbw_2026-08-11,0,UCO94iFhOhtdGb4Ze5DUAtbw,2026-08-11
UCQfd-b9GRBrUP0-wCqabLTA_2026-08-11,1,UCQfd-b9GRBrUP0-wCqabLTA,2026-08-11
UCWH9vqm4yM9MHiSUPTfdJYg_2026-08-11,0,UCWH9vqm4yM9MHiSUPTfdJYg,2026-08-11
UCDBAVzfX3yZ1hah0FHnOoaA_2026-08-11,0,UCDBAVzfX3yZ1hah0FHnOoaA,2026-08-11
UCD2YO_A_PVMgMDN9jpRrpVA_2026-08-11,0,UCD2YO_A_PVMgMDN9jpRrpVA,2026-08-11
UCDYAog4sNhwQ5pXtAZiT0Og_2026-08-11,1,UCDYAog4sNhwQ5pXtAZiT0Og,2026-08-11
UCXS55IczImEf64aU16NzKlg_2026-08-11,0,UCXS55IczImEf64aU16NzKlg,2026-08-11
UCab17MxxnFtAhGsJVTkSkCg_2026-08-11,1,UCab17MxxnFtAhGsJVTkSkCg,2026-08-11
UCQuY08EEKLFOp0D37Sfpd0A_2026-08-11,1,UCQuY08EEKLFOp0D37Sfpd0A,2026-08-11
UCeiDuGZqWT4iiIXRTfhM3qQ_2026-08-11,0,UCeiDuGZqWT4iiIXRTfhM3qQ,2026-08-11
UCdcjduaR6hyGHVNmpbJzSsw_2026-08-11,1,UCdcjduaR6hyGHVNmpbJzSsw,2026-08-11
UCBvKuSAkXERBnGSQOH0Sarw_2026-08-11,0,UCBvKuSAkXERBnGSQOH0Sarw,2026-08-11
UCdb5lyq0tWbY3jqH35SufmA_2026-08-11,0,UCdb5lyq0tWbY3jqH35SufmA,2026-08-11
UCaHIZAKows704_gk6bjdAog_2026-08-11,0,UCaHIZAKows704_gk6bjdAog,2026-08-11
UC5RxNUZ9_c94ZEfJGnJZmTw_2026-08-11,0,UC5RxNUZ9_c94ZEfJGnJZmTw,2026-08-11
UCb5NLtXAsTBrmaZVhyFa-Wg_2026-08-11,0,UCb5NLtXAsTBrmaZVhyFa-Wg,2026-08-11
UC7nIK3KpkhbGee5K_sVBscQ_2026-08-11,1,UC7nIK3KpkhbGee5K_sVBscQ,2026-08-11
UC7bcRlidTERRb_MKRHPVSnw_2026-08-11,0,UC7bcRlidTERRb_MKRHPVSnw,2026-08-11
UC4ncZM9bnBknxPkJbq4miHQ_2026-08-11,0,UC4ncZM9bnBknxPkJbq4miHQ,2026-08-11
UC3Oe-jfrIqEGygxYBYyN6jQ_2026-08-11,0,UC3Oe-jfrIqEGygxYBYyN6jQ,2026-08-11
UCBtJuwDt6LlXp2YASC-ZMdA_2026-08-11,1,UCBtJuwDt6LlXp2YASC-ZMdA,2026-08-11
UC3hCAmwyYNgRuOOSFV7evVA_2026-08-11,0,UC3hCAmwyYNgRuOOSFV7evVA,2026-08-11
UC3pTpoDKt17IrCDH60kSNPA_2026-08-11,1,UC3pTpoDKt17IrCDH60kSNPA,2026-08-11
UCkd3KAYGnTNPJZZrPOFeWhA_2026-08-11,0,UCkd3KAYGnTNPJZZrPOFeWhA,2026-08-11
UCtLWxhEMKOio-GzdVJ1CVhg_2026-08-11,0,UCtLWxhEMKOio-GzdVJ1CVhg,2026-08-11
UCkrNv6xF8j7QZmWb3UeAH8A_2026-08-11,0,UCkrNv6xF8j7QZmWb3UeAH8A,2026-08-11
UCraf4ugZTyvFY6AJ0VjIxFA_2026-08-11,0,UCraf4ugZTyvFY6AJ0VjIxFA,2026-08-11
UCsuanL5kXO29Uzz3MWlBsMQ_2026-08-11,0,UCsuanL5kXO29Uzz3MWlBsMQ,2026-08-11
UCtGMgPWJNU2Aj-SNK0zg0Sg_2026-08-11,0,UCtGMgPWJNU2Aj-SNK0zg0Sg,2026-08-11
UCrExV5uWnC3-WUnUN2Ck8HA_2026-08-11,1,UCrExV5uWnC3-WUnUN2Ck8HA,2026-08-11
UCqyzJW0VRYRP_sFELZYdxGg_2026-08-11,0,UCqyzJW0VRYRP_sFELZYdxGg,2026-08-11
UCQSEAbOs6vsJfy7WN7iYaGQ_2026-08-11,1,UCQSEAbOs6vsJfy7WN7iYaGQ,2026-08-11
UCQzgMwT5Q6x-Mtq65HRS_0Q_2026-08-11,1,UCQzgMwT5Q6x-Mtq65HRS_0Q,2026-08-11
UCZ6mNZTiTUrUSbSYPlclI4A_2026-08-11,1,UCZ6mNZTiTUrUSbSYPlclI4A,2026-08-11
UCfjMjhfjRRy8B0mfqbO_43w_2026-08-11,0,UCfjMjhfjRRy8B0mfqbO_43w,2026-08-11
UCfq-5-0b5Lzj7cKCrp6-flA_2026-08-11,1,UCfq-5-0b5Lzj7cKCrp6-flA,2026-08-11
UCgLFbrC7-g0ihBKB0obVPTg_2026-08-11,0,UCgLFbrC7-g0ihBKB0obVPTg,2026-08-11
UC9vz3TBChrJmYbzUo-rqfSg_2026-08-11,0,UC9vz3TBChrJmYbzUo-rqfSg,2026-08-11
UCSh__r5HS4Y1xBkccWnV0TA_2026-08-11,0,UCSh__r5HS4Y1xBkccWnV0TA,2026-08-11
UCS-X1uBDTNwAYyydiXjcX9A_2026-08-11,1,UCS-X1uBDTNwAYyydiXjcX9A,2026-08-11
UCSl8TBqqflby-ymdEQVfRNQ_2026-08-11,0,UCSl8TBqqflby-ymdEQVfRNQ,2026-08-11
UCOgXOOKbZRtfQvlggBpN6zw_2026-08-11,0,UCOgXOOKbZRtfQvlggBpN6zw,2026-08-11
UCPuD5ZRQWa_JCaY5NokNhtg_2026-08-11,0,UCPuD5ZRQWa_JCaY5NokNhtg,2026-08-11
UCcum1rCJ5GJeQ_xv0xrohqg_2026-08-11,1,UCcum1rCJ5GJeQ_xv0xrohqg,2026-08-11
UCZNTsLA6t6bRoj-5QRmqt_w_2026-08-11,0,UCZNTsLA6t6bRoj-5QRmqt_w,2026-08-11
UC_RRZdJk55ShXE-9d3deRUA_2026-08-11,0,UC_RRZdJk55ShXE-9d3deRUA,2026-08-11
UCPN9TrChCye1s97iEUOsIeA_2026-08-11,0,UCPN9TrChCye1s97iEUOsIeA,2026-08-11
UCcstDLbuhxEbFKkPZ6wST2A_2026-08-11,0,UCcstDLbuhxEbFKkPZ6wST2A,2026-08-11
UCBo7GIv99qTzHaa6ip09YLA_2026-08-11,1,UCBo7GIv99qTzHaa6ip09YLA,2026-08-11
UCTmniSiCVyG_UKVCEa9PNKA_2026-08-11,1,UCTmniSiCVyG_UKVCEa9PNKA,2026-08-11
UCdQHEqTxcFzjFCrq0o4V7dg_2026-08-11,0,UCdQHEqTxcFzjFCrq0o4V7dg,2026-08-11
UCamHctB9_ZaFO9vZElnl_Yw_2026-08-11,1,UCamHctB9_ZaFO9vZElnl_Yw,2026-08-11
UCa4clnMsHg6uJPpxKbxCEmA_2026-08-11,0,UCa4clnMsHg6uJPpxKbxCEmA,2026-08-11
UCarBV0zWlC2k-HteyeKqfag_2026-08-11,1,UCarBV0zWlC2k-HteyeKqfag,2026-08-11
UC3RzmV2LX3AmWhZVx0A7u0A_2026-08-11,0,UC3RzmV2LX3AmWhZVx0A7u0A,2026-08-11
UCeBa5aBvHvly34S0Uk9Wqig_2026-08-11,0,UCeBa5aBvHvly34S0Uk9Wqig,2026-08-11
UCaY7wcqhFb_c2eQ1eRB8rOQ_2026-08-11,0,UCaY7wcqhFb_c2eQ1eRB8rOQ,2026-08-11
UCaj7p2XHGqfBYb2OI-7Q2DA_2026-08-11,0,UCaj7p2XHGqfBYb2OI-7Q2DA,2026-08-11
UCuFguUhr9Wr0tFY85nDGk9w_2026-08-11,0,UCuFguUhr9Wr0tFY85nDGk9w,2026-08-11
UCDLDbittWhk2KXvaCT0YpZQ_2026-08-11,0,UCDLDbittWhk2KXvaCT0YpZQ,2026-08-11
UCD8r5Jgns2V64-NcUmXclpg_2026-08-11,0,UCD8r5Jgns2V64-NcUmXclpg,2026-08-11
UCtUHgx7SA_eZFssVODDh82A_2026-08-11,0,UCtUHgx7SA_eZFssVODDh82A,2026-08-11
UCmcBe97VA2LqVEQUeeZl6Ew_2026-08-11,0,UCmcBe97VA2LqVEQUeeZl6Ew,2026-08-11
UCEcRvF_6IRSux8FO-ogFZug_2026-08-11,0,UCEcRvF_6IRSux8FO-ogFZug,2026-08-11
UCGW76VChAJKee9kYzvyoycQ_2026-08-11,1,UCGW76VChAJKee9kYzvyoycQ,2026-08-11
UC5WN-znPsJK0BbA8aHxZHWQ_2026-08-11,0,UC5WN-znPsJK0BbA8aHxZHWQ,2026-08-11
UCaova9Q4UZLPqFnSvq8VxzA_2026-08-11,0,UCaova9Q4UZLPqFnSvq8VxzA,2026-08-11
UCaN3tSrrzIrXSDonEe7LK9A_2026-08-11,0,UCaN3tSrrzIrXSDonEe7LK9A,2026-08-11
UCHCeN9BUgogMGrHBC6zKYvA_2026-08-11,0,UCHCeN9BUgogMGrHBC6zKYvA,2026-08-11
UC6JTm9ObvQFuTEOxOsbmYwA_2026-08-11,1,UC6JTm9ObvQFuTEOxOsbmYwA,2026-08-11
UC7hwQp3F6P_OwyRM14p88iQ_2026-08-11,0,UC7hwQp3F6P_OwyRM14p88iQ,2026-08-11
UC7wtTnMorJi_d93lb_P2Xow_2026-08-11,1,UC7wtTnMorJi_d93lb_P2Xow,2026-08-11
UCqPN9LAkx20aBWOafwvQB-Q_2026-08-11,0,UCqPN9LAkx20aBWOafwvQB-Q,2026-08-11
UCnMshUhBxDsKFPnxBGmGEpg_2026-08-11,1,UCnMshUhBxDsKFPnxBGmGEpg,2026-08-11
UCnju7ULBic4VgkCfDvVXCnA_2026-08-11,0,UCnju7ULBic4VgkCfDvVXCnA,2026-08-11
UCIsrVj53L57rcLAPOre4Xhg_2026-08-11,0,UCIsrVj53L57rcLAPOre4Xhg,2026-08-11
UCHbz27HAkCIQNw_G2Pa7XVg_2026-08-11,0,UCHbz27HAkCIQNw_G2Pa7XVg,2026-08-11
UC86GXx7Ap-Cahlb0r0xT-ZQ_2026-08-11,0,UC86GXx7Ap-Cahlb0r0xT-ZQ,2026-08-11
UCqVkQsNin4MdGFrWvzFVOKw_2026-08-11,0,UCqVkQsNin4MdGFrWvzFVOKw,2026-08-11
UCp6n8d8Y8r3MwKNw_MMaouQ_2026-08-11,0,UCp6n8d8Y8r3MwKNw_MMaouQ,2026-08-11
UCta3D5-EYqO-pduQLxQ8mNQ_2026-08-11,0,UCta3D5-EYqO-pduQLxQ8mNQ,2026-08-11
UCqjUPx-UAFHVvthd71bY7_g_2026-08-11,0,UCqjUPx-UAFHVvthd71bY7_g,2026-08-11
UCAenntxQB3F7AH637vySglg_2026-08-11,0,UCAenntxQB3F7AH637vySglg,2026-08-11
UCATlfGN7EDjXS_2ofklb3bw_2026-08-11,0,UCATlfGN7EDjXS_2ofklb3bw,2026-08-11
UCvagJYsZ_uvB3jJoNwuimZQ_2026-08-11,0,UCvagJYsZ_uvB3jJoNwuimZQ,2026-08-11
UCuZ862fZel1gq9RAf_OkvqA_2026-08-11,0,UCuZ862fZel1gq9RAf_OkvqA,2026-08-11
UCrxzkAOXEbflxcTbRYnCoTw_2026-08-11,0,UCrxzkAOXEbflxcTbRYnCoTw,2026-08-11
UCk3w4CQ_SlLH4V0-V6WjFZg_2026-08-11,0,UCk3w4CQ_SlLH4V0-V6WjFZg,2026-08-11
UClHTjLVog7CkRF8tYJuNXXQ_2026-08-11,0,UClHTjLVog7CkRF8tYJuNXXQ,2026-08-11
UC_O4_e0nbsMoU1rg7JU_nwQ_2026-08-11,0,UC_O4_e0nbsMoU1rg7JU_nwQ,2026-08-11
UCeB_ZeSo0xDL62wWlkTEtjA_2026-08-11,0,UCeB_ZeSo0xDL62wWlkTEtjA,2026-08-11
UCeRn_02zEifLqXxZkTpiXzA_2026-08-11,0,UCeRn_02zEifLqXxZkTpiXzA,2026-08-11
UCgO8sNnksVuKcuTVTQKSK3A_2026-08-11,0,UCgO8sNnksVuKcuTVTQKSK3A,2026-08-11
UCOaUTqrtz1yBBiwziVJEAmQ_2026-08-11,0,UCOaUTqrtz1yBBiwziVJEAmQ,2026-08-11
UCfcfymsN3OMo2cfmbpGTanw_2026-08-11,0,UCfcfymsN3OMo2cfmbpGTanw,2026-08-11
UCZPBWThSlgWT0DVaxxUEX4A_2026-08-11,0,UCZPBWThSlgWT0DVaxxUEX4A,2026-08-11
UCTVkjiEiaiSbEq0Qwd5XTPA_2026-08-11,0,UCTVkjiEiaiSbEq0Qwd5XTPA,2026-08-11
UCAEQiQ4Mg6fFkPshBMhPaxw_2026-08-11,0,UCAEQiQ4Mg6fFkPshBMhPaxw,2026-08-11
UCcJliZnsRbNw4I4uWSGq_wA_2026-08-11,1,UCcJliZnsRbNw4I4uWSGq_wA,2026-08-11
UCd6CX2LiQE2dEAPXwk2N0jg_2026-08-11,0,UCd6CX2LiQE2dEAPXwk2N0jg,2026-08-11
UCAaLhok91QDrweyuDRsmjqQ_2026-08-11,0,UCAaLhok91QDrweyuDRsmjqQ,2026-08-11
UCg80LjrsnWo0T3T3uYCPhrQ_2026-08-11,0,UCg80LjrsnWo0T3T3uYCPhrQ,2026-08-11
UCGi94VU356EAvQLgODywyrA_2026-08-11,0,UCGi94VU356EAvQLgODywyrA,2026-08-11
UCHK-FRuAjk8g798dD7L7xqA_2026-08-11,0,UCHK-FRuAjk8g798dD7L7xqA,2026-08-11
UCH29Gz8a6veRLqUxzjBXHrQ_2026-08-11,0,UCH29Gz8a6veRLqUxzjBXHrQ,2026-08-11
UC9zmo9x1o7xAfgM1Fw3Dg4g_2026-08-11,0,UC9zmo9x1o7xAfgM1Fw3Dg4g,2026-08-11
UCA9f2-9fUklMMOaz8vKW7Jw_2026-08-11,1,UCA9f2-9fUklMMOaz8vKW7Jw,2026-08-11
UCcJ_oPUSkS_h96_PuizxMGA_2026-08-11,0,UCcJ_oPUSkS_h96_PuizxMGA,2026-08-11
UCcHVk5SFxfYhCbbX8pWWuVg_2026-08-11,0,UCcHVk5SFxfYhCbbX8pWWuVg,2026-08-11
UCc1VJX_5Z2RdGi58XU4IfbA_2026-08-11,0,UCc1VJX_5Z2RdGi58XU4IfbA,2026-08-11
UCifCesg-EUkjKyQedaB3hRg_2026-08-11,0,UCifCesg-EUkjKyQedaB3hRg,2026-08-11
UCJDXc9JWCZo-nLNKr_-L2Ng_2026-08-11,0,UCJDXc9JWCZo-nLNKr_-L2Ng,2026-08-11
UCXCa03lRK6tlntZoJ7TUWRw_2026-08-11,0,UCXCa03lRK6tlntZoJ7TUWRw,2026-08-11
UCYJ0Ucu9jPX5kn6SeDcNaIQ_2026-08-11,0,UCYJ0Ucu9jPX5kn6SeDcNaIQ,2026-08-11
UCS7gEaMmBPAaI8dHNnrSofg_2026-08-11,0,UCS7gEaMmBPAaI8dHNnrSofg,2026-08-11
UCYTQCmuFcacJJ_Tad20qqEw_2026-08-11,0,UCYTQCmuFcacJJ_Tad20qqEw,2026-08-11
UChHxLcNi7e0zu-e33HM6v6A_2026-08-11,0,UChHxLcNi7e0zu-e33HM6v6A,2026-08-11
UCjSNmS8qcD1jEdQhU5h-zKQ_2026-08-11,1,UCjSNmS8qcD1jEdQhU5h-zKQ,2026-08-11
UCwBkHOTyu57NQi0syf5MLig_2026-08-11,1,UCwBkHOTyu57NQi0syf5MLig,2026-08-11
UC24GgPBq5W3v34z0p0uk1Ow_2026-08-11,1,UC24GgPBq5W3v34z0p0uk1Ow,2026-08-11
UCikKJvpU0Ylua4hRW6faQRg_2026-08-11,0,UCikKJvpU0Ylua4hRW6faQRg,2026-08-11
UCwfbSsZ7_sccxcibe60mWlQ_2026-08-11,0,UCwfbSsZ7_sccxcibe60mWlQ,2026-08-11
UCXQoI3upwKr47JAiVaYkvIw_2026-08-11,0,UCXQoI3upwKr47JAiVaYkvIw,2026-08-11
UC0aKwoKNeqBaUwiEXmkQaGQ_2026-08-11,0,UC0aKwoKNeqBaUwiEXmkQaGQ,2026-08-11
UCXqP0RsJo6-y-MrKz6k8H-g_2026-08-11,1,UCXqP0RsJo6-y-MrKz6k8H-g,2026-08-11
UCJmnOEp1-OITEU0mk4icM5A_2026-08-11,1,UCJmnOEp1-OITEU0mk4icM5A,2026-08-11
UCL2ZLyAV0H9Pvi46W7TGdHQ_2026-08-11,0,UCL2ZLyAV0H9Pvi46W7TGdHQ,2026-08-11
UCNNR1-x2NhZARsNGnQlh2sQ_2026-08-11,0,UCNNR1-x2NhZARsNGnQlh2sQ,2026-08-11
UCKrprPfevcAZpPuRnCO6xOA_2026-08-11,0,UCKrprPfevcAZpPuRnCO6xOA,2026-08-11
UCxpXguPL_B5pz7Gq8ozfwlA_2026-08-11,0,UCxpXguPL_B5pz7Gq8ozfwlA,2026-08-11
UCL3ooD3l7KEqb85EBZSEkZQ_2026-08-11,0,UCL3ooD3l7KEqb85EBZSEkZQ,2026-08-11
UCJzfS-WmieHog0H2OQoXkeQ_2026-08-11,0,UCJzfS-WmieHog0H2OQoXkeQ,2026-08-11
UCMAfHuocszM6UTORPwUmeNw_2026-08-11,0,UCMAfHuocszM6UTORPwUmeNw,2026-08-11
UCz5UFGucIyJGH0nf_8d0ghA_2026-08-11,0,UCz5UFGucIyJGH0nf_8d0ghA,2026-08-11
UCtjBNJ4UbuWGLe-415urMOw_2026-08-11,0,UCtjBNJ4UbuWGLe-415urMOw,2026-08-11
UCy8OX8RrstkjRrnM5hND_ug_2026-08-11,0,UCy8OX8RrstkjRrnM5hND_ug,2026-08-11
UCzT9VqGDsCxleSmXzJ80hBQ_2026-08-11,0,UCzT9VqGDsCxleSmXzJ80hBQ,2026-08-11
UCuWcjpKbIDAbZfHoru1toFg_2026-08-11,0,UCuWcjpKbIDAbZfHoru1toFg,2026-08-11
UCn3lLusvOTVdtxZi0EHlSTw_2026-08-11,0,UCn3lLusvOTVdtxZi0EHlSTw,2026-08-11
UCoovEJW0dyTWwHiblWDWvyQ_2026-08-11,0,UCoovEJW0dyTWwHiblWDWvyQ,2026-08-11
UCcgkgKhXT6QwdGj9Nr8PBcg_2026-08-11,1,UCcgkgKhXT6QwdGj9Nr8PBcg,2026-08-11
UCIzbqIyEUxtFLYh_sCDoXpw_2026-08-11,1,UCIzbqIyEUxtFLYh_sCDoXpw,2026-08-11
UCJENagCOfjMxdQUDxO4kq2Q_2026-08-11,0,UCJENagCOfjMxdQUDxO4kq2Q,2026-08-11
UC2f8VfmEF2_0-rFN4RNHaNg_2026-08-11,0,UC2f8VfmEF2_0-rFN4RNHaNg,2026-08-11
UCKUUL3fMVvYVZdGkKhhjP0A_2026-08-11,0,UCKUUL3fMVvYVZdGkKhhjP0A,2026-08-11
UChKYbZ9fSz8DMM6wU-t1lMQ_2026-08-11,0,UChKYbZ9fSz8DMM6wU-t1lMQ,2026-08-11
UC0PMQXAwF6O6aeTpv962miA_2026-08-11,1,UC0PMQXAwF6O6aeTpv962miA,2026-08-11
UCiVO_mThS9B3tNc_kzpn-3g_2026-08-11,0,UCiVO_mThS9B3tNc_kzpn-3g,2026-08-11
UC-S8JFhLkQ5enhB70c2CYIw_2026-08-11,0,UC-S8JFhLkQ5enhB70c2CYIw,2026-08-11
UCjBPx2oip2bKnnfqKyas0ew_2026-08-11,0,UCjBPx2oip2bKnnfqKyas0ew,2026-08-11
UCzSODDx0zQF3nxXOZISCm_w_2026-08-11,1,UCzSODDx0zQF3nxXOZISCm_w,2026-08-11
UC0tmAwhgk_1ATJtFyVHrFxg_2026-08-11,0,UC0tmAwhgk_1ATJtFyVHrFxg,2026-08-11
UC1Il94cQwl93Zun8ax1Qjlw_2026-08-11,1,UC1Il94cQwl93Zun8ax1Qjlw,2026-08-11
UCjUnlBpn0Z1L450g79fniRg_2026-08-11,0,UCjUnlBpn0Z1L450g79fniRg,2026-08-11
UCJJZkVUNIxq8XNDzHiAD-eQ_2026-08-11,0,UCJJZkVUNIxq8XNDzHiAD-eQ,2026-08-11
UCzDyC6JMEXEufozffWzI9Mg_2026-08-11,0,UCzDyC6JMEXEufozffWzI9Mg,2026-08-11
UCT807kAu6fmwES8B5698e2w_2026-08-11,0,UCT807kAu6fmwES8B5698e2w,2026-08-11
UCNymqCXr3sxL8dnmO_jScuA_2026-08-11,0,UCNymqCXr3sxL8dnmO_jScuA,2026-08-11
UCKHx_yf3dI2ajWAjXRJ_9Rw_2026-08-11,0,UCKHx_yf3dI2ajWAjXRJ_9Rw,2026-08-11
UCKiCT33Gmj3mlJ5xh-9ZUqw_2026-08-11,0,UCKiCT33Gmj3mlJ5xh-9ZUqw,2026-08-11
UCz4b1O9sT73P8DWwx6OvQwg_2026-08-11,1,UCz4b1O9sT73P8DWwx6OvQwg,2026-08-11
UCzps05UZ7XpX3SFoFyYIDow_2026-08-11,0,UCzps05UZ7XpX3SFoFyYIDow,2026-08-11
UC-aXNBQ6nwMNeW2V8XB7sBg_2026-08-11,0,UC-aXNBQ6nwMNeW2V8XB7sBg,2026-08-11
UCULRVjf5z_WoR106msn8HoA_2026-08-11,1,UCULRVjf5z_WoR106msn8HoA,2026-08-11
UC2t5bjwHdUX4vM2g8TRDq5g_2026-08-11,1,UC2t5bjwHdUX4vM2g8TRDq5g,2026-08-11
UCjsqgRBvkn8XadWraSQxTKQ_2026-08-11,1,UCjsqgRBvkn8XadWraSQxTKQ,2026-08-11
UCYJDUekoQz0-bo8al1diLWQ_2026-08-11,0,UCYJDUekoQz0-bo8al1diLWQ,2026-08-11
UCWjfI3wnNOgQCTu2SijfgMg_2026-08-11,0,UCWjfI3wnNOgQCTu2SijfgMg,2026-08-11
UCK1aVlIbEBrdhv-gbSgGIkQ_2026-08-11,1,UCK1aVlIbEBrdhv-gbSgGIkQ,2026-08-11
UCVey3Q_CodrHAWBonTGbHFg_2026-08-11,0,UCVey3Q_CodrHAWBonTGbHFg,2026-08-11
UCYG8tuvbQzWsDeoADyJFU8Q_2026-08-11,0,UCYG8tuvbQzWsDeoADyJFU8Q,2026-08-11
UCPPuXI31ybWYB560T2uAeMg_2026-08-11,0,UCPPuXI31ybWYB560T2uAeMg,2026-08-11
UCMgTCM5mGx3y4Hg0aMOXrbw_2026-08-11,0,UCMgTCM5mGx3y4Hg0aMOXrbw,2026-08-11
UCM81CAJ2_Y42-bvK1OQnAAA_2026-08-11,0,UCM81CAJ2_Y42-bvK1OQnAAA,2026-08-11
UC7wosSPUA3os3b3-RMZZe6g_2026-08-11,1,UC7wosSPUA3os3b3-RMZZe6g,2026-08-11
UCC1veMJY2wElX0lpYOoNB1Q_2026-08-11,0,UCC1veMJY2wElX0lpYOoNB1Q,2026-08-11
UC46X_E7jxvJ1O_3gnaeCxeg_2026-08-11,0,UC46X_E7jxvJ1O_3gnaeCxeg,2026-08-11
UCktXAh1Sd7wf8eQHc029-8g_2026-08-11,1,UCktXAh1Sd7wf8eQHc029-8g,2026-08-11
UCkmUJzaZfP7Wsb5-89pAK4Q_2026-08-11,0,UCkmUJzaZfP7Wsb5-89pAK4Q,2026-08-11
UCkpKYfb8wM67QnKxBj9bZXA_2026-08-11,0,UCkpKYfb8wM67QnKxBj9bZXA,2026-08-11
UCklDsqQMGPYIMpIhQ5Jz6jA_2026-08-11,0,UCklDsqQMGPYIMpIhQ5Jz6jA,2026-08-11
UCIQEX0V3QxP-tY_jpRT-waQ_2026-08-11,0,UCIQEX0V3QxP-tY_jpRT-waQ,2026-08-11
UCFvdXoI9LTADYG07s4pMnhg_2026-08-11,0,UCFvdXoI9LTADYG07s4pMnhg,2026-08-11
UCI4wEWWBEElIbp9jHcFllTw_2026-08-11,1,UCI4wEWWBEElIbp9jHcFllTw,2026-08-11
UCIXQkaLrM7_t87SEM_pmHpA_2026-08-11,0,UCIXQkaLrM7_t87SEM_pmHpA,2026-08-11
UCgeazIBHz3JS7ft7_nyj-0A_2026-08-11,0,UCgeazIBHz3JS7ft7_nyj-0A,2026-08-11
UCw55Gv3z7xgtG34fOP1-Aiw_2026-08-11,1,UCw55Gv3z7xgtG34fOP1-Aiw,2026-08-11
UCHoo90P0hvh2rrbGvX53G0A_2026-08-11,0,UCHoo90P0hvh2rrbGvX53G0A,2026-08-11
UC00raQBBBGagQthJ01ZYIIQ_2026-08-11,0,UC00raQBBBGagQthJ01ZYIIQ,2026-08-11
UCyZXLzORHoh9QMwA7IwS0pA_2026-08-11,0,UCyZXLzORHoh9QMwA7IwS0pA,2026-08-11
UCnDcpS7XLQ9KFPqULb9TH8g_2026-08-11,0,UCnDcpS7XLQ9KFPqULb9TH8g,2026-08-11
UCBkvEgeJ3_UMwbW7VCxzs8g_2026-08-11,0,UCBkvEgeJ3_UMwbW7VCxzs8g,2026-08-11
UCwlUB3goOsh4tpqZKIzUAbA_2026-08-11,0,UCwlUB3goOsh4tpqZKIzUAbA,2026-08-11
UCms8Ge7H1ZGgw6nV94fUhUQ_2026-08-11,1,UCms8Ge7H1ZGgw6nV94fUhUQ,2026-08-11
UC0wo7SwsC5dE0nSgBs2M-3A_2026-08-11,1,UC0wo7SwsC5dE0nSgBs2M-3A,2026-08-11
UCJj2vuQIpFnk5pbTAtCi3yw_2026-08-11,0,UCJj2vuQIpFnk5pbTAtCi3yw,2026-08-11
UCzHnjIeMxo1gViogzN9xMLw_2026-08-11,0,UCzHnjIeMxo1gViogzN9xMLw,2026-08-11
UCvrxJgD0T_TFvgsO2nA-fDQ_2026-08-11,0,UCvrxJgD0T_TFvgsO2nA-fDQ,2026-08-11
UCzVXdulvpgEoI8yuFMmhxJw_2026-08-11,1,UCzVXdulvpgEoI8yuFMmhxJw,2026-08-11
UC1p5kp09LAS3kpQB3O8YQJw_2026-08-11,0,UC1p5kp09LAS3kpQB3O8YQJw,2026-08-11
UCW1FuNP_2X03y7H0HIujOTA_2026-08-11,0,UCW1FuNP_2X03y7H0HIujOTA,2026-08-11
UCA2ztZuXhSktpdxb419WvCQ_2026-08-11,0,UCA2ztZuXhSktpdxb419WvCQ,2026-08-11
UCvsw3aXHnikw3MVGSwOICxA_2026-08-11,1,UCvsw3aXHnikw3MVGSwOICxA,2026-08-11
UCnCeDIkExSpULGqmpj5oafg_2026-08-11,1,UCnCeDIkExSpULGqmpj5oafg,2026-08-11
UCe-7GwWL1XNlCJyfqBhgrHA_2026-08-11,0,UCe-7GwWL1XNlCJyfqBhgrHA,2026-08-11
UCMZFHqDjg1IE5kzm9fZBOFw_2026-08-11,0,UCMZFHqDjg1IE5kzm9fZBOFw,2026-08-11
UCDmmbxGg8g-EBkC_ku6vybg_2026-08-11,0,UCDmmbxGg8g-EBkC_ku6vybg,2026-08-11
UCmvMUe1GqpZFkj1e-V532LA_2026-08-11,1,UCmvMUe1GqpZFkj1e-V532LA,2026-08-11
UCaZv-jDn5Mq5KJ1buXDRd4w_2026-08-11,0,UCaZv-jDn5Mq5KJ1buXDRd4w,2026-08-11
UCR0aLp4aIvxS07g6rGWZr_g_2026-08-11,0,UCR0aLp4aIvxS07g6rGWZr_g,2026-08-11
UC-StHq1pWM-t4XS9ycZpn9w_2026-08-11,0,UC-StHq1pWM-t4XS9ycZpn9w,2026-08-11
UCHXhFmex5EkUy-fP2IMQ_Ug_2026-08-11,1,UCHXhFmex5EkUy-fP2IMQ_Ug,2026-08-11
UCFiHjGyrJux8Rt4e6mUPU-w_2026-08-11,0,UCFiHjGyrJux8Rt4e6mUPU-w,2026-08-11
UCh7XUfZEEV3pct5zDjx6OZA_2026-08-11,1,UCh7XUfZEEV3pct5zDjx6OZA,2026-08-11
UC9M8GGVwPqc9ubNruArCNPg_2026-08-11,1,UC9M8GGVwPqc9ubNruArCNPg,2026-08-11
UC2IYsRiATGe71sLIOlSXGuw_2026-08-11,1,UC2IYsRiATGe71sLIOlSXGuw,2026-08-11
UC2WBkFH1nHcO6aFLWo6sZQg_2026-08-11,0,UC2WBkFH1nHcO6aFLWo6sZQg,2026-08-11
UCSTIgFSMRyUgrobBoCVAGmw_2026-08-11,0,UCSTIgFSMRyUgrobBoCVAGmw,2026-08-11
UCww3MeqGQnIatVvEr3pSjhA_2026-08-11,0,UCww3MeqGQnIatVvEr3pSjhA,2026-08-11
UCZuT6NXrfZzYbqCG_RWgSgA_2026-08-11,0,UCZuT6NXrfZzYbqCG_RWgSgA,2026-08-11
UCdZrsVZ3QolU1TWFaDgN2ww_2026-08-11,1,UCdZrsVZ3QolU1TWFaDgN2ww,2026-08-11
UC2YA1b6qKO2YteKYFuMiYPg_2026-08-11,0,UC2YA1b6qKO2YteKYFuMiYPg,2026-08-11
UC0E_zsPAziGgkxaAtwvmFAA_2026-08-11,0,UC0E_zsPAziGgkxaAtwvmFAA,2026-08-11
UCEjXNNB9IKEa4HfLQVt8VEg_2026-08-11,0,UCEjXNNB9IKEa4HfLQVt8VEg,2026-08-11
UC4VWaR3R17Ruc7j1Cy1-PKQ_2026-08-11,0,UC4VWaR3R17Ruc7j1Cy1-PKQ,2026-08-11
UC3ozN5tHi449NhCDE6Xtmwg_2026-08-11,1,UC3ozN5tHi449NhCDE6Xtmwg,2026-08-11
UC3gl4CHfNtAqNjju1goB0_w_2026-08-11,0,UC3gl4CHfNtAqNjju1goB0_w,2026-08-11
UC3_QWAvQRhPW4CDoQU8acKw_2026-08-11,0,UC3_QWAvQRhPW4CDoQU8acKw,2026-08-11
UCAJ-meoCh1TrPZ7La3UpPrw_2026-08-11,0,UCAJ-meoCh1TrPZ7La3UpPrw,2026-08-11
UCpcTrCXblq78GZrTUTLWeBw_2026-08-11,0,UCpcTrCXblq78GZrTUTLWeBw,2026-08-11
UCqI5lyTpC79pOy2D-VXAMdA_2026-08-11,0,UCqI5lyTpC79pOy2D-VXAMdA,2026-08-11
UCPI40-XQA9-GBGj2k8PPqfg_2026-08-11,0,UCPI40-XQA9-GBGj2k8PPqfg,2026-08-11
UC8FErYSi74YwGUAoTpjvgzQ_2026-08-11,0,UC8FErYSi74YwGUAoTpjvgzQ,2026-08-11
UCpX86JOUhnrzG7MK8e8Gjbw_2026-08-11,0,UCpX86JOUhnrzG7MK8e8Gjbw,2026-08-11
UCAtGPbK4AWmeoaREsNLLZhg_2026-08-11,0,UCAtGPbK4AWmeoaREsNLLZhg,2026-08-11
UC8rbhIem-3aAsNXhTDI-nSA_2026-08-11,0,UC8rbhIem-3aAsNXhTDI-nSA,2026-08-11
UCBY9rOZPo0fLE45mOV0s0cw_2026-08-11,0,UCBY9rOZPo0fLE45mOV0s0cw,2026-08-11
UCS3_H_feQRm4QbXipKTvSrw_2026-08-11,0,UCS3_H_feQRm4QbXipKTvSrw,2026-08-11
UCVZI7eLie2UlZph6aiBRNrw_2026-08-11,1,UCVZI7eLie2UlZph6aiBRNrw,2026-08-11
UCnV5tUnOVGyT-Ncj0s0tPTw_2026-08-11,1,UCnV5tUnOVGyT-Ncj0s0tPTw,2026-08-11
UC8CIM3d3zDYMk-3T5aAz0yw_2026-08-11,0,UC8CIM3d3zDYMk-3T5aAz0yw,2026-08-11
UC8CZL4cvFiKwKKDNCuM2lTA_2026-08-11,1,UC8CZL4cvFiKwKKDNCuM2lTA,2026-08-11
UCo33r3SAf5z9MS-lrXV2aOQ_2026-08-11,0,UCo33r3SAf5z9MS-lrXV2aOQ,2026-08-11
UCoSniqkitCpxlHrQd5L8A1w_2026-08-11,0,UCoSniqkitCpxlHrQd5L8A1w,2026-08-11
UC9jOsXFn3RwXEW3qUyySjAQ_2026-08-11,0,UC9jOsXFn3RwXEW3qUyySjAQ,2026-08-11
UCBA9XaL5wCdHnC5EmEzwrqw_2026-08-11,0,UCBA9XaL5wCdHnC5EmEzwrqw,2026-08-11
UCpCBP5cVIBvezPI1LKFMYjA_2026-08-11,1,UCpCBP5cVIBvezPI1LKFMYjA,2026-08-11
UCt8CJiye87FMbEwt0npPMuQ_2026-08-11,1,UCt8CJiye87FMbEwt0npPMuQ,2026-08-11
UCAl4HWznMn7KhKBRFO5eiFA_2026-08-11,0,UCAl4HWznMn7KhKBRFO5eiFA,2026-08-11
UCYooECrv-fIXlPaDwEIaveA_2026-08-11,0,UCYooECrv-fIXlPaDwEIaveA,2026-08-11
UCvAetSOU_4lyjM5hVMNzN0Q_2026-08-11,0,UCvAetSOU_4lyjM5hVMNzN0Q,2026-08-11
UCtt0Hg9MhraTkzWwNQpplHg_2026-08-11,0,UCtt0Hg9MhraTkzWwNQpplHg,2026-08-11
UCrR_fhiJjoW8OJFzUcmlMMA_2026-08-11,0,UCrR_fhiJjoW8OJFzUcmlMMA,2026-08-11
UCuwnt_REmD4YsCtFJRoqjFw_2026-08-11,0,UCuwnt_REmD4YsCtFJRoqjFw,2026-08-11
UCrKSaegnzewdj9-YLsUhoZw_2026-08-11,0,UCrKSaegnzewdj9-YLsUhoZw,2026-08-11
UCabScupufwcOzAdcVXZrmlg_2026-08-11,0,UCabScupufwcOzAdcVXZrmlg,2026-08-11
UCYsRymb9vAsOOLBy-Wo1kRg_2026-08-11,0,UCYsRymb9vAsOOLBy-Wo1kRg,2026-08-11
UCZRH94I89Ps7giJYeK6DlWA_2026-08-11,0,UCZRH94I89Ps7giJYeK6DlWA,2026-08-11
UC3DYSay178fMMPaf3zHwECA_2026-08-11,0,UC3DYSay178fMMPaf3zHwECA,2026-08-11
UCDbOXmGL7EkmOcnUb5Kki4A_2026-08-11,1,UCDbOXmGL7EkmOcnUb5Kki4A,2026-08-11
UC08-hQbwh7eyr8PlaYG2-sQ_2026-08-11,0,UC08-hQbwh7eyr8PlaYG2-sQ,2026-08-11
UC-8S20Ll1gzPiu_YY8BgyaQ_2026-08-11,0,UC-8S20Ll1gzPiu_YY8BgyaQ,2026-08-11
UC1dG3vI9FfHnH3YgyeKUz_A_2026-08-11,0,UC1dG3vI9FfHnH3YgyeKUz_A,2026-08-11
UC2NFRq9s2neD_Ml0tPhNC2Q_2026-08-11,0,UC2NFRq9s2neD_Ml0tPhNC2Q,2026-08-11
UCI6Ro_MOr36re4Bhb7nCY7g_2026-08-11,0,UCI6Ro_MOr36re4Bhb7nCY7g,2026-08-11
UC6JB_a6rD1lZ_aZgQvORfrQ_2026-08-11,0,UC6JB_a6rD1lZ_aZgQvORfrQ,2026-08-11
UCKVt3arMXfa6XZezR1UnjqQ_2026-08-11,0,UCKVt3arMXfa6XZezR1UnjqQ,2026-08-11
UCTK7GGeH0c9INAEnV2EfD0Q_2026-08-11,0,UCTK7GGeH0c9INAEnV2EfD0Q,2026-08-11
UC3hqiw3lZAXaMwhQvMGZkdw_2026-08-11,0,UC3hqiw3lZAXaMwhQvMGZkdw,2026-08-11
UCvUKUkIM67eWFbQemjj2-eA_2026-08-11,0,UCvUKUkIM67eWFbQemjj2-eA,2026-08-11
UCzRPPKLkNxjD2of-0Xxfnjw_2026-08-11,0,UCzRPPKLkNxjD2of-0Xxfnjw,2026-08-11
UCw-JzmPsjRcbzJLncr4pIIA_2026-08-11,0,UCw-JzmPsjRcbzJLncr4pIIA,2026-08-11
UCXAXCxTCCYYKsLJNzEvjqfw_2026-08-11,1,UCXAXCxTCCYYKsLJNzEvjqfw,2026-08-11
UC699Y51pMl0wWLPA4atcZjQ_2026-08-11,0,UC699Y51pMl0wWLPA4atcZjQ,2026-08-11
UCyAA-Vj4ORjXl5Ui2m6_Llw_2026-08-11,0,UCyAA-Vj4ORjXl5Ui2m6_Llw,2026-08-11
UCzDmGDR5RdahQkLCBoWlTEg_2026-08-11,0,UCzDmGDR5RdahQkLCBoWlTEg,2026-08-11
UCJYdIDfGkqXTsQq5aW4md0Q_2026-08-11,0,UCJYdIDfGkqXTsQq5aW4md0Q,2026-08-11
UCNu00qhYj4nPeMNdxuwV6sg_2026-08-11,0,UCNu00qhYj4nPeMNdxuwV6sg,2026-08-11
UCPJGXrPIVKBR8PJY7w33WZw_2026-08-11,0,UCPJGXrPIVKBR8PJY7w33WZw,2026-08-11
UCmiTZyj9GwMjyznZxrgCH4Q_2026-08-11,0,UCmiTZyj9GwMjyznZxrgCH4Q,2026-08-11
UCaMV-CjrWYh2Aefg_8iLwJQ_2026-08-11,0,UCaMV-CjrWYh2Aefg_8iLwJQ,2026-08-11
UCYjNEoVziojh1ZCum1q0PNQ_2026-08-11,0,UCYjNEoVziojh1ZCum1q0PNQ,2026-08-11
UCXVVG5ZM3SJJCh94xatR8Dg_2026-08-11,0,UCXVVG5ZM3SJJCh94xatR8Dg,2026-08-11
UCd-Ziz8pAMZBWl7juEghsag_2026-08-11,0,UCd-Ziz8pAMZBWl7juEghsag,2026-08-11
UCN9VGDvz2M3vdR0czEUp6lQ_2026-08-11,0,UCN9VGDvz2M3vdR0czEUp6lQ,2026-08-11
UCN8L7Z-dyzu9FzT39RM0fvw_2026-08-11,0,UCN8L7Z-dyzu9FzT39RM0fvw,2026-08-11
UC_yxsHiFh1_j174x4AxICSg_2026-08-11,1,UC_yxsHiFh1_j174x4AxICSg,2026-08-11
UCg7rkxrTnIhiHEpXY1ec9NA_2026-08-11,0,UCg7rkxrTnIhiHEpXY1ec9NA,2026-08-11
UCgWwo8FJL3MCxfd66ip7nFg_2026-08-11,0,UCgWwo8FJL3MCxfd66ip7nFg,2026-08-11
UCyoSQyaCrZHro6F_nBiXIYg_2026-08-11,0,UCyoSQyaCrZHro6F_nBiXIYg,2026-08-11
UCvjzWMh2bihwlIN-WRtddkg_2026-08-11,0,UCvjzWMh2bihwlIN-WRtddkg,2026-08-11
UCeG0ONJtjwE20ThR5iSYdsA_2026-08-11,0,UCeG0ONJtjwE20ThR5iSYdsA,2026-08-11
UCd9oeoY-jLSkhd-J5y_1aYg_2026-08-11,0,UCd9oeoY-jLSkhd-J5y_1aYg,2026-08-11
UCePy6AqRuTfKDC4aTrqcAqQ_2026-08-11,0,UCePy6AqRuTfKDC4aTrqcAqQ,2026-08-11
UCbeQg95cAxVRsxxh6FyilxA_2026-08-11,0,UCbeQg95cAxVRsxxh6FyilxA,2026-08-11
UCO8ToDSM2Gvt3EZdOdosxTw_2026-08-11,0,UCO8ToDSM2Gvt3EZdOdosxTw,2026-08-11
UCMswODzU1ZjjrLyUk7NfwPA_2026-08-11,0,UCMswODzU1ZjjrLyUk7NfwPA,2026-08-11
UCMpvRMwoq_WmradKdysk6Cg_2026-08-11,0,UCMpvRMwoq_WmradKdysk6Cg,2026-08-11
UCXYNuWjnQRSAXCGl9gv8Ncw_2026-08-11,0,UCXYNuWjnQRSAXCGl9gv8Ncw,2026-08-11
UCSgvQDek_7CQj08fu7kp1Iw_2026-08-11,0,UCSgvQDek_7CQj08fu7kp1Iw,2026-08-11
UC7loyhgCm1NRTtyF36hO-jA_2026-08-11,0,UC7loyhgCm1NRTtyF36hO-jA,2026-08-11
UC8x8GQmlxAIhHxzU61z0uLQ_2026-08-11,0,UC8x8GQmlxAIhHxzU61z0uLQ,2026-08-11
UCBW_PhuXoHk40xF6nO0Q64w_2026-08-11,1,UCBW_PhuXoHk40xF6nO0Q64w,2026-08-11
UC9JlObZnbOirT4_iyPGrdcw_2026-08-11,0,UC9JlObZnbOirT4_iyPGrdcw,2026-08-11
UCB4YEVYp6LynBpz7bXyZsTg_2026-08-11,0,UCB4YEVYp6LynBpz7bXyZsTg,2026-08-11
UCF-rFAdN7dzd-SI2T3rkCaQ_2026-08-11,0,UCF-rFAdN7dzd-SI2T3rkCaQ,2026-08-11
UC027x98NgUBw9K4aPT8k0mg_2026-08-11,0,UC027x98NgUBw9K4aPT8k0mg,2026-08-11
UCuCmLrNT5MbpqfrSSKHqTug_2026-08-11,0,UCuCmLrNT5MbpqfrSSKHqTug,2026-08-11
UCCd3jyJmOFzkJEMj5Bp89rw_2026-08-11,0,UCCd3jyJmOFzkJEMj5Bp89rw,2026-08-11
UCGa52d8Qlv3THghuCAt_nXA_2026-08-11,0,UCGa52d8Qlv3THghuCAt_nXA,2026-08-11
UC-FiQR2gg8oiNw98ZdsSX6Q_2026-08-11,0,UC-FiQR2gg8oiNw98ZdsSX6Q,2026-08-11
UCooLkG0FfrkPBQsSuC95L6w_2026-08-11,0,UCooLkG0FfrkPBQsSuC95L6w,2026-08-11
UCpn9dP1b5BhBsU9SduEz1hA_2026-08-11,1,UCpn9dP1b5BhBsU9SduEz1hA,2026-08-11
UCCvEN8bTeF8Z2jcN513T1Gg_2026-08-11,1,UCCvEN8bTeF8Z2jcN513T1Gg,2026-08-11
UCBvkOBLsSj9kusGYlroQkBg_2026-08-11,0,UCBvkOBLsSj9kusGYlroQkBg,2026-08-11
UCQfISxq5legTqOt1h1us6lg_2026-08-11,1,UCQfISxq5legTqOt1h1us6lg,2026-08-11
UCdm06VHBWF5Mg5kYxffzikw_2026-08-11,0,UCdm06VHBWF5Mg5kYxffzikw,2026-08-11
UCQhIdo5nRQY9DB3uo7vawtw_2026-08-11,0,UCQhIdo5nRQY9DB3uo7vawtw,2026-08-11
UCawK5EIfr66Z7fjAlZgfB2g_2026-08-11,0,UCawK5EIfr66Z7fjAlZgfB2g,2026-08-11
UC4P7F8qenDo1O_5NvgBb_cg_2026-08-11,0,UC4P7F8qenDo1O_5NvgBb_cg,2026-08-11
UC5H8Wt-1q_tnn-m4tDTqbUw_2026-08-11,0,UC5H8Wt-1q_tnn-m4tDTqbUw,2026-08-11
UCQDGJQe8X9tbk_i8Na3VVXg_2026-08-11,1,UCQDGJQe8X9tbk_i8Na3VVXg,2026-08-11
UC8Xz3BKjDvQk7lKhH7Hi9nA_2026-08-11,0,UC8Xz3BKjDvQk7lKhH7Hi9nA,2026-08-11
UCF5RrlbsxJjAVLWgOCoNHMg_2026-08-11,0,UCF5RrlbsxJjAVLWgOCoNHMg,2026-08-11
UCC1LvVTX2ySKYjeIXkAtvsQ_2026-08-11,0,UCC1LvVTX2ySKYjeIXkAtvsQ,2026-08-11
UCCW6uYIUP4YKKe50k-ktVAw_2026-08-11,0,UCCW6uYIUP4YKKe50k-ktVAw,2026-08-11
UC5T_FfQwgy56XP0aEVHYULQ_2026-08-11,0,UC5T_FfQwgy56XP0aEVHYULQ,2026-08-11
UC60HSePkZwGFzRj6VSDa6Ew_2026-08-11,0,UC60HSePkZwGFzRj6VSDa6Ew,2026-08-11
UC72PuhDwKtZ5MikpGNhPAtA_2026-08-11,0,UC72PuhDwKtZ5MikpGNhPAtA,2026-08-11
UC5bjQxLK_3XVzIOTQ04sYeg_2026-08-11,0,UC5bjQxLK_3XVzIOTQ04sYeg,2026-08-11
UC6oq8RPEH1BmtyldQgXVbJw_2026-08-11,0,UC6oq8RPEH1BmtyldQgXVbJw,2026-08-11
UC5ScPjbt-a97AJO7SBj6nAg_2026-08-11,0,UC5ScPjbt-a97AJO7SBj6nAg,2026-08-11
UC43hOVGChFuQRV47vxc_c-g_2026-08-11,0,UC43hOVGChFuQRV47vxc_c-g,2026-08-11
UC5Yx9RlmznXDUEIrfoSqheA_2026-08-11,0,UC5Yx9RlmznXDUEIrfoSqheA,2026-08-11
UC6YqXiwCBfPvPTs3wXgWElQ_2026-08-11,0,UC6YqXiwCBfPvPTs3wXgWElQ,2026-08-11
UC543-TDm6IvHHZXwdSFioMw_2026-08-11,0,UC543-TDm6IvHHZXwdSFioMw,2026-08-11
UCk5mlvpbj8CZxD229CpiouA_2026-08-11,0,UCk5mlvpbj8CZxD229CpiouA,2026-08-11
UCk5C4AR3uvmKwZYkIlSobbg_2026-08-11,0,UCk5C4AR3uvmKwZYkIlSobbg,2026-08-11
UCkcaRxpTcisadUeCbHOYTFw_2026-08-11,1,UCkcaRxpTcisadUeCbHOYTFw,2026-08-11
UCs0LzOveQMLImmmTrMmP2sg_2026-08-11,0,UCs0LzOveQMLImmmTrMmP2sg,2026-08-11
UCkavlo6q2XfO_MA9Q24wRvw_2026-08-11,0,UCkavlo6q2XfO_MA9Q24wRvw,2026-08-11
UCl402YYy7RcH7PBI3npmGPQ_2026-08-11,0,UCl402YYy7RcH7PBI3npmGPQ,2026-08-11
UCt15X5eHLwyP8PpNtQTkuDQ_2026-08-11,0,UCt15X5eHLwyP8PpNtQTkuDQ,2026-08-11
UCsRiYH-VrZ2mYsohk7GhLdQ_2026-08-11,0,UCsRiYH-VrZ2mYsohk7GhLdQ,2026-08-11
UCt6Eo4xMTHhlOWg4_PAz_MA_2026-08-11,0,UCt6Eo4xMTHhlOWg4_PAz_MA,2026-08-11
UCtRiSpvkhtRXaSjVjEB9LKg_2026-08-11,0,UCtRiSpvkhtRXaSjVjEB9LKg,2026-08-11
UCrD6viwK0DHbQuZSOZBbofg_2026-08-11,0,UCrD6viwK0DHbQuZSOZBbofg,2026-08-11
UCksGX0hODm1Ev6mysrToMqg_2026-08-11,1,UCksGX0hODm1Ev6mysrToMqg,2026-08-11
UCQ5KMP03ifjJ8mDeyjWeZ7g_2026-08-11,0,UCQ5KMP03ifjJ8mDeyjWeZ7g,2026-08-11
UCRCK5FCJtomQT3b88jXI_DA_2026-08-11,0,UCRCK5FCJtomQT3b88jXI_DA,2026-08-11
UCRE-9quk3OT2OKgZFAgdN_g_2026-08-11,0,UCRE-9quk3OT2OKgZFAgdN_g,2026-08-11
UCZ49HaU_D0Tlf1aDA2jU_Vg_2026-08-11,0,UCZ49HaU_D0Tlf1aDA2jU_Vg,2026-08-11
UC8aCmG_y4DqqVI9Xlcym1Jg_2026-08-11,1,UC8aCmG_y4DqqVI9Xlcym1Jg,2026-08-11
UCSOeJWyByeoBHpmrm0NnlLw_2026-08-11,0,UCSOeJWyByeoBHpmrm0NnlLw,2026-08-11
UCT-UsvGz4gm7lezXvCEex9A_2026-08-11,0,UCT-UsvGz4gm7lezXvCEex9A,2026-08-11
UCgT-gb3favw2jQgwxbbwwaA_2026-08-11,0,UCgT-gb3favw2jQgwxbbwwaA,2026-08-11
UCN8YcyYvYIrtLcwyT-KqbNg_2026-08-11,1,UCN8YcyYvYIrtLcwyT-KqbNg,2026-08-11
UC9nWoDbRAl3-fvreBNeStKQ_2026-08-11,0,UC9nWoDbRAl3-fvreBNeStKQ,2026-08-11
UCAhmOb9JWkI2HV_KIe9X_3A_2026-08-11,0,UCAhmOb9JWkI2HV_KIe9X_3A,2026-08-11
UCTUnpbuKoOODvhLhCO_kO_A_2026-08-11,1,UCTUnpbuKoOODvhLhCO_kO_A,2026-08-11
UCZ-B_El841ME7qGXvYinGmw_2026-08-11,0,UCZ-B_El841ME7qGXvYinGmw,2026-08-11
UC9vI-9WYQLXKI6n9XdXXo3g_2026-08-11,0,UC9vI-9WYQLXKI6n9XdXXo3g,2026-08-11
UCAGUSx1hbPKDqzBZH7bTjiA_2026-08-11,1,UCAGUSx1hbPKDqzBZH7bTjiA,2026-08-11
UCB4gIGaPUiLtpPreFSf8fKQ_2026-08-11,0,UCB4gIGaPUiLtpPreFSf8fKQ,2026-08-11
UCNRnCc0hg3ZcKdOGXKKv5Ww_2026-08-11,0,UCNRnCc0hg3ZcKdOGXKKv5Ww,2026-08-11
UCPa8JSV9SPAjX7P2S-N5ssg_2026-08-11,1,UCPa8JSV9SPAjX7P2S-N5ssg,2026-08-11
UCS2OAdHoLt-9T6cG9A2H49Q_2026-08-11,0,UCS2OAdHoLt-9T6cG9A2H49Q,2026-08-11
UCSrQnB-Ip9hc0biFQ3HoKzg_2026-08-11,0,UCSrQnB-Ip9hc0biFQ3HoKzg,2026-08-11
UCAVR6Q0YgYa8xwz8rdg9Mrg_2026-08-11,0,UCAVR6Q0YgYa8xwz8rdg9Mrg,2026-08-11
UCPpSXwAg3hkSpa85Ah-dpgA_2026-08-11,1,UCPpSXwAg3hkSpa85Ah-dpgA,2026-08-11
UCZHBZUrLKMoL6FxpvdRzhKA_2026-08-11,1,UCZHBZUrLKMoL6FxpvdRzhKA,2026-08-11
UC_9W6Z5Y3lDpLk47Y_y5ITQ_2026-08-11,0,UC_9W6Z5Y3lDpLk47Y_y5ITQ,2026-08-11
UCPsZX-D7LW99PjZLA-UysPQ_2026-08-11,1,UCPsZX-D7LW99PjZLA-UysPQ,2026-08-11
UCdF0eCyf5np3lPO4y1fJVdw_2026-08-11,0,UCdF0eCyf5np3lPO4y1fJVdw,2026-08-11
UC_e83kYlGHWbsrr8QCfV_ag_2026-08-11,0,UC_e83kYlGHWbsrr8QCfV_ag,2026-08-11
UC_8GOc5dWX2Kpb74_nQ7vSQ_2026-08-11,0,UC_8GOc5dWX2Kpb74_nQ7vSQ,2026-08-11
UCBidluUUxzT_5jVOI_2x2MQ_2026-08-11,0,UCBidluUUxzT_5jVOI_2x2MQ,2026-08-11
UCdT2nXooUR-X_MdmbER25yQ_2026-08-11,0,UCdT2nXooUR-X_MdmbER25yQ,2026-08-11
UCb08r5yPoH-AqM7_XCL4Uhg_2026-08-11,0,UCb08r5yPoH-AqM7_XCL4Uhg,2026-08-11
UCOTJtP0Z9DjpPU43B5m1V6A_2026-08-11,0,UCOTJtP0Z9DjpPU43B5m1V6A,2026-08-11
UCcNdwtZ7ulFFxngmnzsWQNA_2026-08-11,0,UCcNdwtZ7ulFFxngmnzsWQNA,2026-08-11
UCcvKf8NxAw9i09hZw1MQPBQ_2026-08-11,0,UCcvKf8NxAw9i09hZw1MQPBQ,2026-08-11
UCbItyvYa6cqvqtwlU2E9-wA_2026-08-11,0,UCbItyvYa6cqvqtwlU2E9-wA,2026-08-11
UCcdlIcleb4oIK6of1ugSJ7w_2026-08-11,0,UCcdlIcleb4oIK6of1ugSJ7w,2026-08-11
UCbIQGH_oFu0yfTWNPyquvpw_2026-08-11,0,UCbIQGH_oFu0yfTWNPyquvpw,2026-08-11
UCkvz_CZlthtVo7E2sGa43cg_2026-08-11,1,UCkvz_CZlthtVo7E2sGa43cg,2026-08-11
UCCiKOocVSjyb2rsbL_Aanhw_2026-08-11,0,UCCiKOocVSjyb2rsbL_Aanhw,2026-08-11
UCFHUplScMiWTjJrtv4hxWmg_2026-08-11,1,UCFHUplScMiWTjJrtv4hxWmg,2026-08-11
UCF7IBIvHZ2be4Ufo8i0uHBw_2026-08-11,0,UCF7IBIvHZ2be4Ufo8i0uHBw,2026-08-11
UCFVRXOqBeh8ynDdYWztewXg_2026-08-11,0,UCFVRXOqBeh8ynDdYWztewXg,2026-08-11
UClWTMxooQefOLUV0TRcJ1Eg_2026-08-11,0,UClWTMxooQefOLUV0TRcJ1Eg,2026-08-11
UCmZeuRfHYowZhf6odtoaNdg_2026-08-11,1,UCmZeuRfHYowZhf6odtoaNdg,2026-08-11
UClvMduw1MDMQ0PuH753-XSA_2026-08-11,0,UClvMduw1MDMQ0PuH753-XSA,2026-08-11
UCnCFD3met1Ip7OngdF9TRDg_2026-08-11,0,UCnCFD3met1Ip7OngdF9TRDg,2026-08-11
UCGVy07wZs8W-EpKAGchrmCQ_2026-08-11,0,UCGVy07wZs8W-EpKAGchrmCQ,2026-08-11
UCFsJVl9V9fSIZA1uS3gMu-w_2026-08-11,0,UCFsJVl9V9fSIZA1uS3gMu-w,2026-08-11
UC7SIaeUWuuIrWTIOBpayDVQ_2026-08-11,1,UC7SIaeUWuuIrWTIOBpayDVQ,2026-08-11
UCbFLnCfOet-u_kFyA7uX-9Q_2026-08-11,0,UCbFLnCfOet-u_kFyA7uX-9Q,2026-08-11
UCHYMpkGhNIr8A0m2H3lIjUA_2026-08-11,0,UCHYMpkGhNIr8A0m2H3lIjUA,2026-08-11
UC78d2aaqdrt02RfmtRLmlAw_2026-08-11,1,UC78d2aaqdrt02RfmtRLmlAw,2026-08-11
UCCs1YZHxUTIbLZd-xrvvMCw_2026-08-11,1,UCCs1YZHxUTIbLZd-xrvvMCw,2026-08-11
UCpwGBltfwjd_fIzp5cb5R0w_2026-08-11,1,UCpwGBltfwjd_fIzp5cb5R0w,2026-08-11
UCI3DTtB-a3fJPjKtQ5kYHfA_2026-08-11,0,UCI3DTtB-a3fJPjKtQ5kYHfA,2026-08-11
UCIOY-akTwtohcU0QB5ksjaA_2026-08-11,1,UCIOY-akTwtohcU0QB5ksjaA,2026-08-11
UC9DNu8JRIcE-rpo9eBx1ffw_2026-08-11,0,UC9DNu8JRIcE-rpo9eBx1ffw,2026-08-11
UCp9skQ2mP_DfVL8c3gZQUzg_2026-08-11,1,UCp9skQ2mP_DfVL8c3gZQUzg,2026-08-11
UCg5-nd3qoNnz5dzkX-O0b8A_2026-08-11,0,UCg5-nd3qoNnz5dzkX-O0b8A,2026-08-11
UCqRz_-l3GCmWb92u8P33RYQ_2026-08-11,0,UCqRz_-l3GCmWb92u8P33RYQ,2026-08-11
UCroIk85IFzp6OZzKoJFDKuA_2026-08-11,0,UCroIk85IFzp6OZzKoJFDKuA,2026-08-11
UCtVBI7YLJyDvrx7iWAukx_Q_2026-08-11,0,UCtVBI7YLJyDvrx7iWAukx_Q,2026-08-11
UCpTNtH8yc1Kdl_YFfsQsTYA_2026-08-11,0,UCpTNtH8yc1Kdl_YFfsQsTYA,2026-08-11
UCqlcSsDNMYxEsem7bWY-66Q_2026-08-11,0,UCqlcSsDNMYxEsem7bWY-66Q,2026-08-11
UCvfEv6nBnL0QlKqyGmL0orQ_2026-08-11,0,UCvfEv6nBnL0QlKqyGmL0orQ,2026-08-11
UC_m_uqd_9s0hZvlgfvCzqbQ_2026-08-11,1,UC_m_uqd_9s0hZvlgfvCzqbQ,2026-08-11
UCZFGZ_LhwgiTxaJzJ0QGdFw_2026-08-11,0,UCZFGZ_LhwgiTxaJzJ0QGdFw,2026-08-11
UCOaUB8RzbLXB7QZtCmMO-8A_2026-08-11,0,UCOaUB8RzbLXB7QZtCmMO-8A,2026-08-11
UCdXpKf3aIenvWkMbF3EvcQg_2026-08-11,1,UCdXpKf3aIenvWkMbF3EvcQg,2026-08-11
UCgWOZQvFZhGuqBCtjmee0XQ_2026-08-11,1,UCgWOZQvFZhGuqBCtjmee0XQ,2026-08-11
UCE8JC9RAVSudDT_8Ji1fuPQ_2026-08-11,0,UCE8JC9RAVSudDT_8Ji1fuPQ,2026-08-11
UCD9tj7ATjYkyPyWXK_ewNXQ_2026-08-11,0,UCD9tj7ATjYkyPyWXK_ewNXQ,2026-08-11
UC_Xb6sEXAdNv9nHU4988vmg_2026-08-11,0,UC_Xb6sEXAdNv9nHU4988vmg,2026-08-11
UCFJAOgvqcc3fPqdu7fTl-zA_2026-08-11,0,UCFJAOgvqcc3fPqdu7fTl-zA,2026-08-11
UCFCt5RYu41HTg4eX1jdHNxw_2026-08-11,0,UCFCt5RYu41HTg4eX1jdHNxw,2026-08-11
UCg5Ew4lj74r_ohbc4AeQj1w_2026-08-11,0,UCg5Ew4lj74r_ohbc4AeQj1w,2026-08-11
UCABvetlXpdOwFz10fCpJkwQ_2026-08-11,1,UCABvetlXpdOwFz10fCpJkwQ,2026-08-11
UC6LLMkdyses2ugPRNEXutMQ_2026-08-11,0,UC6LLMkdyses2ugPRNEXutMQ,2026-08-11
UCcsC1X0SyiWcxBTbnjoZ9Ag_2026-08-11,1,UCcsC1X0SyiWcxBTbnjoZ9Ag,2026-08-11
UC_Cp4dXpd94km5Syq2x-xig_2026-08-11,0,UC_Cp4dXpd94km5Syq2x-xig,2026-08-11
UCe0loHR-Vltq0GPHgYyzmrQ_2026-08-11,0,UCe0loHR-Vltq0GPHgYyzmrQ,2026-08-11
UCADf92tisOOh90hrZee4-LA_2026-08-11,0,UCADf92tisOOh90hrZee4-LA,2026-08-11
UCeiQKedLZob9Cb797XfsrRw_2026-08-11,1,UCeiQKedLZob9Cb797XfsrRw,2026-08-11
UCCoU5ViXgoK-_2neelNhQaA_2026-08-11,0,UCCoU5ViXgoK-_2neelNhQaA,2026-08-11
UCX11f6rIVaoWGvFnKKyPBNQ_2026-08-11,0,UCX11f6rIVaoWGvFnKKyPBNQ,2026-08-11
UCIvLQ5lZ2kebqnLaGv_FP4w_2026-08-11,1,UCIvLQ5lZ2kebqnLaGv_FP4w,2026-08-11
UCIxcZWLQpP-mUZC6_Uljc_Q_2026-08-11,0,UCIxcZWLQpP-mUZC6_Uljc_Q,2026-08-11
UCWwbZhw5M-Q5dZtTK4nDWNw_2026-08-11,0,UCWwbZhw5M-Q5dZtTK4nDWNw,2026-08-11
UCYMXFMiaGBnZ08-wBHS2MPQ_2026-08-11,0,UCYMXFMiaGBnZ08-wBHS2MPQ,2026-08-11
UCRLoyYlPR9ufzlbeI9lLDqg_2026-08-11,1,UCRLoyYlPR9ufzlbeI9lLDqg,2026-08-11
UCU0-6z_KU9AShyR9J6gcFGw_2026-08-11,0,UCU0-6z_KU9AShyR9J6gcFGw,2026-08-11
UCjOtzpfj5lF9erwTEQYkxtQ_2026-08-11,0,UCjOtzpfj5lF9erwTEQYkxtQ,2026-08-11
UC1dHu9GhbHH7RcHKyJdaOvA_2026-08-11,0,UC1dHu9GhbHH7RcHKyJdaOvA,2026-08-11
UCim7oePrB5hdfhcYwgUY6Jw_2026-08-11,0,UCim7oePrB5hdfhcYwgUY6Jw,2026-08-11
UCw1DsweY9b2AKGjV4kGJP1A_2026-08-11,0,UCw1DsweY9b2AKGjV4kGJP1A,2026-08-11
UCWq9wRjQXYC8i486uVLysUA_2026-08-11,0,UCWq9wRjQXYC8i486uVLysUA,2026-08-11
UCXu_CcxBZA5S_iG33OzA9PQ_2026-08-11,1,UCXu_CcxBZA5S_iG33OzA9PQ,2026-08-11
UCJGww2K__Q3y-MtDi0XWH2w_2026-08-11,0,UCJGww2K__Q3y-MtDi0XWH2w,2026-08-11
UCKYdD83f363lIzcAwwhB-_A_2026-08-11,0,UCKYdD83f363lIzcAwwhB-_A,2026-08-11
UCKttwyzsHvW7bCo7YfTacVQ_2026-08-11,0,UCKttwyzsHvW7bCo7YfTacVQ,2026-08-11
UCyaMGpNb-UiLHMY833ai7IQ_2026-08-11,0,UCyaMGpNb-UiLHMY833ai7IQ,2026-08-11
UCz1Gc37nWsdF_jbJ_SvMl4g_2026-08-11,0,UCz1Gc37nWsdF_jbJ_SvMl4g,2026-08-11
UCybn_0S0Ec6Il1ZhiQM1Vww_2026-08-11,0,UCybn_0S0Ec6Il1ZhiQM1Vww,2026-08-11
UCL_IvtOZo6sONpiydbzzHpA_2026-08-11,0,UCL_IvtOZo6sONpiydbzzHpA,2026-08-11
UCMo4MnhHhSDkiUIXS6dytTQ_2026-08-11,0,UCMo4MnhHhSDkiUIXS6dytTQ,2026-08-11
UCyz5WVrb-cz3myY04x_kVYw_2026-08-11,0,UCyz5WVrb-cz3myY04x_kVYw,2026-08-11
UCyEIUlSKbzCt3ElAsPFb7EQ_2026-08-11,1,UCyEIUlSKbzCt3ElAsPFb7EQ,2026-08-11
UCos3GN2gX0wLcfuhOAiMotQ_2026-08-11,0,UCos3GN2gX0wLcfuhOAiMotQ,2026-08-11
UCuaizlkqA5hZ_Dt3kAQkW3g_2026-08-11,0,UCuaizlkqA5hZ_Dt3kAQkW3g,2026-08-11
UCk1NTIlGP27bQEumkw6sDVA_2026-08-11,0,UCk1NTIlGP27bQEumkw6sDVA,2026-08-11
UCkNUuK9EfixaK2HbJYZ5YrQ_2026-08-11,1,UCkNUuK9EfixaK2HbJYZ5YrQ,2026-08-11
UCoIEwIHhW-1_roLnb5nK_UA_2026-08-11,1,UCoIEwIHhW-1_roLnb5nK_UA,2026-08-11
UCHJv9xBR9lkzGSIepie-T_A_2026-08-11,0,UCHJv9xBR9lkzGSIepie-T_A,2026-08-11
UC8E29ANOC3_OuB7_5EPY2xw_2026-08-11,0,UC8E29ANOC3_OuB7_5EPY2xw,2026-08-11
UCIH7bdyhaJ0nD7jIcgqmQbQ_2026-08-11,0,UCIH7bdyhaJ0nD7jIcgqmQbQ,2026-08-11
UCq6bX1rAJqwt3LmYuHrDPqg_2026-08-11,0,UCq6bX1rAJqwt3LmYuHrDPqg,2026-08-11
UC2k1bSUZ4X02jMs_sTS9jiQ_2026-08-11,1,UC2k1bSUZ4X02jMs_sTS9jiQ,2026-08-11
UCV6mNrW8CrmWtcxWfQXy11g_2026-08-11,0,UCV6mNrW8CrmWtcxWfQXy11g,2026-08-11
UCYM01qjjE_hmqFQAmOo-lNg_2026-08-11,0,UCYM01qjjE_hmqFQAmOo-lNg,2026-08-11
UCN5oT4zGJX-_H6pE5isAEeg_2026-08-11,0,UCN5oT4zGJX-_H6pE5isAEeg,2026-08-11
UCK8iWEZupSV2pmDMxtwdAmA_2026-08-11,0,UCK8iWEZupSV2pmDMxtwdAmA,2026-08-11
UCgjaQlejpAnIu0q-xtVfTEw_2026-08-11,0,UCgjaQlejpAnIu0q-xtVfTEw,2026-08-11
UCMF3M48BakI-ptofqoUqdAA_2026-08-11,1,UCMF3M48BakI-ptofqoUqdAA,2026-08-11
UCVWAdUQGUiY2Kzh0JoB5PtQ_2026-08-11,0,UCVWAdUQGUiY2Kzh0JoB5PtQ,2026-08-11
UCVZ0SJNurJAv-6hV5VEGB2A_2026-08-11,0,UCVZ0SJNurJAv-6hV5VEGB2A,2026-08-11
UChfs1dQ5phBDBWZJ1hHLbUA_2026-08-11,0,UChfs1dQ5phBDBWZJ1hHLbUA,2026-08-11
UCi8fe6P0_tLeZ1r31wOydvw_2026-08-11,0,UCi8fe6P0_tLeZ1r31wOydvw,2026-08-11
UC0FUMakBJHsRrfKCGQuWnRA_2026-08-11,0,UC0FUMakBJHsRrfKCGQuWnRA,2026-08-11
UC-okJdotaXPlzivRzHFqzuA_2026-08-11,0,UC-okJdotaXPlzivRzHFqzuA,2026-08-11
UC-ntxe7eU_afJWEpcTNlVFA_2026-08-11,0,UC-ntxe7eU_afJWEpcTNlVFA,2026-08-11
UC0vqyzJ-1l3AJl3IkKu0bhQ_2026-08-11,0,UC0vqyzJ-1l3AJl3IkKu0bhQ,2026-08-11
UC2_VPutZK0o_tG8ca_QrQRA_2026-08-11,0,UC2_VPutZK0o_tG8ca_QrQRA,2026-08-11
UC2U8C7lmbQpfBeAW8fTP_jg_2026-08-11,1,UC2U8C7lmbQpfBeAW8fTP_jg,2026-08-11
UCJNEIbzzpRl-l1iGdD2BxGg_2026-08-11,1,UCJNEIbzzpRl-l1iGdD2BxGg,2026-08-11
UCW_Ptq0v8ck67w9oKiwXz2g_2026-08-11,0,UCW_Ptq0v8ck67w9oKiwXz2g,2026-08-11
UCUR5w0E-jQTOO8Q0FZ4ilYQ_2026-08-11,0,UCUR5w0E-jQTOO8Q0FZ4ilYQ,2026-08-11
UCUPa-gJcbYG9Ql8b9H9FBbg_2026-08-11,0,UCUPa-gJcbYG9Ql8b9H9FBbg,2026-08-11
UCR1ctqL11HoxQkbSkoUAYeA_2026-08-11,0,UCR1ctqL11HoxQkbSkoUAYeA,2026-08-11
UCNrQ0VbdprXAur6OZKexjEw_2026-08-11,0,UCNrQ0VbdprXAur6OZKexjEw,2026-08-11
UC-Pn1i_ot4qmG4l7wMZPvyw_2026-08-11,1,UC-Pn1i_ot4qmG4l7wMZPvyw,2026-08-11
UC-pobd8lZE33BSDz-iyHfJQ_2026-08-11,0,UC-pobd8lZE33BSDz-iyHfJQ,2026-08-11
UCLbehOwlIi6QrfZNhC39t4Q_2026-08-11,0,UCLbehOwlIi6QrfZNhC39t4Q,2026-08-11
UCKYqtXYbSqaEwBmX43Q13Tw_2026-08-11,1,UCKYqtXYbSqaEwBmX43Q13Tw,2026-08-11
UC-DpK48x4bltMjHHChZ4zBg_2026-08-11,0,UC-DpK48x4bltMjHHChZ4zBg,2026-08-11
UC141BuVRzSSXJX33Am9yxEA_2026-08-11,0,UC141BuVRzSSXJX33Am9yxEA,2026-08-11
UCOLDn9gw0yegXRgjoi5MzNQ_2026-08-11,0,UCOLDn9gw0yegXRgjoi5MzNQ,2026-08-11
UCJA6MZLzTeljmGNFaugdoWQ_2026-08-11,0,UCJA6MZLzTeljmGNFaugdoWQ,2026-08-11
UCTDBdmaY4m3ipZaLiYA6FWg_2026-08-11,1,UCTDBdmaY4m3ipZaLiYA6FWg,2026-08-11
UCyoKcrOcBEY4rmLYkDuXErA_2026-08-11,0,UCyoKcrOcBEY4rmLYkDuXErA,2026-08-11
UCaCFlaIQAmiU_mLnZq5E-tA_2026-08-11,0,UCaCFlaIQAmiU_mLnZq5E-tA,2026-08-11
UCRltQqhqu9nXMRLaX0f8Cow_2026-08-11,1,UCRltQqhqu9nXMRLaX0f8Cow,2026-08-11
UCi_lv3g-CPdKF6nd68lvN3A_2026-08-11,0,UCi_lv3g-CPdKF6nd68lvN3A,2026-08-11
UCWVS5IJOkNnkKS5rjiAt9rw_2026-08-11,1,UCWVS5IJOkNnkKS5rjiAt9rw,2026-08-11
UCOwgg4IVhPQtq6qtxEeX3XA_2026-08-11,0,UCOwgg4IVhPQtq6qtxEeX3XA,2026-08-11
UChLqHuZV0PENIBYxDgXyPLQ_2026-08-11,0,UChLqHuZV0PENIBYxDgXyPLQ,2026-08-11
UChfA8Yu8dk5k78UzaM6tsRw_2026-08-11,0,UChfA8Yu8dk5k78UzaM6tsRw,2026-08-11
UCjiXXUsdl0F0aUkTbv8ZVTA_2026-08-11,0,UCjiXXUsdl0F0aUkTbv8ZVTA,2026-08-11
UCTbwgCCBrI-4XU8b5B0uGPg_2026-08-11,0,UCTbwgCCBrI-4XU8b5B0uGPg,2026-08-11
UCVqmxk6oNOHj9RFVo4uP_lw_2026-08-11,1,UCVqmxk6oNOHj9RFVo4uP_lw,2026-08-11
UCah0w9n_eAyjUBG7eHbj8vw_2026-08-11,1,UCah0w9n_eAyjUBG7eHbj8vw,2026-08-11
UCEGtfhdJiRgH98mVMEQZThQ_2026-08-11,0,UCEGtfhdJiRgH98mVMEQZThQ,2026-08-11
UCElXDMEQqlUnuyDbChjARWQ_2026-08-11,0,UCElXDMEQqlUnuyDbChjARWQ,2026-08-11
UCqEoc6yuYRg5CFG4NIG8euQ_2026-08-11,0,UCqEoc6yuYRg5CFG4NIG8euQ,2026-08-11
UCqFmG6ofirSWvI9B8mwzvyA_2026-08-11,0,UCqFmG6ofirSWvI9B8mwzvyA,2026-08-11
UCEebX3m88Arwc91LPmEmTYQ_2026-08-11,0,UCEebX3m88Arwc91LPmEmTYQ,2026-08-11
UCHZ9X2Nl3dq8ChEJgScmZCw_2026-08-11,0,UCHZ9X2Nl3dq8ChEJgScmZCw,2026-08-11
UCG3uX-OwJ82T3L3EhC3GPXA_2026-08-11,0,UCG3uX-OwJ82T3L3EhC3GPXA,2026-08-11
UCtjlhCmFXYFXC4uqg1flTBg_2026-08-11,0,UCtjlhCmFXYFXC4uqg1flTBg,2026-08-11
UC1q4Ihlv_YhLELw-ijE0Diw_2026-08-11,0,UC1q4Ihlv_YhLELw-ijE0Diw,2026-08-11
UCWZqSCSNZT3X8e_HyCJoXMg_2026-08-11,0,UCWZqSCSNZT3X8e_HyCJoXMg,2026-08-11
UCYGK33LxFlgh9QtmvCYMR3A_2026-08-11,0,UCYGK33LxFlgh9QtmvCYMR3A,2026-08-11
UC0-ZCUCeCQBwKU15x0Aqk_g_2026-08-11,0,UC0-ZCUCeCQBwKU15x0Aqk_g,2026-08-11
UCJZsABKjWUGbT0qf3MsXH8w_2026-08-11,1,UCJZsABKjWUGbT0qf3MsXH8w,2026-08-11
UCyZtdaxIiGb4wp5AmkEMrwQ_2026-08-11,0,UCyZtdaxIiGb4wp5AmkEMrwQ,2026-08-11
UCoqMTw0yGmjIjNayukuOg5Q_2026-08-11,0,UCoqMTw0yGmjIjNayukuOg5Q,2026-08-11
UC1aBdmKvC6yAiq4xgPLOzKA_2026-08-11,0,UC1aBdmKvC6yAiq4xgPLOzKA,2026-08-11
UCdtV_sB8WUWo-P_q3OwNfcw_2026-08-11,0,UCdtV_sB8WUWo-P_q3OwNfcw,2026-08-11
UCj5Y6sl23ln9PL6OiDTL7Gg_2026-08-11,1,UCj5Y6sl23ln9PL6OiDTL7Gg,2026-08-11
UCNOj6xtKWCtPbjJV8XPlbLg_2026-08-11,0,UCNOj6xtKWCtPbjJV8XPlbLg,2026-08-11
UCUae69frfqpKOB3BUMdX5Qw_2026-08-11,0,UCUae69frfqpKOB3BUMdX5Qw,2026-08-11
UCs7mzshFv0PbUMUM0x1Waug_2026-08-11,0,UCs7mzshFv0PbUMUM0x1Waug,2026-08-11
UCkrJBQAut47U8xMUuv8D_3g_2026-08-11,0,UCkrJBQAut47U8xMUuv8D_3g,2026-08-11
UC5pdoCANExIVI4yf6DVoxew_2026-08-11,0,UC5pdoCANExIVI4yf6DVoxew,2026-08-11
UCPp6kLLWggTuACsQwFibg8A_2026-08-11,1,UCPp6kLLWggTuACsQwFibg8A,2026-08-11
UC0-sEWFXIymAxx0InClynUA_2026-08-11,0,UC0-sEWFXIymAxx0InClynUA,2026-08-11
UCxtZZzggcfOmsW99gYkxsNA_2026-08-11,0,UCxtZZzggcfOmsW99gYkxsNA,2026-08-11
UCXg-6b0X0sIMBDHhbyBuOQg_2026-08-11,0,UCXg-6b0X0sIMBDHhbyBuOQg,2026-08-11
UC6aF-skLT_1X6cdPJxVJXxQ_2026-08-11,0,UC6aF-skLT_1X6cdPJxVJXxQ,2026-08-11
UCbvvdVOF0teLO-U6GWh1RKg_2026-08-11,0,UCbvvdVOF0teLO-U6GWh1RKg,2026-08-11
UC9qwDE50UcXvdplRNZKEoPA_2026-08-11,1,UC9qwDE50UcXvdplRNZKEoPA,2026-08-11
UC3kVT7zilzGf_7fIEkc4dDA_2026-08-11,0,UC3kVT7zilzGf_7fIEkc4dDA,2026-08-11
UC8IxyKkhu4YUYK_c76AdcDw_2026-08-11,0,UC8IxyKkhu4YUYK_c76AdcDw,2026-08-11
UCeAsj1O73pcqd-xQ4AZbJeQ_2026-08-11,0,UCeAsj1O73pcqd-xQ4AZbJeQ,2026-08-11
UCApYlKNymyHZ9dlOCImFVBg_2026-08-11,0,UCApYlKNymyHZ9dlOCImFVBg,2026-08-11
UC-2JsFNClcIesgd7UmtGnpw_2026-08-11,0,UC-2JsFNClcIesgd7UmtGnpw,2026-08-11
UCOKQpmfKrtu7Nu719CVSw1A_2026-08-11,0,UCOKQpmfKrtu7Nu719CVSw1A,2026-08-11
UCKC4R6B8bTLIKH1V9PyD7Iw_2026-08-11,0,UCKC4R6B8bTLIKH1V9PyD7Iw,2026-08-11
UCETJ2rkwgeYb0OojPNh-DRw_2026-08-11,0,UCETJ2rkwgeYb0OojPNh-DRw,2026-08-11
UCZX4g_FvyOfyTIKxbMfKfIg_2026-08-11,1,UCZX4g_FvyOfyTIKxbMfKfIg,2026-08-11
UCCTw9N950kEoELFv3dRcWJQ_2026-08-11,1,UCCTw9N950kEoELFv3dRcWJQ,2026-08-11
UCD7D_WRXbei_g6xXOZIhQnQ_2026-08-11,0,UCD7D_WRXbei_g6xXOZIhQnQ,2026-08-11
UClSuqiIAACDUJrH3gb4JcLQ_2026-08-11,0,UClSuqiIAACDUJrH3gb4JcLQ,2026-08-11
UC2ja61Zku_rw3ZBfDZi8cuQ_2026-08-11,0,UC2ja61Zku_rw3ZBfDZi8cuQ,2026-08-11
UCSGKRGHGqP8W11G-SxsMaOw_2026-08-11,1,UCSGKRGHGqP8W11G-SxsMaOw,2026-08-11
UCm1JuixwDoQEDi5RfcRuHJg_2026-08-11,0,UCm1JuixwDoQEDi5RfcRuHJg,2026-08-11
