app_id,name,type,is_free,required_age,release_date,coming_soon,developers,publishers,genres,categories,platforms,controller_support,metacritic_score,header_image,short_description,price_initial,price_currency,is_active
236390,War Thunder,game,1,0,2013년 8월 15일,0,Gaijin Entertainment,Gaijin Network Ltd,액션;대규모 멀티플레이어;시뮬레이션;무료 플레이,싱글 플레이어;멀티플레이어;MMO;PvP;온라인 PvP;협동;온라인 협동;크로스 플랫폼 멀티플레이어;Steam 도전 과제;컨트롤러 완벽 지원;VR 지원;Steam 트레이딩 카드;앱 내 구매;텍스트 크기 조정;카메라 움직임 조정;색상 대체;음량 개별 조절;퀵타임 이벤트 없이 플레이 가능;DUALSHOCK 컨트롤러 지원;DualSense 컨트롤러 지원;Steam Input API 지원;스테레오 사운드;서라운드 사운드;Remote Play 휴대전화;Remote Play 태블릿,windows;mac;linux,full,81,https://shared.akamai.steamstatic.com/store_item_assets/steam/apps/236390/38881c549e623fe432af4e7b4bc3952b443906f5/header.jpg?t=1790148671,"War Thunder는 제 2차 세계대전부터 현대전까지의 항공기, 전차, 함선, 헬리콥터를 플레이 할 수 있는 온라인 게임 역사상 가장 거대한 스케일과 광범위한 크로스 플랫폼 기능을 자랑하는 밀리터리 MMO 게임입니다. 지금 게임에 참여하셔서 War Thunder가 제공하는 지상, 공중, 해상의 거대한 전장 서사시에 직접 참여해보세요.",,,1
218620,PAYDAY 2,game,0,18,2013년 8월 13일,0,OVERKILL - a Starbreeze Studio.;Sidetrack Games,Starbreeze Entertainment,액션;RPG,싱글 플레이어;멀티플레이어;협동;온라인 협동;Steam 도전 과제;컨트롤러 완벽 지원;추적되는 컨트롤러 지원;VR 지원;Steam 트레이딩 카드;앱 내 구매;카메라 움직임 조정;음량 개별 조절;난이도 조정;퀵타임 이벤트 없이 플레이 가능;DUALSHOCK 컨트롤러 지원;스테레오 사운드;Steam Cloud;Remote Play 휴대전화;Remote Play 태블릿;Remote Play TV;가족 공유,windows,full,79,https://shared.akamai.steamstatic.com/store_item_assets/steam/apps/218620/c44949287e8ffa2518f01b5033b8431dd0f984e4/header.jpg?t=1789555107,"PAYDAY 2 는 액션으로 가득찬 4인 코옵 FPS 게임으로서 게이머들은 다시 한번 오리지널 페이데이 크루인 달라스, 혹스턴, 울프, 체인스의 가면을 쓰고 워싱턴 DC로 내려와 엄청난 범죄행위를 저지릅니다.",999,USD,1
1966720,Lethal Company,game,0,0,2023년 10월 23일,0,Zeekerss,Zeekerss,액션;어드벤처;인디;앞서 해보기,싱글 플레이어;멀티플레이어;협동;온라인 협동;음량 개별 조절;스테레오 사운드;컨트롤러 일부 지원;가족 공유,windows,,,https://shared.akamai.steamstatic.com/store_item_assets/steam/apps/1966720/header.jpg?t=1775380053,A co-op horror about scavenging at abandoned moons to sell scrap to the Company.,999,USD,1
1145360,Hades,game,0,0,2020년 9월 17일,0,Supergiant Games,Supergiant Games,액션;인디;RPG,싱글 플레이어;Steam 도전 과제;컨트롤러 완벽 지원;Steam 트레이딩 카드;캡션 이용 가능;Steam Cloud;Remote Play 휴대전화;Remote Play 태블릿;Remote Play TV;가족 공유,windows;mac,full,93,https://shared.akamai.steamstatic.com/store_item_assets/steam/apps/1145360/header.jpg?t=1758127023,"Bastion, Transistor, Pyre의 제작사에서 선보이는 이 로그라이크 던전 탐색형 게임에서 핵 앤 슬래시로 지하 세계를 탈출하고 죽음의 신에게 도전하세요.",2499,USD,1
892970,Valheim,game,0,0,2026년 9월 9일,0,Iron Gate AB,Coffee Stain Publishing,액션;어드벤처;인디;RPG,싱글 플레이어;멀티플레이어;협동;온라인 협동;Steam 도전 과제;컨트롤러 완벽 지원;카메라 움직임 조정;음량 개별 조절;난이도 조정;DUALSHOCK 컨트롤러 지원;DUALSHOCK 컨트롤러 지원;DualSense 컨트롤러 지원;DualSense 컨트롤러 지원;수시 저장;스테레오 사운드;Steam Cloud;통계;Remote Play 태블릿;가족 공유,windows;mac;linux,full,90,https://shared.akamai.steamstatic.com/store_item_assets/steam/apps/892970/1888731b59362fca6c026cdbafa3dfffd45c3146/header_alt_assets_6.jpg?t=1790220314,"바이킹 문화를 기반으로 한 자동 생성 사후 세계를 배경으로 하는 1~10인 협동 탐험 및 생존 게임입니다. 전투하고, 건설하고, 정복하며 오딘의 가호 아래 전설을 만들어가세요!",2999,USD,1
739630,Phasmophobia,game,0,0,2020년 9월 18일,0,Kinetic Games,Kinetic Games,액션;인디;앞서 해보기,싱글 플레이어;멀티플레이어;협동;온라인 협동;Steam 도전 과제;컨트롤러 완벽 지원;추적되는 컨트롤러 지원;VR 지원;Steam 트레이딩 카드;카메라 움직임 조정;난이도 조정;퀵타임 이벤트 없이 플레이 가능;DUALSHOCK 컨트롤러 지원;DUALSHOCK 컨트롤러 지원;DualSense 컨트롤러 지원;DualSense 컨트롤러 지원;스테레오 사운드;서라운드 사운드;Steam Cloud;Remote Play 휴대전화;Remote Play 태블릿;가족 공유,windows,full,,https://shared.akamai.steamstatic.com/store_item_assets/steam/apps/739630/c227a2855aba60f3657bc0c3a46515b8c41fb2b6/header.jpg?t=1789487643,Phasmophobia is a 4 player online co-op psychological horror. Paranormal activity is on the rise and it’s up to you and your team to use all the ghost-hunting equipment at your disposal in order to gather as much evidence as you can.,1999,USD,1
648800,Raft,game,0,0,2022년 6월 20일,0,Redbeet Interactive,Axolot Games,어드벤처;인디;시뮬레이션,싱글 플레이어;멀티플레이어;협동;온라인 협동;Steam 도전 과제;Steam Cloud;가족 공유,windows,,,https://shared.akamai.steamstatic.com/store_item_assets/steam/apps/648800/header.jpg?t=1727184011,"Raft™ throws you and your friends into an epic oceanic adventure! Alone or together, players battle to survive a perilous voyage across a vast sea! Gather debris, scavenge reefs and build your own floating home, but be wary of the man-eating sharks!",1999,USD,1
251570,7 Days to Die,game,0,0,2024년 7월 25일,0,The Fun Pimps,The Fun Pimps Entertainment LLC,액션;어드벤처;인디;RPG;시뮬레이션;전략,싱글 플레이어;멀티플레이어;PvP;온라인 PvP;LAN PvP;협동;온라인 협동;LAN 협동;크로스 플랫폼 멀티플레이어;Steam 도전 과제;컨트롤러 완벽 지원;Steam 트레이딩 카드;DUALSHOCK 컨트롤러 지원;DUALSHOCK 컨트롤러 지원;DualSense 컨트롤러 지원;DualSense 컨트롤러 지원;레벨 에디터 포함;Remote Play 태블릿;Remote Play TV;가족 공유,windows;mac;linux,full,,https://shared.akamai.steamstatic.com/store_item_assets/steam/apps/251570/header.jpg?t=1788209289,『7 Days to Dir』は、FPS、サバイバルホラー、タワーディフェンス、ロールプレイングゲームをユニークに組み合わせたオープンワールド型のゲームです。元祖ゾンビサバイバルなサンドボックスRPGゲームをプレイしましょう。ネーブズジェーンがあなたを待っています！,4499,USD,1
646570,Slay the Spire,game,0,0,2019년 1월 23일,0,Mega Crit,Mega Crit,인디;전략,싱글 플레이어;Steam 도전 과제;컨트롤러 완벽 지원;Steam 트레이딩 카드;Steam 창작마당;텍스트 크기 조정;음량 개별 조절;마우스 전용 옵션;퀵타임 이벤트 없이 플레이 가능;수시 저장;터치 전용 옵션;Steam Cloud;통계;Steam 순위표;Remote Play 휴대전화;Remote Play 태블릿;Remote Play TV;가족 공유,windows;mac;linux,full,89,https://shared.akamai.steamstatic.com/store_item_assets/steam/apps/646570/header.jpg?t=1774015376,"카드 게임이라는 장르와 로그라이크라는 장르를 합쳐, 저희가 만들 수 있는 최고의 싱글 플레이 덱 빌딩 게임을 만들었습니다. 독창적인 덱을 만들고, 기이한 적들과 조우하며, 엄청난 힘을 가진 유물을 발견하고, 첨탑을 정복해보세요!",2499,USD,1
275850,No Man's Sky,game,0,0,2016년 8월 12일,0,Hello Games,Hello Games,액션;어드벤처,싱글 플레이어;멀티플레이어;PvP;온라인 PvP;협동;온라인 협동;크로스 플랫폼 멀티플레이어;Steam 도전 과제;컨트롤러 완벽 지원;추적되는 컨트롤러 지원;VR 지원;Steam 트레이딩 카드;텍스트 크기 조정;카메라 움직임 조정;음성 채팅 텍스트 변환;색상 대체;음량 개별 조절;난이도 조정;퀵타임 이벤트 없이 플레이 가능;DUALSHOCK 컨트롤러 지원;DUALSHOCK 컨트롤러 지원;DualSense 컨트롤러 지원;DualSense 컨트롤러 지원;수시 저장;Steam Input API 지원;스테레오 사운드;자막 옵션;서라운드 사운드;Steam Cloud;Remote Play 태블릿;Remote Play TV;HDR 사용 가능;가족 공유,windows;mac,full,61,https://shared.akamai.steamstatic.com/store_item_assets/steam/apps/275850/2c6e38b43a5309dfcd3cc0f0134e222b0fa2d1b1/header_alt_assets_25.jpg?t=1789479023,No Man's Sky는 무한히 펼쳐지는 우주에서의 탐험과 생존을 그린 SF 게임입니다.,5999,USD,1
990080,호그와트 레거시,game,0,0,2023년 2월 10일,0,Avalanche Software,Warner Bros. Games,액션;어드벤처;RPG,싱글 플레이어;Steam 도전 과제;컨트롤러 완벽 지원;앱 내 구매;텍스트 크기 조정;카메라 움직임 조정;음량 개별 조절;게임 메뉴 음성 안내;DUALSHOCK 컨트롤러 지원;DUALSHOCK 컨트롤러 지원;DualSense 컨트롤러 지원;DualSense 컨트롤러 지원;수시 저장;스테레오 사운드;서라운드 사운드;Steam Cloud;HDR 사용 가능;가족 공유,windows,full,83,https://shared.akamai.steamstatic.com/store_item_assets/steam/apps/990080/be2971b1023bccb04f993887d70ef4d2060262cf/header.jpg?t=1790097140,호그와트 레거시는 몰입형 오픈월드 액션 RPG입니다. 이제 여러분도 꿈에 그리던 마법 세계에 직접 영향을 끼칠 수 있습니다. 마법 세계에서 펼쳐지는 모험의 주인공이 되어보세요.,5999,USD,1
2358720,검은 신화: 오공,game,0,13,2024년 8월 19일,0,Game Science,Game Science,액션;어드벤처;RPG,싱글 플레이어;Steam 도전 과제;컨트롤러 완벽 지원;Steam 트레이딩 카드;게임패드 권장;퀵타임 이벤트 없이 플레이 가능;DualSense 컨트롤러 지원;DualSense 컨트롤러 지원;스테레오 사운드;서라운드 사운드;Steam Cloud;가족 공유,windows,full,,https://shared.akamai.steamstatic.com/store_item_assets/steam/apps/2358720/header.jpg?t=1760601605,"《검은 신화: 오공》은 중국 신화를 배경으로 하는 액션 RPG 게임입니다. 당신은 '천명을 지닌 자'가 되어 과거의 전설 속 진실을 밝히기 위해, 위험과 놀라움이 가득한 서역으로의 여정에 나서게 됩니다.",5999,USD,1
289070,Sid Meier’s Civilization® VI,game,0,0,2016년 10월 20일,0,Firaxis Games;Aspyr (Mac);Aspyr (Linux),2K;Aspyr (Mac);Aspyr (Linux),전략,싱글 플레이어;멀티플레이어;PvP;온라인 PvP;LAN PvP;스크린 공유 및 분할 PvP;공유 및 분할 화면;크로스 플랫폼 멀티플레이어;Steam 도전 과제;Steam 트레이딩 카드;Steam 창작마당;앱 내 구매;Steam 턴 알림;Remote Play 태블릿;Remote Play Together;가족 공유,windows;mac;linux,,88,https://shared.akamai.steamstatic.com/store_item_assets/steam/apps/289070/header.jpg?t=1784651829,"문명 VI 에서는 새로운 방식으로 세상과 소통하고, 제국의 영토를 확장시키며, 문화를 발전시키고, 역사속 위대한 지도자들에 맞서 오래도록 지속될 나만의 문명을 건설해볼 수 있습니다. 클레오파트라를 비롯한 20명의 역사 속 지도자들 중 한명으로 플레이 해보세요.",5999,USD,1
255710,Cities: Skylines,game,0,0,2015년 3월 10일,0,Colossal Order,Paradox Interactive,시뮬레이션;전략,싱글 플레이어;Steam 도전 과제;Steam 트레이딩 카드;Steam 창작마당;Steam Cloud;레벨 에디터 포함;Remote Play 태블릿;가족 공유,windows;mac;linux,,85,https://shared.akamai.steamstatic.com/store_item_assets/steam/apps/255710/header.jpg?t=1789394186,Cities: Skylines is a modern take on the classic city simulation. The game introduces new game play elements to realize the thrill and hardships of creating and maintaining a real city whilst expanding on some well-established tropes of the city building experience.,2999,USD,1
1174180,Red Dead Redemption 2,game,0,17,2019년 12월 5일,0,Rockstar Games,Rockstar Games,액션;어드벤처,싱글 플레이어;멀티플레이어;PvP;온라인 PvP;협동;온라인 협동;Steam 도전 과제;앱 내 구매;컨트롤러 일부 지원;Remote Play 휴대전화;Remote Play 태블릿,windows,,93,https://shared.akamai.steamstatic.com/store_item_assets/steam/apps/1174180/header.jpg?t=1759502961,"아서 모건과 반 더 린드 갱단은 도주 중인 무법자입니다. 정부 요원과 현상금 사냥꾼들에게 추격당하는 그들은 살아남기 위해 강도질과 도둑질, 싸움을 거듭하며 미국의 험난한 심장부를 달려 나갑니다.",5999,USD,1
292030,더 위쳐 3: 와일드 헌트 - 컴플리트 에디션,game,0,17,2015년 5월 18일,0,CD PROJEKT RED,CD PROJEKT RED,RPG,싱글 플레이어;Steam 도전 과제;Steam 트레이딩 카드;Steam 창작마당;텍스트 크기 조정;카메라 움직임 조정;색상 대체;음량 개별 조절;난이도 조정;퀵타임 이벤트 없이 플레이 가능;수시 저장;스테레오 사운드;서라운드 사운드;컨트롤러 일부 지원;Steam Cloud;Remote Play 태블릿;Remote Play TV;HDR 사용 가능;가족 공유,windows,,93,https://shared.akamai.steamstatic.com/store_item_assets/steam/apps/292030/f52686b11ef743958fb79732dbdbf5b5b1de67cb/header_alt_assets_4_koreana.jpg?t=1788333513,"리비아의 게롤트가 되어 의뢰를 받고 괴물을 사냥하세요. 전쟁의 상처가 가득하고 괴물이 들끓는 대륙을 마음껏 탐험해 보세요. 지금 가장 중요한 일은 대륙의 판도를 뒤바꿀 수도 있는 살아 있는 무기이자 예언의 아이, 시리를 추적하는 것입니다.",4999,USD,1
359550,톰 클랜시의 레인보우식스 시즈,game,1,17,2015년 12월 1일,0,Ubisoft Montreal,Ubisoft,액션;무료 플레이,싱글 플레이어;멀티플레이어;PvP;온라인 PvP;협동;온라인 협동;컨트롤러 완벽 지원;Steam 트레이딩 카드;앱 내 구매;DUALSHOCK 컨트롤러 지원;DUALSHOCK 컨트롤러 지원;DualSense 컨트롤러 지원;DualSense 컨트롤러 지원;Remote Play 휴대전화;Remote Play 태블릿,windows,full,,https://shared.akamai.steamstatic.com/store_item_assets/steam/apps/359550/6b69a8d5ac8d0542bba5c735a8bcc5bb33cda42e/header_alt_assets_25.jpg?t=1790108602,톰 클랜시의 레인보우식스 시즈는 탁월한 계획과 기술이 승부를 좌우하는 전술적인 정예 팀 기반 슈팅 게임입니다.,,,1
1172470,Apex 레전드™,game,1,0,2020년 11월 4일,0,Respawn,Electronic Arts,액션;어드벤처;무료 플레이,멀티플레이어;PvP;온라인 PvP;협동;온라인 협동;Steam 도전 과제;컨트롤러 완벽 지원;Steam 트레이딩 카드;앱 내 구매;음성 채팅 텍스트 변환;퀵타임 이벤트 없이 플레이 가능;DUALSHOCK 컨트롤러 지원;DualSense 컨트롤러 지원;DualSense 컨트롤러 지원,windows,full,88,https://shared.akamai.steamstatic.com/store_item_assets/steam/apps/1172470/60fcaedb88ccf94df30281533d828b86c6ffb9b6/header_alt_assets_5.jpg?t=1790164440,"Apex 레전드는 Respawn Entertainment에서 제작한 다양한 수상 경력을 자랑하는 무료 플레이 히어로 슈팅 게임입니다. 게임에 계속해서 추가되는 레전드 캐릭터들의 강력한 능력을 마스터하고 깊이 있는 전술적 분대 플레이, 새롭게 진화하는 게임플레이를 지닌 히어로 슈팅과 배틀 로얄의 혁신을 경험하세요.",,,1
105600,Terraria,game,0,0,2011년 5월 16일,0,Re-Logic,Re-Logic,액션;어드벤처;인디;RPG,싱글 플레이어;멀티플레이어;PvP;온라인 PvP;협동;온라인 협동;Steam 도전 과제;컨트롤러 완벽 지원;Steam 트레이딩 카드;Steam Cloud;Remote Play 휴대전화;Remote Play 태블릿;Remote Play TV;가족 공유,windows;mac;linux,full,83,https://shared.akamai.steamstatic.com/store_item_assets/steam/apps/105600/header.jpg?t=1769844435,"Dig, fight, explore, build! Nothing is impossible in this action-packed adventure game. Four Pack also available!",999,USD,1
431960,Wallpaper Engine,game,0,0,2018년 11월 16일,0,Wallpaper Engine Team,Wallpaper Engine Team,캐주얼;인디;애니메이션과 모델링;디자인과 일러스트레이션;사진 편집;유틸리티,Steam 도전 과제;Steam 트레이딩 카드;Steam 창작마당;Steam 창작마당;레벨 에디터 포함,windows,,,https://shared.akamai.steamstatic.com/store_item_assets/steam/apps/431960/header.jpg?t=1779452230,바탕화면에서 멋진 라이브 배경화면을 사용하세요. 자신의 이미지를 애니메이션으로 만들어서 새 배경화면을 생성하거나 비디오/웹 사이트를 가져와서 Steam Workshop에서 공유하세요!,499,USD,1
550,Left 4 Dead 2,game,0,0,2009년 11월 16일,0,Valve,Valve,액션,싱글 플레이어;멀티플레이어;PvP;온라인 PvP;협동;온라인 협동;Steam 도전 과제;컨트롤러 완벽 지원;Steam 트레이딩 카드;캡션 이용 가능;Steam 창작마당;카메라 움직임 조정;색상 대체;음량 개별 조절;난이도 조정;퀵타임 이벤트 없이 플레이 가능;DUALSHOCK 컨트롤러 지원;DUALSHOCK 컨트롤러 지원;DualSense 컨트롤러 지원;DualSense 컨트롤러 지원;Steam Input API 지원;스테레오 사운드;서라운드 사운드;Steam Cloud;Valve Anti-Cheat 사용;통계;Source SDK 포함;코멘터리 제공;Remote Play 휴대전화;Remote Play 태블릿;Remote Play TV;Remote Play Together;가족 공유;Steam 타임라인,windows;linux,full,89,https://shared.akamai.steamstatic.com/store_item_assets/steam/apps/550/header.jpg?t=1772742214,"Set in the zombie apocalypse, Left 4 Dead 2 is a co-operative action horror FPS takes you and your friends through the cities, swamps and cemeteries of the Deep South, from Savannah to New Orleans across five expansive campaigns.",999,USD,1
1245620,ELDEN RING,game,0,16,2022년 2월 24일,0,"FromSoftware, Inc.","FromSoftware, Inc.;Bandai Namco Entertainment",액션;RPG,싱글 플레이어;멀티플레이어;PvP;온라인 PvP;협동;온라인 협동;Steam 도전 과제;컨트롤러 완벽 지원;Steam 트레이딩 카드;카메라 움직임 조정;음량 개별 조절;퀵타임 이벤트 없이 플레이 가능;수시 저장;스테레오 사운드;서라운드 사운드;Steam Cloud;가족 공유,windows,full,94,https://shared.akamai.steamstatic.com/store_item_assets/steam/apps/1245620/9b13a2b8d5e63014c0042665a210912b0397b678/header_alt_assets_3_koreana.jpg?t=1790290043,"본 게임은 본격적인 다크 판타지 세계를 무대로 한 액션 RPG입니다. 드넓은 필드와 던전 탐험을 통해 미지의 것들을 발견해 보세요. 앞길을 막아서는 난관과 그것을 극복했을 때의 달성감, 그리고 등장인물들의 의도가 교착하는 군상극도 즐기실 수 있습니다.",5999,USD,1
570,Dota 2,game,1,0,2013년 7월 9일,0,Valve,Valve,액션;전략;무료 플레이,멀티플레이어;협동;Steam 트레이딩 카드;Steam 창작마당;SteamVR 수집품;앱 내 구매;카메라 움직임 조정;색상 대체;음량 개별 조절;Valve Anti-Cheat 사용;Steam 타임라인,windows;mac;linux,,90,https://shared.akamai.steamstatic.com/store_item_assets/steam/apps/570/header.jpg?t=1769535998,"매일, 전 세계 수백 만의 플레이어가 백여 명의 도타 영웅 중 하나가 되어 전장에 뛰어듭니다. 10시간을 했든, 1,000시간을 했든 언제나 새롭게 느껴지는 무언가가 있습니다. 정기적인 업데이트로 게임플레이, 기능, 영웅이 끊임없이 진화하는 도타 2는 그 자체의 생명력으로 살아 숨 쉬는 게임입니다.",,,1
730,Counter-Strike 2,game,1,0,2012년 8월 21일,0,Valve,Valve,액션;무료 플레이,멀티플레이어;크로스 플랫폼 멀티플레이어;Steam 트레이딩 카드;Steam 창작마당;Steam 창작마당;앱 내 구매;텍스트 크기 조정;카메라 움직임 조정;색상 대체;음량 개별 조절;퀵타임 이벤트 없이 플레이 가능;스테레오 사운드;서라운드 사운드;Valve Anti-Cheat 사용;통계;Remote Play 휴대전화;Remote Play 태블릿;Remote Play TV;Steam 타임라인,windows;linux,,,https://shared.akamai.steamstatic.com/store_item_assets/steam/apps/730/162664aa5da85f418105350c5d67ca565f6c3713/header.jpg?t=1789251637,Counter-Strike는 20년이 넘는 시간 동안 전 세계 수백만 명의 플레이어가 모여 수준 높은 경쟁을 펼칠 수 있는 플랫폼을 제공해 왔습니다. 그리고 이제 곧 Counter-Strike 2와 함께 새로운 CS 시대의 막이 열립니다.,,,1
578080,PUBG: BATTLEGROUNDS,game,1,13,2017년 12월 21일,0,PUBG Corporation,"KRAFTON, Inc.",액션;어드벤처;대규모 멀티플레이어;무료 플레이,멀티플레이어;PvP;온라인 PvP;음량 개별 조절;스테레오 사운드;서라운드 사운드;컨트롤러 일부 지원;통계;Remote Play 휴대전화;Remote Play 태블릿;가족 공유,windows,,,https://shared.akamai.steamstatic.com/store_item_assets/steam/apps/578080/841ea38bc58cabb70aef65365cf50bc2d79329d9/header.jpg?t=1786493086,"배틀로얄 유행의 시작이자, 그 정수를 보여준 PUBG: 배틀그라운드를 지금 무료로 플레이하세요! 다양한 맵에 낙하하여 무기와 보급품을 확보하고, 점점 줄어드는 블루존 속에서 끝까지 살아남아 승리를 쟁취하세요.",,,1
271590,Grand Theft Auto V 레거시,game,0,17,2015년 4월 13일,0,Rockstar North,Rockstar Games,액션;어드벤처,싱글 플레이어;멀티플레이어;PvP;온라인 PvP;협동;온라인 협동;Steam 도전 과제;컨트롤러 완벽 지원;Remote Play 휴대전화;Remote Play 태블릿;Remote Play TV,windows,full,96,https://shared.akamai.steamstatic.com/store_item_assets/steam/apps/271590/header.jpg?t=1765387725,"PC용 Grand Theft Auto V는 각종 수상에 빛나는 로스 산토스와 블레인 카운티의 거대한 세상을 최대 4K 이상의 해상도로 둘러볼 수 있는 기회를 플레이어에게 제공하며, 초당 60프레임으로 게임을 실행할 수도 있습니다.",,,1
1086940,Baldur's Gate 3,game,0,17,2023년 8월 3일,0,Larian Studios,Larian Studios,어드벤처;RPG;전략,싱글 플레이어;멀티플레이어;협동;온라인 협동;LAN 협동;크로스 플랫폼 멀티플레이어;Steam 도전 과제;컨트롤러 완벽 지원;Steam 트레이딩 카드;텍스트 크기 조정;카메라 움직임 조정;색상 대체;음량 개별 조절;난이도 조정;퀵타임 이벤트 없이 플레이 가능;DUALSHOCK 컨트롤러 지원;DUALSHOCK 컨트롤러 지원;DualSense 컨트롤러 지원;DualSense 컨트롤러 지원;수시 저장;스테레오 사운드;자막 옵션;서라운드 사운드;Steam Cloud;Remote Play TV;Remote Play Together;가족 공유,windows;mac,full,96,https://shared.akamai.steamstatic.com/store_item_assets/steam/apps/1086940/48a2fcbda8565bb45025e98fd8ebde8a7203f6a0/header.jpg?t=1777363040,"Baldur’s Gate 3 is a story-rich, party-based RPG set in the universe of Dungeons &amp; Dragons, where your choices shape a tale of fellowship and betrayal, survival and sacrifice, and the lure of absolute power.",5999,USD,1
1091500,Cyberpunk 2077,game,0,17,2020년 12월 9일,0,CD PROJEKT RED,CD PROJEKT RED,RPG,싱글 플레이어;Steam 도전 과제;컨트롤러 완벽 지원;Steam 트레이딩 카드;텍스트 크기 조정;카메라 움직임 조정;색상 대체;음량 개별 조절;난이도 조정;퀵타임 이벤트 없이 플레이 가능;DUALSHOCK 컨트롤러 지원;DualSense 컨트롤러 지원;DualSense 컨트롤러 지원;수시 저장;스테레오 사운드;자막 옵션;서라운드 사운드;Steam Cloud;HDR 사용 가능;가족 공유,windows;mac,full,86,https://shared.akamai.steamstatic.com/store_item_assets/steam/apps/1091500/26b96fa9c8af43189cbecbbc329ade29d9c9cf3e/header_koreana.jpg?t=1784714077,"사이버펑크 2077은 권력과 돈, 끝없는 신체 개조에 집착하는 어두운 미래의 위험천만한 메갈로폴리스, '나이트 시티'를 배경으로 한 오픈 월드 액션 어드벤처 RPG입니다.",5999,USD,1
413150,Stardew Valley,game,0,0,2016년 2월 26일,0,ConcernedApe,ConcernedApe,인디;RPG;시뮬레이션,싱글 플레이어;멀티플레이어;협동;온라인 협동;LAN 협동;스크린 공유 및 분할 협동;공유 및 분할 화면;Steam 도전 과제;컨트롤러 완벽 지원;Steam 트레이딩 카드;Steam Cloud;Remote Play 휴대전화;Remote Play 태블릿;Remote Play Together;가족 공유,windows;mac;linux,full,89,https://shared.akamai.steamstatic.com/store_item_assets/steam/apps/413150/header.jpg?t=1786554168,"You've inherited your grandfather's old farm plot in Stardew Valley. Armed with hand-me-down tools and a few coins, you set out to begin your new life. Can you learn to live off the land and turn these overgrown fields into a thriving home?",1499,USD,1
252490,Rust,game,0,0,2018년 2월 8일,0,Facepunch Studios,Facepunch Studios,액션;어드벤처;인디;대규모 멀티플레이어;RPG,멀티플레이어;MMO;PvP;온라인 PvP;협동;온라인 협동;크로스 플랫폼 멀티플레이어;Steam 도전 과제;Steam 트레이딩 카드;Steam 창작마당;앱 내 구매;텍스트 크기 조정;카메라 움직임 조정;색상 대체;음량 개별 조절;난이도 조정;스테레오 사운드;자막 옵션;서라운드 사운드;Valve Anti-Cheat 사용;통계;Remote Play 태블릿,windows;mac,,69,https://shared.akamai.steamstatic.com/store_item_assets/steam/apps/252490/header.jpg?t=1781536981,"Rust에서의 목표는 오직 하나, 바로 살아남는 것입니다. 섬의 야생 동물, 다른 주민, 환경, 다른 생존자 모두가 여러분의 목숨을 노립니다. 하루 더 살아남을 수 있다면 수단과 방법을 가리지 마세요.",3999,USD,1
4000,Garry's Mod,game,0,0,2006년 11월 29일,0,Facepunch Studios,Valve,캐주얼;인디;시뮬레이션,싱글 플레이어;멀티플레이어;PvP;온라인 PvP;LAN PvP;협동;온라인 협동;LAN 협동;크로스 플랫폼 멀티플레이어;Steam 도전 과제;Steam 트레이딩 카드;캡션 이용 가능;Steam 창작마당;색상 대체;음량 개별 조절;난이도 조정;퀵타임 이벤트 없이 플레이 가능;수시 저장;스테레오 사운드;Steam Cloud;Valve Anti-Cheat 사용;레벨 에디터 포함;Source SDK 포함;Remote Play 태블릿;가족 공유,windows;mac;linux,,,https://shared.akamai.steamstatic.com/store_item_assets/steam/apps/4000/header.jpg?t=1776868682,Garry's Mod is a physics sandbox. There aren't any predefined aims or goals. We give you the tools and leave you to play.,999,USD,1
322330,Don't Starve Together,game,0,0,2016년 4월 21일,0,Klei Entertainment,Klei Entertainment,액션;어드벤처;인디;RPG;시뮬레이션;전략,싱글 플레이어;멀티플레이어;PvP;온라인 PvP;LAN PvP;협동;온라인 협동;LAN 협동;컨트롤러 완벽 지원;Steam 트레이딩 카드;Steam 창작마당;앱 내 구매;텍스트 크기 조정;카메라 움직임 조정;색상 대체;음량 개별 조절;난이도 조정;키보드 전용 옵션;마우스 전용 옵션;퀵타임 이벤트 없이 플레이 가능;수시 저장;스테레오 사운드;Remote Play 휴대전화;Remote Play 태블릿;Remote Play TV;가족 공유,windows;mac;linux,full,83,https://shared.akamai.steamstatic.com/store_item_assets/steam/apps/322330/51e5f44e4e38ce02a985687df4fdc8feb678219b/header.jpg?t=1790287771,Don't Starve Together는 혹독한 생존 게임인 Don't Starve의 독립형 멀티플레이어 익스팬션입니다.,1499,USD,1
1085660,데스티니 가디언즈,game,1,0,2019년 10월 1일,0,Bungie,Bungie,액션;어드벤처;무료 플레이,싱글 플레이어;멀티플레이어;PvP;온라인 PvP;협동;온라인 협동;Steam 도전 과제;앱 내 구매;색상 대체;음량 개별 조절;DUALSHOCK 컨트롤러 지원;DualSense 컨트롤러 지원;자막 옵션;컨트롤러 일부 지원;가족 공유,windows,,83,https://shared.akamai.steamstatic.com/store_item_assets/steam/apps/1085660/34e901dac9d959129d25c4b7ae8def80df99827e/header_koreana.jpg?t=1781815889,"데스티니 가디언즈에서 태양계의 미스터리를 탐험하고 짜릿한 1인칭 슈팅 전투를 경험하세요. 이야기 임무, 협동, PvP 모드에서 강력한 능력을 해제하고 특별한 장비를 수집하세요.",,,1
230410,Warframe,game,1,17,2013년 3월 25일,0,Digital Extremes,Digital Extremes,액션;RPG;무료 플레이,싱글 플레이어;멀티플레이어;협동;온라인 협동;크로스 플랫폼 멀티플레이어;Steam 도전 과제;컨트롤러 완벽 지원;Steam 트레이딩 카드;Steam 창작마당;앱 내 구매;카메라 움직임 조정;색상 대체;음량 개별 조절;퀵타임 이벤트 없이 플레이 가능;DUALSHOCK 컨트롤러 지원;DUALSHOCK 컨트롤러 지원;DualSense 컨트롤러 지원;DualSense 컨트롤러 지원;Steam Input API 지원;스테레오 사운드;서라운드 사운드;Remote Play 휴대전화;Remote Play 태블릿;Remote Play TV;HDR 사용 가능,windows,full,69,https://shared.akamai.steamstatic.com/store_item_assets/steam/apps/230410/1a3e7c2a05ce4e5cad5ac4c7e858cf5b0934704e/header.jpg?t=1790176468,"이 스토리 중심의 부분 유료 온라인 액션 게임에서 그 누구도 멈출 수 없는 강력한 전사로 깨어나 동료들과 함께 싸움에 임하세요. 여러 행성에 걸쳐 뻗어나가는 성계 이곳저곳에서 전쟁을 벌이는 세력들과 맞서며, 신비로운 인물, 로터스의 안내에 따르며 워프레임을 레벨업하고, 파괴적인 화력을 가진 무기고를 쌓아올리고, 이 짜릿한, 전혀 새로운 장르의 3인칭 전투 경험 속의 거대한 오픈 월드에서 여러분의 진짜 잠재력을 불러일으키세요.",,,1
294100,RimWorld,game,0,0,2018년 10월 17일,0,Ludeon Studios,Ludeon Studios,인디;시뮬레이션;전략,싱글 플레이어;Steam 창작마당;텍스트 크기 조정;카메라 움직임 조정;음량 개별 조절;난이도 조정;마우스 전용 옵션;퀵타임 이벤트 없이 플레이 가능;수시 저장;컨트롤러 일부 지원;Steam Cloud;Remote Play 태블릿;가족 공유,windows;mac;linux,,87,https://shared.akamai.steamstatic.com/store_item_assets/steam/apps/294100/76e0613b8197327299d5dbabb0a7fd7828a689a2/header.jpg?t=1782756789,"지능형 AI 이야기꾼이 주도하는 공상과학 정착지 시뮬레이터입니다. 심리, 생태, 총격전과 근접전, 날씨, 기후, 외교, 사람 사이의 관계, 예술, 의학, 무역, 그 외 많은 것들을 시뮬레이션하여 이야기를 생성합니다.",3499,USD,1
227300,Euro Truck Simulator 2,game,0,0,2012년 10월 12일,0,SCS Software,SCS Software,인디;시뮬레이션,싱글 플레이어;멀티플레이어;협동;온라인 협동;Steam 도전 과제;Steam 트레이딩 카드;Steam 창작마당;카메라 움직임 조정;음량 개별 조절;난이도 조정;키보드 전용 옵션;퀵타임 이벤트 없이 플레이 가능;수시 저장;Steam Input API 지원;스테레오 사운드;서라운드 사운드;컨트롤러 일부 지원;Steam Cloud;레벨 에디터 포함;Remote Play 휴대전화;Remote Play 태블릿;Remote Play Together;가족 공유,windows;mac;linux,,79,https://shared.akamai.steamstatic.com/store_item_assets/steam/apps/227300/4f6ff00d3732ed0da2e28a4e7182f0036df8ab90/header_alt_assets_8.jpg?t=1790001194,"도로의 왕이 되어 인상적인 거리를 가로질러 중요한 화물을 배달하는 트럭 운전사가 되어 유럽을 여행하세요! 탐험할 도시가 수십 개나 되므로, 당신의 인내심, 기술, 속도가 모두 한계에 도달할 것입니다.",1999,USD,1
1203220,NARAKA: BLADEPOINT,game,1,0,2021년 8월 11일,0,24 Entertainment,NetEase Games ,액션;어드벤처;대규모 멀티플레이어;무료 플레이,멀티플레이어;PvP;온라인 PvP;Steam 도전 과제;Steam 트레이딩 카드;앱 내 구매;컨트롤러 일부 지원;HDR 사용 가능,windows,,,https://shared.akamai.steamstatic.com/store_item_assets/steam/apps/1203220/d020e738004b684d99abadbaddd8667c439ff882/header.jpg?t=1785376833,"나라카: 블레이드포인트는 60명의 유저가 동시에 플레이하며, 와이어 액션과 근거리 전투가 합쳐져 화려한 난전을 연출합니다. 중력을 거스르는 움직임, 방대한 근거리 및 원거리 무기, 디테일한 커스터마이징 기능 등 각각의 스타일이 다른 다양한 영웅들과 개성 넘치는 스킨 등 아시아의 배경 속 전설적인 전투 액션을 지금 바로 느껴보세요.",,,1
2050650,BIOHAZARD RE:4,game,0,0,2023년 3월 23일,0,"CAPCOM Co., Ltd.","CAPCOM Co., Ltd.",액션;어드벤처,싱글 플레이어;Steam 도전 과제;컨트롤러 완벽 지원;Steam 트레이딩 카드;Steam Cloud;HDR 사용 가능;가족 공유,windows,full,91,https://shared.akamai.steamstatic.com/store_item_assets/steam/apps/2050650/header_koreana.jpg?t=1772502922,"죽음을 피하고, 쓰러트리는 쾌감. 전례 없는 생물 재해 &quot;라쿤 사건&quot;으로부터 6년― 대통령 직속 요원이 된 레온 S. 케네디에게 주어진, 유괴된 대통령 영애의 구출 임무. &quot;광기&quot;에 지배된 마을에 발을 들이게 된 레온은… 생과 사, 공포와 카타르시스가 교차되는 가혹한 구출극의 막이 지금 열립니다. 직감적인 조작과 최신 그래픽, 재구성된 스토리와 함께 다시 살아나는 서바이벌 호러.",3999,USD,1
381210,Dead by Daylight,game,0,17,2016년 6월 14일,0,Behaviour Interactive Inc.,Behaviour Interactive Inc.,액션,멀티플레이어;PvP;온라인 PvP;협동;온라인 협동;크로스 플랫폼 멀티플레이어;Steam 도전 과제;컨트롤러 완벽 지원;Steam 트레이딩 카드;색상 대체;음량 개별 조절;Steam Input API 지원;스테레오 사운드;자막 옵션;서라운드 사운드;Steam Cloud;Remote Play 휴대전화;Remote Play 태블릿;Remote Play TV;가족 공유,windows,full,,https://shared.akamai.steamstatic.com/store_item_assets/steam/apps/381210/header.jpg?t=1787769494,10년의 호러. 10년간 돌발적으로 급습한 공포와 아슬아슬한 순간들. 10년의 잔혹한 희생과 짜릿한 탈출. 죽음조차도 피할 수 없는 섬뜩한 악의 영역에 영원히 갇힌 네 명의 생존자는 신경과 재치를 시험하는 잔혹한 게임에서 피에 굶주린 살인마에 맞서 싸워야 합니다. 어느 편에 설지 선택하고 공포 게임 최고의 비대칭 멀티플레이어에서 긴장감과 공포의 세계로 들어가보세요.,1999,USD,1
620,Portal 2,game,0,0,2011년 4월 18일,0,Valve,Valve,액션;어드벤처,싱글 플레이어;멀티플레이어;협동;온라인 협동;스크린 공유 및 분할 협동;공유 및 분할 화면;Steam 도전 과제;컨트롤러 완벽 지원;Steam 트레이딩 카드;캡션 이용 가능;Steam 창작마당;Steam 창작마당;카메라 움직임 조정;음량 개별 조절;퀵타임 이벤트 없이 플레이 가능;DUALSHOCK 컨트롤러 지원;DUALSHOCK 컨트롤러 지원;DualSense 컨트롤러 지원;DualSense 컨트롤러 지원;수시 저장;Steam Input API 지원;스테레오 사운드;서라운드 사운드;Steam Cloud;통계;레벨 에디터 포함;코멘터리 제공;Remote Play 휴대전화;Remote Play 태블릿;Remote Play TV;Remote Play Together;가족 공유,windows;linux,full,95,https://shared.akamai.steamstatic.com/store_item_assets/steam/apps/620/faffc0f560786e2f05104a8d2fac837c6969bf13/header.jpg?t=1790187113,'지속적 실험 계획'은 친구들과 함께 협동하여 푸는 퍼즐을 디자인할 수 있도록 확장되었습니다!,999,USD,1
440,Team Fortress 2,game,1,0,2007년 10월 10일,0,Valve,Valve,액션;무료 플레이,멀티플레이어;크로스 플랫폼 멀티플레이어;Steam 도전 과제;Steam 트레이딩 카드;캡션 이용 가능;Steam 창작마당;앱 내 구매;카메라 움직임 조정;색상 대체;음량 개별 조절;스테레오 사운드;서라운드 사운드;컨트롤러 일부 지원;Valve Anti-Cheat 사용;통계;레벨 에디터 포함;코멘터리 제공;Remote Play 휴대전화;Remote Play 태블릿,windows;linux,,92,https://shared.akamai.steamstatic.com/store_item_assets/steam/apps/440/header.jpg?t=1757348372,"다양한 전술적 능력과 뚜렷한 개성을 갖춘 9가지 병과의 캐릭터를 플레이하세요. 끊임없이 업데이트되는 새로운 게임 모드, 맵, 장비 그리고 가장 중요한 모자까지 지금 바로 즐겨보세요!",,,1
1817070,Marvel’s Spider-Man Remastered,game,0,0,2022년 8월 12일,0,Insomniac Games;Nixxes Software,PlayStation Publishing LLC,액션;어드벤처;캐주얼,싱글 플레이어;Steam 도전 과제;컨트롤러 완벽 지원;텍스트 크기 조정;카메라 움직임 조정;색상 대체;음량 개별 조절;난이도 조정;퀵타임 이벤트 없이 플레이 가능;DUALSHOCK 컨트롤러 지원;DUALSHOCK 컨트롤러 지원;DualSense 컨트롤러 지원;DualSense 컨트롤러 지원;수시 저장;Steam Input API 지원;스테레오 사운드;자막 옵션;서라운드 사운드;Steam Cloud;Remote Play TV;가족 공유,windows,full,,https://shared.akamai.steamstatic.com/store_item_assets/steam/apps/1817070/header.jpg?t=1787838689,"Marvel’s Spider-Man Remastered의 오리지널 액션으로 꽉 찬 스토리에서 피터 파커와 스파이더맨의 세계가 서로 충돌합니다. 마블의 뉴욕시에서 거대 범죄 및 상징적인 빌런과 싸우는 노련한 피터 파커가 되어보세요. 생동감 넘치는 동네를 웹 스윙으로 이동하며, 극적인 테이크다운으로 악당을 제압하세요.",5999,USD,1
1623730,Palworld / 팰월드,game,0,0,2026년 7월 9일,0,Pocketpair,Pocketpair,액션;어드벤처;인디;RPG,싱글 플레이어;멀티플레이어;협동;온라인 협동;크로스 플랫폼 멀티플레이어;Steam 도전 과제;컨트롤러 완벽 지원;Steam 트레이딩 카드;Steam 창작마당;DUALSHOCK 컨트롤러 지원;DUALSHOCK 컨트롤러 지원;DualSense 컨트롤러 지원;DualSense 컨트롤러 지원;Steam Cloud;가족 공유,windows,full,,https://shared.akamai.steamstatic.com/store_item_assets/steam/apps/1623730/6912f19c43a95ff5fe514eedd35e68bf12335459/header.jpg?t=1790336367,"드넓은 세계에 서식하는 신비한 생물 &quot;팰&quot;을 수집하여 전투, 건축, 농업에 투입하거나 공장에서 일을 시키는 등, 전에 없던 새로운 체험을 선사하는 멀티 지원 오픈월드 서바이벌 크래프트 게임입니다.",2999,USD,1
238960,Path of Exile,game,1,0,2013년 10월 23일,0,Grinding Gear Games,Grinding Gear Games,액션;어드벤처;인디;대규모 멀티플레이어;RPG;무료 플레이,싱글 플레이어;멀티플레이어;MMO;PvP;온라인 PvP;협동;온라인 협동;Steam 도전 과제;컨트롤러 완벽 지원;Steam 트레이딩 카드;앱 내 구매;DUALSHOCK 컨트롤러 지원;DUALSHOCK 컨트롤러 지원;DualSense 컨트롤러 지원;DualSense 컨트롤러 지원;Remote Play 태블릿,windows;mac,full,86,https://shared.akamai.steamstatic.com/store_item_assets/steam/apps/238960/177c953b362c5a6221f9c15d340a0b1e2b8bfab8/header.jpg?t=1784681738,"You are an Exile, struggling to survive on the dark continent of Wraeclast, as you fight to earn power that will allow you to exact your revenge against those who wronged you. Path of Exile is an online Action RPG set in a dark fantasy world. The game is completely free and will never be pay-to-win.",,,1
1290000,PowerWash Simulator,game,0,0,2022년 7월 14일,0,FuturLab,FuturLab,캐주얼;인디;시뮬레이션,싱글 플레이어;멀티플레이어;협동;온라인 협동;크로스 플랫폼 멀티플레이어;Steam 도전 과제;컨트롤러 완벽 지원;Steam 트레이딩 카드;DUALSHOCK 컨트롤러 지원;DUALSHOCK 컨트롤러 지원;DualSense 컨트롤러 지원;DualSense 컨트롤러 지원;Steam Cloud;가족 공유,windows,full,,https://shared.akamai.steamstatic.com/store_item_assets/steam/apps/1290000/header.jpg?t=1780392261,"PowerWash Simulator로 스트레스를 날려버리세요! 세차게 뿜어지는 물줄기 소리로 걱정을 씻어내세요. 파워 세척기를 켜고 눈에 보이는 먼지와 얼룩을 모두 날려 버리고, 반짝이는 마무리로 파워 세척이 주는 소소한 만족감을 느껴보세요.",2499,USD,1
1794680,Vampire Survivors,game,0,0,2022년 10월 20일,0,poncle,poncle,액션;캐주얼;인디;RPG,싱글 플레이어;멀티플레이어;협동;온라인 협동;Steam 도전 과제;컨트롤러 완벽 지원;Steam 트레이딩 카드;Steam Cloud;Remote Play Together;가족 공유,windows;mac,full,86,https://shared.akamai.steamstatic.com/store_item_assets/steam/apps/1794680/2ca07b690dde645771125ed9d9206c4c5fde4dd4/header.jpg?t=1787911678,수많은 어둠의 피조물을 쓰러뜨리며 새벽이 올 때까지 생존하세요! Vampire Survivors는 로그라이트 요소를 갖춘 고딕 호러 케주얼 게임입니다. 당신의 선택으로 순식간에 수백 마리의 괴물이 눈덩이처럼 불어날 수 있죠.,499,USD,1
1599340,Lost Ark,game,1,17,2022년 2월 11일,0,Smilegate RPG,Amazon Game Studios,액션;어드벤처;대규모 멀티플레이어;RPG;무료 플레이,싱글 플레이어;멀티플레이어;MMO;PvP;온라인 PvP;협동;온라인 협동;Steam 도전 과제;앱 내 구매;텍스트 크기 조정;카메라 움직임 조정;색상 대체;음량 개별 조절;키보드 전용 옵션;퀵타임 이벤트 없이 플레이 가능;수시 저장;컨트롤러 일부 지원,windows,,,https://shared.akamai.steamstatic.com/store_item_assets/steam/apps/1599340/header.jpg?t=1763571534,"Embark on an odyssey for the Lost Ark in a vast, vibrant world: explore new lands, seek out lost treasures, and test yourself in thrilling action combat in this action-packed free-to-play RPG.",,,1
