igdb_id,collected_at,rating,rating_count,aggregated_rating,aggregated_rating_count,total_rating,total_rating_count,follows,hypes
115,2026-08-17 11:20:39,75.515,1012,84.0,3,79.758,1015,,
8173,2026-08-17 11:20:39,81.791,1170,89.083,24,85.437,1194,,41
126459,2026-08-17 11:20:39,71.617,502,78.333,6,74.975,508,,30
230,2026-08-17 11:20:39,87.966,1248,,,87.966,1248,,
9804,2026-08-17 11:20:39,73.606,54,50.0,1,61.803,55,,
26606,2026-08-17 11:20:39,78.512,14,,,78.512,14,,
66463,2026-08-17 11:20:39,,,,,,,,
93902,2026-08-17 11:20:39,56.129,5,,,56.129,5,,
26128,2026-08-17 11:20:39,72.28,122,81.25,4,76.765,126,,1
27789,2026-08-17 11:20:39,71.327,606,75.063,16,73.195,622,,27
135400,2026-08-17 11:20:39,82.061,556,,,82.061,556,,
17269,2026-08-17 11:20:39,70.888,442,,,70.888,442,,
1905,2026-08-17 11:20:39,70.982,1000,82.6,5,76.791,1005,,16
6292,2026-08-17 11:20:39,67.424,198,75.0,5,71.212,203,,4
388008,2026-08-17 11:20:39,,,,,,,,
119277,2026-08-17 11:20:39,78.866,662,83.286,7,81.076,669,,19
125626,2026-08-17 11:20:39,69.57,24,,,69.57,24,,2
125165,2026-08-17 11:20:39,76.86,370,89.667,6,83.263,376,,65
9739,2026-08-17 11:20:39,48.962,34,,,48.962,34,,
16741,2026-08-17 11:20:39,65.514,40,65.5,4,65.507,44,,
563,2026-08-17 11:20:39,68.955,55,80.0,1,74.478,56,,
178282,2026-08-17 11:20:39,75.435,195,90.0,1,82.717,196,,
123395,2026-08-17 11:20:39,83.432,65,,,83.432,65,,
139391,2026-08-17 11:20:39,83.959,37,,,83.959,37,,1
117199,2026-08-17 11:20:39,84.741,57,,,84.741,57,,2
21492,2026-08-17 11:20:39,69.658,12,70.0,1,69.829,13,,
242408,2026-08-17 11:20:39,68.642,351,,,68.642,351,,1
621,2026-08-17 11:20:39,81.199,846,86.667,3,83.933,849,,
114795,2026-08-17 11:20:39,75.382,656,88.0,11,81.691,667,,
36926,2026-08-17 11:20:39,83.769,570,93.25,20,88.509,590,,90
119133,2026-08-17 11:20:39,93.465,2240,96.9,10,95.183,2250,,96
1020,2026-08-17 11:20:39,89.648,5878,88.138,27,88.893,5905,,
1877,2026-08-17 11:20:39,82.855,1605,75.238,21,79.046,1626,,1038
119171,2026-08-17 11:20:39,95.036,1577,94.5,10,94.768,1587,,39
119388,2026-08-17 11:20:39,92.724,900,95.333,6,94.029,906,,79
7346,2026-08-17 11:20:39,92.464,2941,97.593,27,95.028,2968,,142
136879,2026-08-17 11:20:39,89.15,231,88.0,4,88.575,235,,180
136625,2026-08-17 11:20:39,78.879,672,84.889,9,81.884,681,,141
25076,2026-08-17 11:20:39,93.246,3783,94.059,17,93.652,3800,,257
1942,2026-08-17 11:20:39,93.789,5415,91.731,26,92.76,5441,,179
17000,2026-08-17 11:20:39,86.075,1801,90.538,13,88.307,1814,,1
1879,2026-08-17 11:20:39,82.329,1044,81.0,13,81.665,1057,,
104967,2026-08-17 11:20:39,84.05,292,90.0,1,87.025,293,,
212089,2026-08-17 11:20:39,75.773,212,,,75.773,212,,
151665,2026-08-17 11:20:39,73.823,269,70.0,1,71.911,270,,1
250616,2026-08-17 11:20:39,81.301,302,87.714,7,84.508,309,,
18866,2026-08-17 11:20:39,70.698,423,67.111,9,68.905,432,,
132516,2026-08-17 11:20:39,68.008,241,,,68.008,241,,1
113112,2026-08-17 11:20:39,89.451,1727,93.529,17,91.49,1744,,3
3277,2026-08-17 11:20:39,68.828,272,77.5,4,73.164,276,,16
186725,2026-08-17 11:20:39,80.994,372,91.4,5,86.197,377,,
1911,2026-08-17 11:20:39,81.836,489,78.0,4,79.918,493,,3
152271,2026-08-17 11:20:39,80.807,81,80.0,1,80.404,82,,2
115,2026-08-19 05:00:01,75.515,1012,84.0,3,79.758,1015,,
8173,2026-08-19 05:00:01,81.791,1171,89.083,24,85.437,1195,,41
126459,2026-08-19 05:00:01,71.617,502,78.333,6,74.975,508,,30
230,2026-08-19 05:00:01,87.965,1249,,,87.965,1249,,
9804,2026-08-19 05:00:01,73.606,54,50.0,1,61.803,55,,
26606,2026-08-19 05:00:01,78.512,14,,,78.512,14,,
66463,2026-08-19 05:00:01,,,,,,,,
93902,2026-08-19 05:00:01,56.129,5,,,56.129,5,,
26128,2026-08-19 05:00:01,72.28,122,81.25,4,76.765,126,,1
27789,2026-08-19 05:00:01,71.317,608,75.063,16,73.19,624,,27
135400,2026-08-19 05:00:01,82.011,558,,,82.011,558,,
17269,2026-08-19 05:00:01,70.885,444,,,70.885,444,,
1905,2026-08-19 05:00:01,70.982,1000,82.6,5,76.791,1005,,16
6292,2026-08-19 05:00:01,67.424,198,75.0,5,71.212,203,,4
388008,2026-08-19 05:00:01,,,,,,,,
119277,2026-08-19 05:00:01,78.866,663,83.286,7,81.076,670,,19
125626,2026-08-19 05:00:01,69.57,24,,,69.57,24,,2
125165,2026-08-19 05:00:01,76.86,370,89.667,6,83.263,376,,65
9739,2026-08-19 05:00:01,48.962,34,,,48.962,34,,
16741,2026-08-19 05:00:01,65.514,40,65.5,4,65.507,44,,
563,2026-08-19 05:00:01,68.955,55,80.0,1,74.478,56,,
178282,2026-08-19 05:00:01,75.435,196,90.0,1,82.717,197,,
123395,2026-08-19 05:00:01,83.432,65,,,83.432,65,,
139391,2026-08-19 05:00:01,83.959,37,,,83.959,37,,1
117199,2026-08-19 05:00:01,84.741,57,,,84.741,57,,2
21492,2026-08-19 05:00:01,69.658,12,70.0,1,69.829,13,,
242408,2026-08-19 05:00:01,68.716,352,,,68.716,352,,1
621,2026-08-19 05:00:01,81.199,846,86.667,3,83.933,849,,
114795,2026-08-19 05:00:01,75.381,657,88.0,11,81.69,668,,
36926,2026-08-19 05:00:01,83.767,571,93.25,20,88.509,591,,90
119133,2026-08-19 05:00:01,93.463,2243,96.9,10,95.181,2253,,96
1020,2026-08-19 05:00:01,89.648,5880,88.138,27,88.893,5907,,
1877,2026-08-19 05:00:01,82.855,1605,75.238,21,79.046,1626,,1038
119171,2026-08-19 05:00:01,95.036,1578,94.5,10,94.768,1588,,39
119388,2026-08-19 05:00:01,92.723,901,95.333,6,94.028,907,,79
7346,2026-08-19 05:00:01,92.463,2943,97.593,27,95.028,2970,,142
136879,2026-08-19 05:00:01,89.144,232,88.0,4,88.572,236,,180
136625,2026-08-19 05:00:01,78.879,672,84.889,9,81.884,681,,141
25076,2026-08-19 05:00:01,93.246,3786,94.059,17,93.652,3803,,257
1942,2026-08-19 05:00:01,93.788,5417,91.731,26,92.76,5443,,179
17000,2026-08-19 05:00:01,86.075,1802,90.538,13,88.307,1815,,1
1879,2026-08-19 05:00:01,82.34,1046,81.0,13,81.67,1059,,
104967,2026-08-19 05:00:01,84.05,292,90.0,1,87.025,293,,
212089,2026-08-19 05:00:01,75.836,213,,,75.836,213,,
151665,2026-08-19 05:00:01,73.823,269,70.0,1,71.911,270,,1
250616,2026-08-19 05:00:01,81.301,303,87.714,7,84.507,310,,
18866,2026-08-19 05:00:01,70.648,424,67.111,9,68.88,433,,
132516,2026-08-19 05:00:01,68.008,241,,,68.008,241,,1
113112,2026-08-19 05:00:01,89.45,1728,93.529,17,91.49,1745,,3
3277,2026-08-19 05:00:01,68.828,273,77.5,4,73.164,277,,16
186725,2026-08-19 05:00:01,80.994,374,91.4,5,86.197,379,,
1911,2026-08-19 05:00:01,81.835,490,78.0,4,79.918,494,,3
152271,2026-08-19 05:00:01,80.807,81,80.0,1,80.404,82,,2
115,2026-08-20 05:00:01,75.515,1012,84.0,3,79.758,1015,,
8173,2026-08-20 05:00:01,81.791,1171,89.083,24,85.437,1195,,41
126459,2026-08-20 05:00:01,71.617,502,78.333,6,74.975,508,,30
230,2026-08-20 05:00:01,87.965,1249,,,87.965,1249,,
9804,2026-08-20 05:00:01,73.606,54,50.0,1,61.803,55,,
26606,2026-08-20 05:00:01,78.512,14,,,78.512,14,,
66463,2026-08-20 05:00:01,,,,,,,,
93902,2026-08-20 05:00:01,56.129,5,,,56.129,5,,
26128,2026-08-20 05:00:01,72.28,122,81.25,4,76.765,126,,1
27789,2026-08-20 05:00:01,71.317,608,75.063,16,73.19,624,,27
135400,2026-08-20 05:00:01,82.012,559,,,82.012,559,,
17269,2026-08-20 05:00:01,70.885,444,,,70.885,444,,
1905,2026-08-20 05:00:01,70.981,1002,82.6,5,76.79,1007,,16
6292,2026-08-20 05:00:01,67.424,198,75.0,5,71.212,203,,4
388008,2026-08-20 05:00:01,,,,,,,,
119277,2026-08-20 05:00:01,78.866,663,83.286,7,81.076,670,,19
125626,2026-08-20 05:00:01,69.57,24,,,69.57,24,,2
125165,2026-08-20 05:00:01,76.86,370,89.667,6,83.263,376,,65
9739,2026-08-20 05:00:01,48.962,34,,,48.962,34,,
16741,2026-08-20 05:00:01,65.514,40,65.5,4,65.507,44,,
563,2026-08-20 05:00:01,68.955,55,80.0,1,74.478,56,,
178282,2026-08-20 05:00:01,75.435,196,90.0,1,82.717,197,,
123395,2026-08-20 05:00:01,83.432,65,,,83.432,65,,
139391,2026-08-20 05:00:01,83.959,37,,,83.959,37,,1
117199,2026-08-20 05:00:01,84.741,57,,,84.741,57,,2
21492,2026-08-20 05:00:01,69.658,12,70.0,1,69.829,13,,
242408,2026-08-20 05:00:01,68.716,352,,,68.716,352,,1
621,2026-08-20 05:00:01,81.199,846,86.667,3,83.933,849,,
114795,2026-08-20 05:00:01,75.381,657,88.0,11,81.69,668,,
36926,2026-08-20 05:00:01,83.767,571,93.25,20,88.509,591,,90
119133,2026-08-20 05:00:01,93.463,2243,96.9,10,95.181,2253,,96
1020,2026-08-20 05:00:01,89.648,5880,88.138,27,88.893,5907,,
1877,2026-08-20 05:00:01,82.855,1606,75.238,21,79.046,1627,,1038
119171,2026-08-20 05:00:01,95.036,1580,94.5,10,94.768,1590,,39
119388,2026-08-20 05:00:01,92.723,902,95.333,6,94.028,908,,79
7346,2026-08-20 05:00:01,92.463,2945,97.593,27,95.028,2972,,142
136879,2026-08-20 05:00:01,89.144,232,88.0,4,88.572,236,,180
136625,2026-08-20 05:00:01,78.879,673,84.889,9,81.884,682,,141
25076,2026-08-20 05:00:01,93.246,3787,94.059,17,93.652,3804,,257
1942,2026-08-20 05:00:01,93.788,5419,91.731,26,92.759,5445,,179
17000,2026-08-20 05:00:01,86.075,1802,90.538,13,88.307,1815,,1
1879,2026-08-20 05:00:01,82.34,1047,81.0,13,81.67,1060,,
104967,2026-08-20 05:00:01,84.05,292,90.0,1,87.025,293,,
212089,2026-08-20 05:00:01,75.836,213,,,75.836,213,,
151665,2026-08-20 05:00:01,73.823,269,70.0,1,71.911,270,,1
250616,2026-08-20 05:00:01,81.301,303,87.714,7,84.507,310,,
18866,2026-08-20 05:00:01,70.648,424,67.111,9,68.88,433,,
132516,2026-08-20 05:00:01,68.008,241,,,68.008,241,,1
113112,2026-08-20 05:00:01,89.45,1729,93.529,17,91.49,1746,,3
3277,2026-08-20 05:00:01,68.828,273,77.5,4,73.164,277,,16
186725,2026-08-20 05:00:01,80.994,375,91.4,5,86.197,380,,
1911,2026-08-20 05:00:01,81.835,490,78.0,4,79.918,494,,3
152271,2026-08-20 05:00:01,80.807,81,80.0,1,80.404,82,,2
115,2026-08-21 05:00:01,75.515,1012,84.0,3,79.758,1015,,
8173,2026-08-21 05:00:01,81.791,1171,89.083,24,85.437,1195,,41
126459,2026-08-21 05:00:01,71.617,502,78.333,6,74.975,508,,30
230,2026-08-21 05:00:01,87.965,1249,,,87.965,1249,,
9804,2026-08-21 05:00:01,73.606,54,50.0,1,61.803,55,,
26606,2026-08-21 05:00:01,78.512,14,,,78.512,14,,
66463,2026-08-21 05:00:01,,,,,,,,
93902,2026-08-21 05:00:01,56.129,5,,,56.129,5,,
26128,2026-08-21 05:00:01,72.28,122,81.25,4,76.765,126,,1
119133,2026-08-17 10:57:41,93.465,2240,96.9,10,95.183,2250,,96
1020,2026-08-17 10:57:41,89.648,5878,88.138,27,88.893,5905,,
27789,2026-08-17 10:57:41,71.327,606,75.063,16,73.195,622,,27
26128,2026-08-17 10:57:41,72.28,122,81.25,4,76.765,126,,1
1877,2026-08-17 10:57:41,82.855,1605,75.238,21,79.046,1626,,1038
279884,2026-08-17 10:57:41,99.331,7,,,99.331,7,,
104967,2026-08-17 10:57:41,84.05,292,90.0,1,87.025,293,,
212089,2026-08-17 10:57:41,75.773,212,,,75.773,212,,
113112,2026-08-17 10:57:41,89.451,1727,93.529,17,91.49,1744,,3
3277,2026-08-17 10:57:41,68.828,272,77.5,4,73.164,276,,16
1879,2026-08-17 10:57:41,82.329,1044,81.0,13,81.665,1057,,
17000,2026-08-17 10:57:41,86.075,1801,90.538,13,88.307,1814,,1
18866,2026-08-17 10:57:41,70.698,423,67.111,9,68.905,432,,
132516,2026-08-17 10:57:41,68.008,241,,,68.008,241,,1
136879,2026-08-17 10:57:41,89.15,231,88.0,4,88.575,235,,180
136625,2026-08-17 10:57:41,78.879,672,84.889,9,81.884,681,,141
25076,2026-08-17 10:57:41,93.246,3783,94.059,17,93.652,3800,,257
1942,2026-08-17 10:57:41,93.789,5415,91.731,26,92.76,5441,,179
151665,2026-08-17 10:57:41,73.823,269,70.0,1,71.911,270,,1
250616,2026-08-17 10:57:41,81.301,302,87.714,7,84.508,309,,
186725,2026-08-17 10:57:41,80.994,372,91.4,5,86.197,377,,
1911,2026-08-17 10:57:41,81.836,489,78.0,4,79.918,493,,3
152271,2026-08-17 10:57:41,80.807,81,80.0,1,80.404,82,,2
115,2026-08-17 10:57:41,75.515,1012,84.0,3,79.758,1015,,
331286,2026-08-17 10:57:41,,,,,,,,
126459,2026-08-17 10:57:41,71.617,502,78.333,6,74.975,508,,30
230,2026-08-17 10:57:41,87.966,1248,,,87.966,1248,,
9804,2026-08-17 10:57:41,73.606,54,50.0,1,61.803,55,,
66463,2026-08-17 10:57:41,,,,,,,,
93902,2026-08-17 10:57:41,56.129,5,,,56.129,5,,
142154,2026-08-17 10:57:41,,,,,,,,
135400,2026-08-17 10:57:41,82.061,556,,,82.061,556,,
17269,2026-08-17 10:57:41,70.888,442,,,70.888,442,,
1905,2026-08-17 10:57:41,70.982,1000,82.6,5,76.791,1005,,16
119388,2026-08-17 10:57:41,92.724,900,95.333,6,94.029,906,,79
7346,2026-08-17 10:57:41,92.464,2941,97.593,27,95.028,2968,,142
27789,2026-08-21 05:00:01,71.317,608,75.063,16,73.19,624,,27
135400,2026-08-21 05:00:01,82.012,559,,,82.012,559,,
17269,2026-08-21 05:00:01,71.127,445,,,71.127,445,,
1905,2026-08-21 05:00:01,70.981,1002,82.6,5,76.79,1007,,16
6292,2026-08-21 05:00:01,67.424,198,75.0,5,71.212,203,,4
388008,2026-08-21 05:00:01,,,,,,,,
119277,2026-08-21 05:00:01,78.866,663,83.286,7,81.076,670,,19
125626,2026-08-21 05:00:01,69.57,24,,,69.57,24,,2
125165,2026-08-21 05:00:01,76.86,370,89.667,6,83.263,376,,65
9739,2026-08-21 05:00:01,48.962,34,,,48.962,34,,
16741,2026-08-21 05:00:01,65.514,40,65.5,4,65.507,44,,
563,2026-08-21 05:00:01,68.955,55,80.0,1,74.478,56,,
178282,2026-08-21 05:00:01,75.435,196,90.0,1,82.717,197,,
123395,2026-08-21 05:00:01,83.432,65,,,83.432,65,,
139391,2026-08-21 05:00:01,83.959,37,,,83.959,37,,1
117199,2026-08-21 05:00:01,84.741,57,,,84.741,57,,2
21492,2026-08-21 05:00:01,69.658,12,70.0,1,69.829,13,,
242408,2026-08-21 05:00:01,68.716,352,,,68.716,352,,1
621,2026-08-21 05:00:01,81.199,846,86.667,3,83.933,849,,
114795,2026-08-21 05:00:01,75.381,657,88.0,11,81.69,668,,
36926,2026-08-21 05:00:01,83.767,571,93.25,20,88.509,591,,90
119133,2026-08-21 05:00:01,93.463,2245,96.9,10,95.181,2255,,96
1020,2026-08-21 05:00:01,89.648,5881,88.138,27,88.893,5908,,
1877,2026-08-21 05:00:01,82.855,1607,75.238,21,79.047,1628,,1038
119171,2026-08-21 05:00:01,95.036,1580,94.5,10,94.768,1590,,39
119388,2026-08-21 05:00:01,92.724,903,95.333,6,94.029,909,,79
7346,2026-08-21 05:00:01,92.463,2946,97.593,27,95.028,2973,,142
136879,2026-08-21 05:00:01,89.144,232,88.0,4,88.572,236,,180
136625,2026-08-21 05:00:01,78.879,673,84.889,9,81.884,682,,141
25076,2026-08-21 05:00:01,93.246,3789,94.059,17,93.652,3806,,257
1942,2026-08-21 05:00:01,93.788,5420,91.731,26,92.759,5446,,179
17000,2026-08-21 05:00:01,86.075,1802,90.538,13,88.307,1815,,1
1879,2026-08-21 05:00:01,82.34,1047,81.0,13,81.67,1060,,
104967,2026-08-21 05:00:01,84.05,292,90.0,1,87.025,293,,
212089,2026-08-21 05:00:01,75.836,213,,,75.836,213,,
151665,2026-08-21 05:00:01,73.823,269,70.0,1,71.911,270,,1
250616,2026-08-21 05:00:01,81.301,303,87.714,7,84.507,310,,
18866,2026-08-21 05:00:01,70.648,424,67.111,9,68.88,433,,
132516,2026-08-21 05:00:01,68.008,241,,,68.008,241,,1
113112,2026-08-21 05:00:01,89.45,1730,93.529,17,91.49,1747,,3
3277,2026-08-21 05:00:01,68.828,273,77.5,4,73.164,277,,16
186725,2026-08-21 05:00:01,80.994,375,91.4,5,86.197,380,,
1911,2026-08-21 05:00:01,81.835,490,78.0,4,79.918,494,,3
152271,2026-08-21 05:00:01,80.807,81,80.0,1,80.404,82,,2
115,2026-08-22 05:00:01,75.515,1012,84.0,3,79.758,1015,,
8173,2026-08-22 05:00:01,81.791,1171,89.083,24,85.437,1195,,41
126459,2026-08-22 05:00:01,71.617,502,78.333,6,74.975,508,,30
230,2026-08-22 05:00:01,87.965,1250,,,87.965,1250,,
9804,2026-08-22 05:00:01,73.606,54,50.0,1,61.803,55,,
26606,2026-08-22 05:00:01,78.512,14,,,78.512,14,,
66463,2026-08-22 05:00:01,,,,,,,,
93902,2026-08-22 05:00:01,56.129,5,,,56.129,5,,
26128,2026-08-22 05:00:01,72.28,122,81.25,4,76.765,126,,1
27789,2026-08-22 05:00:01,71.317,608,75.063,16,73.19,624,,27
135400,2026-08-22 05:00:01,82.012,558,,,82.012,558,,
17269,2026-08-22 05:00:01,71.129,446,,,71.129,446,,
1905,2026-08-22 05:00:01,70.981,1002,82.6,5,76.79,1007,,16
6292,2026-08-22 05:00:01,67.424,198,75.0,5,71.212,203,,4
388008,2026-08-22 05:00:01,,,,,,,,
119277,2026-08-22 05:00:01,78.866,663,83.286,7,81.076,670,,19
125626,2026-08-22 05:00:01,69.57,24,,,69.57,24,,2
125165,2026-08-22 05:00:01,76.858,370,89.667,6,83.262,376,,65
9739,2026-08-22 05:00:01,48.962,34,,,48.962,34,,
16741,2026-08-22 05:00:01,65.514,40,65.5,4,65.507,44,,
563,2026-08-22 05:00:01,68.955,55,80.0,1,74.478,56,,
178282,2026-08-22 05:00:01,75.435,196,90.0,1,82.717,197,,
123395,2026-08-22 05:00:01,83.432,65,,,83.432,65,,
139391,2026-08-22 05:00:01,83.959,37,,,83.959,37,,1
117199,2026-08-22 05:00:01,84.741,57,,,84.741,57,,2
21492,2026-08-22 05:00:01,69.658,12,70.0,1,69.829,13,,
242408,2026-08-22 05:00:01,68.716,352,,,68.716,352,,1
621,2026-08-22 05:00:01,81.199,846,86.667,3,83.933,849,,
114795,2026-08-22 05:00:01,75.381,657,88.0,11,81.69,668,,
36926,2026-08-22 05:00:01,83.767,571,93.25,20,88.509,591,,90
119133,2026-08-22 05:00:01,93.463,2246,96.9,10,95.182,2256,,96
1020,2026-08-22 05:00:01,89.649,5884,88.138,27,88.894,5911,,
1877,2026-08-22 05:00:01,82.857,1608,75.238,21,79.047,1629,,1038
119171,2026-08-22 05:00:01,95.034,1582,94.5,10,94.767,1592,,39
119388,2026-08-22 05:00:01,92.724,903,95.333,6,94.029,909,,79
7346,2026-08-22 05:00:01,92.463,2946,97.593,27,95.028,2973,,142
136879,2026-08-22 05:00:01,89.144,232,88.0,4,88.572,236,,180
136625,2026-08-22 05:00:01,78.879,673,84.889,9,81.884,682,,141
25076,2026-08-22 05:00:01,93.246,3792,94.059,17,93.652,3809,,257
1942,2026-08-22 05:00:01,93.789,5425,91.731,26,92.76,5451,,179
17000,2026-08-22 05:00:01,86.074,1803,90.538,13,88.306,1816,,1
1879,2026-08-22 05:00:01,82.34,1047,81.0,13,81.67,1060,,
104967,2026-08-22 05:00:01,84.05,292,90.0,1,87.025,293,,
212089,2026-08-22 05:00:01,75.836,213,,,75.836,213,,
151665,2026-08-22 05:00:01,73.823,269,70.0,1,71.911,270,,1
250616,2026-08-22 05:00:01,81.3,304,87.714,7,84.507,311,,
18866,2026-08-22 05:00:01,70.648,424,67.111,9,68.88,433,,
132516,2026-08-22 05:00:01,68.008,241,,,68.008,241,,1
113112,2026-08-22 05:00:01,89.45,1730,93.529,17,91.49,1747,,3
3277,2026-08-22 05:00:01,68.828,273,77.5,4,73.164,277,,16
186725,2026-08-22 05:00:01,80.994,375,91.4,5,86.197,380,,
1911,2026-08-22 05:00:01,81.835,490,78.0,4,79.918,494,,3
152271,2026-08-22 05:00:01,80.807,81,80.0,1,80.404,82,,2
115,2026-08-26 05:00:02,75.515,1012,84.0,3,79.758,1015,,
8173,2026-08-26 05:00:02,81.791,1171,89.083,24,85.437,1195,,41
126459,2026-08-26 05:00:02,71.618,503,78.333,6,74.976,509,,30
230,2026-08-26 05:00:02,87.965,1253,,,87.965,1253,,
9804,2026-08-26 05:00:02,73.606,54,50.0,1,61.803,55,,
26606,2026-08-26 05:00:02,78.512,14,,,78.512,14,,
66463,2026-08-26 05:00:02,,,,,,,,
93902,2026-08-26 05:00:02,56.129,5,,,56.129,5,,
26128,2026-08-26 05:00:02,72.266,123,81.25,4,76.758,127,,1
27789,2026-08-26 05:00:02,71.317,608,75.063,16,73.19,624,,27
135400,2026-08-26 05:00:02,82.014,559,,,82.014,559,,
17269,2026-08-26 05:00:02,71.13,447,,,71.13,447,,
1905,2026-08-26 05:00:02,70.981,1004,82.6,5,76.791,1009,,16
6292,2026-08-26 05:00:02,67.417,199,75.0,5,71.209,204,,4
388008,2026-08-26 05:00:02,,,,,,,,
119277,2026-08-26 05:00:02,78.867,664,83.286,7,81.077,671,,19
125626,2026-08-26 05:00:02,69.57,24,,,69.57,24,,2
125165,2026-08-26 05:00:02,76.858,371,89.667,6,83.262,377,,65
9739,2026-08-26 05:00:02,48.962,34,,,48.962,34,,
16741,2026-08-26 05:00:02,65.514,40,65.5,4,65.507,44,,
563,2026-08-26 05:00:02,68.955,55,80.0,1,74.478,56,,
178282,2026-08-26 05:00:02,75.435,195,90.0,1,82.717,196,,
123395,2026-08-26 05:00:02,83.432,65,,,83.432,65,,
139391,2026-08-26 05:00:02,83.248,38,,,83.248,38,,1
117199,2026-08-26 05:00:02,84.741,57,,,84.741,57,,2
21492,2026-08-26 05:00:02,69.658,12,70.0,1,69.829,13,,
242408,2026-08-26 05:00:02,68.716,352,,,68.716,352,,1
621,2026-08-26 05:00:02,81.199,846,86.667,3,83.933,849,,
114795,2026-08-26 05:00:02,75.379,659,88.0,11,81.69,670,,
36926,2026-08-26 05:00:02,83.767,571,93.25,20,88.509,591,,90
119133,2026-08-26 05:00:02,93.463,2251,96.9,10,95.182,2261,,96
1020,2026-08-26 05:00:02,89.648,5894,88.138,27,88.893,5921,,
1877,2026-08-26 05:00:02,82.857,1614,75.238,21,79.048,1635,,1038
119171,2026-08-26 05:00:02,95.034,1585,94.5,10,94.767,1595,,39
119388,2026-08-26 05:00:02,92.723,906,95.333,6,94.028,912,,79
119133,2026-08-17 10:49:01,93.465,2240,96.9,10,95.183,2250,,96
1020,2026-08-17 10:49:01,89.648,5878,88.138,27,88.893,5905,,
27789,2026-08-17 10:49:01,71.327,606,75.063,16,73.195,622,,27
26128,2026-08-17 10:49:01,72.28,122,81.25,4,76.765,126,,1
1877,2026-08-17 10:49:01,82.855,1605,75.238,21,79.046,1626,,1038
279884,2026-08-17 10:49:01,99.331,7,,,99.331,7,,
104967,2026-08-17 10:49:01,84.05,292,90.0,1,87.025,293,,
212089,2026-08-17 10:49:01,75.773,212,,,75.773,212,,
113112,2026-08-17 10:49:01,89.451,1727,93.529,17,91.49,1744,,3
3277,2026-08-17 10:49:01,68.828,272,77.5,4,73.164,276,,16
1879,2026-08-17 10:49:01,82.329,1044,81.0,13,81.665,1057,,
17000,2026-08-17 10:49:01,86.075,1801,90.538,13,88.307,1814,,1
18866,2026-08-17 10:49:01,70.698,423,67.111,9,68.905,432,,
132516,2026-08-17 10:49:01,68.008,241,,,68.008,241,,1
136879,2026-08-17 10:49:01,89.15,231,88.0,4,88.575,235,,180
136625,2026-08-17 10:49:01,78.879,672,84.889,9,81.884,681,,141
25076,2026-08-17 10:49:01,93.246,3783,94.059,17,93.652,3800,,257
1942,2026-08-17 10:49:01,93.789,5415,91.731,26,92.76,5441,,179
151665,2026-08-17 10:49:01,73.823,269,70.0,1,71.911,270,,1
250616,2026-08-17 10:49:01,81.301,302,87.714,7,84.508,309,,
186725,2026-08-17 10:49:01,80.994,372,91.4,5,86.197,377,,
1911,2026-08-17 10:49:01,81.836,489,78.0,4,79.918,493,,3
152271,2026-08-17 10:49:01,80.807,81,80.0,1,80.404,82,,2
115,2026-08-17 10:49:01,75.515,1012,84.0,3,79.758,1015,,
261349,2026-08-17 10:49:01,,,,,,,,
126459,2026-08-17 10:49:01,71.617,502,78.333,6,74.975,508,,30
230,2026-08-17 10:49:01,87.966,1248,,,87.966,1248,,
9804,2026-08-17 10:49:01,73.606,54,50.0,1,61.803,55,,
66463,2026-08-17 10:49:01,,,,,,,,
93902,2026-08-17 10:49:01,56.129,5,,,56.129,5,,
142182,2026-08-17 10:49:01,,,,,,,,
135400,2026-08-17 10:49:01,82.061,556,,,82.061,556,,
17269,2026-08-17 10:49:01,70.888,442,,,70.888,442,,
1905,2026-08-17 10:49:01,70.982,1000,82.6,5,76.791,1005,,16
119388,2026-08-17 10:49:01,92.724,900,95.333,6,94.029,906,,79
7346,2026-08-17 10:49:01,92.464,2941,97.593,27,95.028,2968,,142
119133,2026-08-17 11:04:35,93.465,2240,96.9,10,95.183,2250,,96
1020,2026-08-17 11:04:35,89.648,5878,88.138,27,88.893,5905,,
27789,2026-08-17 11:04:35,71.327,606,75.063,16,73.195,622,,27
26128,2026-08-17 11:04:35,72.28,122,81.25,4,76.765,126,,1
1877,2026-08-17 11:04:35,82.855,1605,75.238,21,79.046,1626,,1038
119171,2026-08-17 11:04:35,95.036,1577,94.5,10,94.768,1587,,39
104967,2026-08-17 11:04:35,84.05,292,90.0,1,87.025,293,,
212089,2026-08-17 11:04:35,75.773,212,,,75.773,212,,
113112,2026-08-17 11:04:35,89.451,1727,93.529,17,91.49,1744,,3
3277,2026-08-17 11:04:35,68.828,272,77.5,4,73.164,276,,16
1879,2026-08-17 11:04:35,82.329,1044,81.0,13,81.665,1057,,
17000,2026-08-17 11:04:35,86.075,1801,90.538,13,88.307,1814,,1
18866,2026-08-17 11:04:35,70.698,423,67.111,9,68.905,432,,
132516,2026-08-17 11:04:35,68.008,241,,,68.008,241,,1
136879,2026-08-17 11:04:35,89.15,231,88.0,4,88.575,235,,180
136625,2026-08-17 11:04:35,78.879,672,84.889,9,81.884,681,,141
25076,2026-08-17 11:04:35,93.246,3783,94.059,17,93.652,3800,,257
1942,2026-08-17 11:04:35,93.789,5415,91.731,26,92.76,5441,,179
151665,2026-08-17 11:04:35,73.823,269,70.0,1,71.911,270,,1
250616,2026-08-17 11:04:35,81.301,302,87.714,7,84.508,309,,
186725,2026-08-17 11:04:35,80.994,372,91.4,5,86.197,377,,
1911,2026-08-17 11:04:35,81.836,489,78.0,4,79.918,493,,3
152271,2026-08-17 11:04:35,80.807,81,80.0,1,80.404,82,,2
115,2026-08-17 11:04:35,75.515,1012,84.0,3,79.758,1015,,
8173,2026-08-17 11:04:35,81.791,1170,89.083,24,85.437,1194,,41
126459,2026-08-17 11:04:35,71.617,502,78.333,6,74.975,508,,30
230,2026-08-17 11:04:35,87.966,1248,,,87.966,1248,,
9804,2026-08-17 11:04:35,73.606,54,50.0,1,61.803,55,,
66463,2026-08-17 11:04:35,,,,,,,,
93902,2026-08-17 11:04:35,56.129,5,,,56.129,5,,
26606,2026-08-17 11:04:35,78.512,14,,,78.512,14,,
135400,2026-08-17 11:04:35,82.061,556,,,82.061,556,,
17269,2026-08-17 11:04:35,70.888,442,,,70.888,442,,
1905,2026-08-17 11:04:35,70.982,1000,82.6,5,76.791,1005,,16
119388,2026-08-17 11:04:35,92.724,900,95.333,6,94.029,906,,79
7346,2026-08-17 11:04:35,92.464,2941,97.593,27,95.028,2968,,142
115,2026-08-18 05:00:02,75.515,1012,84.0,3,79.758,1015,,
8173,2026-08-18 05:00:02,81.791,1170,89.083,24,85.437,1194,,41
126459,2026-08-18 05:00:02,71.617,502,78.333,6,74.975,508,,30
230,2026-08-18 05:00:02,87.965,1249,,,87.965,1249,,
9804,2026-08-18 05:00:02,73.606,54,50.0,1,61.803,55,,
26606,2026-08-18 05:00:02,78.512,14,,,78.512,14,,
66463,2026-08-18 05:00:02,,,,,,,,
93902,2026-08-18 05:00:02,56.129,5,,,56.129,5,,
26128,2026-08-18 05:00:02,72.28,122,81.25,4,76.765,126,,1
27789,2026-08-18 05:00:02,71.327,606,75.063,16,73.195,622,,27
135400,2026-08-18 05:00:02,82.062,557,,,82.062,557,,
17269,2026-08-18 05:00:02,70.882,443,,,70.882,443,,
1905,2026-08-18 05:00:02,70.982,1000,82.6,5,76.791,1005,,16
6292,2026-08-18 05:00:02,67.424,198,75.0,5,71.212,203,,4
388008,2026-08-18 05:00:02,,,,,,,,
119277,2026-08-18 05:00:02,78.866,662,83.286,7,81.076,669,,19
125626,2026-08-18 05:00:02,69.57,24,,,69.57,24,,2
125165,2026-08-18 05:00:02,76.86,370,89.667,6,83.263,376,,65
9739,2026-08-18 05:00:02,48.962,34,,,48.962,34,,
16741,2026-08-18 05:00:02,65.514,40,65.5,4,65.507,44,,
563,2026-08-18 05:00:02,68.955,55,80.0,1,74.478,56,,
178282,2026-08-18 05:00:02,75.435,195,90.0,1,82.717,196,,
123395,2026-08-18 05:00:02,83.432,65,,,83.432,65,,
139391,2026-08-18 05:00:02,83.959,37,,,83.959,37,,1
117199,2026-08-18 05:00:02,84.741,57,,,84.741,57,,2
21492,2026-08-18 05:00:02,69.658,12,70.0,1,69.829,13,,
242408,2026-08-18 05:00:02,68.642,351,,,68.642,351,,1
621,2026-08-18 05:00:02,81.199,846,86.667,3,83.933,849,,
114795,2026-08-18 05:00:02,75.382,656,88.0,11,81.691,667,,
36926,2026-08-18 05:00:02,83.768,570,93.25,20,88.509,590,,90
119133,2026-08-18 05:00:02,93.466,2241,96.9,10,95.183,2251,,96
1020,2026-08-18 05:00:02,89.648,5879,88.138,27,88.893,5906,,
1877,2026-08-18 05:00:02,82.855,1605,75.238,21,79.046,1626,,1038
119171,2026-08-18 05:00:02,95.036,1578,94.5,10,94.768,1588,,39
119388,2026-08-18 05:00:02,92.724,900,95.333,6,94.029,906,,79
7346,2026-08-18 05:00:02,92.464,2941,97.593,27,95.028,2968,,142
136879,2026-08-18 05:00:02,89.144,232,88.0,4,88.572,236,,180
136625,2026-08-18 05:00:02,78.879,672,84.889,9,81.884,681,,141
25076,2026-08-18 05:00:02,93.246,3784,94.059,17,93.652,3801,,257
1942,2026-08-18 05:00:02,93.789,5416,91.731,26,92.76,5442,,179
17000,2026-08-18 05:00:02,86.075,1802,90.538,13,88.307,1815,,1
1879,2026-08-18 05:00:02,82.329,1044,81.0,13,81.665,1057,,
104967,2026-08-18 05:00:02,84.05,292,90.0,1,87.025,293,,
212089,2026-08-18 05:00:02,75.773,212,,,75.773,212,,
151665,2026-08-18 05:00:02,73.823,269,70.0,1,71.911,270,,1
250616,2026-08-18 05:00:02,81.301,303,87.714,7,84.507,310,,
18866,2026-08-18 05:00:02,70.698,423,67.111,9,68.905,432,,
132516,2026-08-18 05:00:02,68.008,241,,,68.008,241,,1
113112,2026-08-18 05:00:02,89.45,1728,93.529,17,91.49,1745,,3
3277,2026-08-18 05:00:02,68.828,272,77.5,4,73.164,276,,16
186725,2026-08-18 05:00:02,80.995,373,91.4,5,86.197,378,,
1911,2026-08-18 05:00:02,81.836,489,78.0,4,79.918,493,,3
152271,2026-08-18 05:00:02,80.807,81,80.0,1,80.404,82,,2
125165,2026-08-28 05:00:02,76.859,372,89.667,6,83.263,378,,65
9739,2026-08-28 05:00:02,48.962,34,,,48.962,34,,
16741,2026-08-28 05:00:02,65.514,40,65.5,4,65.507,44,,
563,2026-08-28 05:00:02,68.955,55,80.0,1,74.478,56,,
178282,2026-08-28 05:00:02,75.438,196,90.0,1,82.719,197,,
123395,2026-08-28 05:00:02,83.432,65,,,83.432,65,,
139391,2026-08-28 05:00:02,83.248,38,,,83.248,38,,1
117199,2026-08-28 05:00:02,84.741,57,,,84.741,57,,2
21492,2026-08-28 05:00:02,69.6,13,70.0,1,69.8,14,,
242408,2026-08-28 05:00:02,68.716,352,,,68.716,352,,1
621,2026-08-28 05:00:02,81.199,847,86.667,3,83.933,850,,
114795,2026-08-28 05:00:02,75.379,659,88.0,11,81.69,670,,
36926,2026-08-28 05:00:02,83.767,571,93.25,20,88.509,591,,90
119133,2026-08-28 05:00:02,93.464,2252,96.9,10,95.182,2262,,96
1020,2026-08-28 05:00:02,89.649,5896,88.138,27,88.893,5923,,
1877,2026-08-28 05:00:02,82.831,1616,75.238,21,79.035,1637,,1038
119171,2026-08-28 05:00:02,94.95,1588,94.5,10,94.725,1598,,39
119388,2026-08-28 05:00:02,92.723,906,95.333,6,94.028,912,,79
7346,2026-08-28 05:00:02,92.462,2951,97.593,27,95.027,2978,,142
136879,2026-08-28 05:00:02,88.544,235,88.0,4,88.272,239,,180
136625,2026-08-28 05:00:02,78.886,678,84.889,9,81.888,687,,141
25076,2026-08-28 05:00:02,93.246,3802,94.059,17,93.652,3819,,257
1942,2026-08-28 05:00:02,93.789,5433,91.731,26,92.76,5459,,179
17000,2026-08-28 05:00:02,86.075,1806,90.538,13,88.307,1819,,1
1879,2026-08-28 05:00:02,82.34,1048,81.0,13,81.67,1061,,
104967,2026-08-28 05:00:02,84.046,293,90.0,1,87.023,294,,
212089,2026-08-28 05:00:02,75.833,215,,,75.833,215,,
151665,2026-08-28 05:00:02,73.828,273,70.0,1,71.914,274,,1
250616,2026-08-28 05:00:02,81.297,306,87.714,7,84.506,313,,
18866,2026-08-28 05:00:02,70.65,426,67.111,9,68.88,435,,
132516,2026-08-28 05:00:02,68.007,243,,,68.007,243,,1
113112,2026-08-28 05:00:02,89.449,1735,93.529,17,91.489,1752,,3
3277,2026-08-28 05:00:02,68.828,273,77.5,4,73.164,277,,16
186725,2026-08-28 05:00:02,80.994,381,91.4,5,86.197,386,,
1911,2026-08-28 05:00:02,81.835,490,78.0,4,79.918,494,,3
152271,2026-08-28 05:00:02,80.807,81,80.0,1,80.404,82,,2
115,2026-08-29 05:00:02,75.414,1014,84.0,3,79.707,1017,,
8173,2026-08-29 05:00:02,81.791,1171,89.083,24,85.437,1195,,41
126459,2026-08-29 05:00:02,71.618,503,78.333,6,74.976,509,,30
230,2026-08-29 05:00:02,87.965,1253,,,87.965,1253,,
9804,2026-08-29 05:00:02,73.606,54,50.0,1,61.803,55,,
119133,2026-08-17 10:59:46,93.465,2240,96.9,10,95.183,2250,,96
1020,2026-08-17 10:59:46,89.648,5878,88.138,27,88.893,5905,,
27789,2026-08-17 10:59:46,71.327,606,75.063,16,73.195,622,,27
26128,2026-08-17 10:59:46,72.28,122,81.25,4,76.765,126,,1
1877,2026-08-17 10:59:46,82.855,1605,75.238,21,79.046,1626,,1038
279884,2026-08-17 10:59:46,99.331,7,,,99.331,7,,
104967,2026-08-17 10:59:46,84.05,292,90.0,1,87.025,293,,
212089,2026-08-17 10:59:46,75.773,212,,,75.773,212,,
113112,2026-08-17 10:59:46,89.451,1727,93.529,17,91.49,1744,,3
3277,2026-08-17 10:59:46,68.828,272,77.5,4,73.164,276,,16
1879,2026-08-17 10:59:46,82.329,1044,81.0,13,81.665,1057,,
17000,2026-08-17 10:59:46,86.075,1801,90.538,13,88.307,1814,,1
18866,2026-08-17 10:59:46,70.698,423,67.111,9,68.905,432,,
132516,2026-08-17 10:59:46,68.008,241,,,68.008,241,,1
136879,2026-08-17 10:59:46,89.15,231,88.0,4,88.575,235,,180
136625,2026-08-17 10:59:46,78.879,672,84.889,9,81.884,681,,141
25076,2026-08-17 10:59:46,93.246,3783,94.059,17,93.652,3800,,257
1942,2026-08-17 10:59:46,93.789,5415,91.731,26,92.76,5441,,179
151665,2026-08-17 10:59:46,73.823,269,70.0,1,71.911,270,,1
250616,2026-08-17 10:59:46,81.301,302,87.714,7,84.508,309,,
186725,2026-08-17 10:59:46,80.994,372,91.4,5,86.197,377,,
1911,2026-08-17 10:59:46,81.836,489,78.0,4,79.918,493,,3
152271,2026-08-17 10:59:46,80.807,81,80.0,1,80.404,82,,2
115,2026-08-17 10:59:46,75.515,1012,84.0,3,79.758,1015,,
331286,2026-08-17 10:59:46,,,,,,,,
126459,2026-08-17 10:59:46,71.617,502,78.333,6,74.975,508,,30
230,2026-08-17 10:59:46,87.966,1248,,,87.966,1248,,
9804,2026-08-17 10:59:46,73.606,54,50.0,1,61.803,55,,
66463,2026-08-17 10:59:46,,,,,,,,
93902,2026-08-17 10:59:46,56.129,5,,,56.129,5,,
142154,2026-08-17 10:59:46,,,,,,,,
135400,2026-08-17 10:59:46,82.061,556,,,82.061,556,,
17269,2026-08-17 10:59:46,70.888,442,,,70.888,442,,
1905,2026-08-17 10:59:46,70.982,1000,82.6,5,76.791,1005,,16
119388,2026-08-17 10:59:46,92.724,900,95.333,6,94.029,906,,79
7346,2026-08-17 10:59:46,92.464,2941,97.593,27,95.028,2968,,142
115,2026-08-17 11:25:45,75.515,1012,84.0,3,79.758,1015,,
8173,2026-08-17 11:25:45,81.791,1170,89.083,24,85.437,1194,,41
126459,2026-08-17 11:25:45,71.617,502,78.333,6,74.975,508,,30
230,2026-08-17 11:25:45,87.966,1248,,,87.966,1248,,
9804,2026-08-17 11:25:45,73.606,54,50.0,1,61.803,55,,
26606,2026-08-17 11:25:45,78.512,14,,,78.512,14,,
66463,2026-08-17 11:25:45,,,,,,,,
93902,2026-08-17 11:25:45,56.129,5,,,56.129,5,,
26128,2026-08-17 11:25:45,72.28,122,81.25,4,76.765,126,,1
27789,2026-08-17 11:25:45,71.327,606,75.063,16,73.195,622,,27
135400,2026-08-17 11:25:45,82.061,556,,,82.061,556,,
17269,2026-08-17 11:25:45,70.888,442,,,70.888,442,,
1905,2026-08-17 11:25:45,70.982,1000,82.6,5,76.791,1005,,16
6292,2026-08-17 11:25:45,67.424,198,75.0,5,71.212,203,,4
388008,2026-08-17 11:25:45,,,,,,,,
119277,2026-08-17 11:25:45,78.866,662,83.286,7,81.076,669,,19
125626,2026-08-17 11:25:45,69.57,24,,,69.57,24,,2
125165,2026-08-17 11:25:45,76.86,370,89.667,6,83.263,376,,65
9739,2026-08-17 11:25:45,48.962,34,,,48.962,34,,
16741,2026-08-17 11:25:45,65.514,40,65.5,4,65.507,44,,
563,2026-08-17 11:25:45,68.955,55,80.0,1,74.478,56,,
178282,2026-08-17 11:25:45,75.435,195,90.0,1,82.717,196,,
123395,2026-08-17 11:25:45,83.432,65,,,83.432,65,,
139391,2026-08-17 11:25:45,83.959,37,,,83.959,37,,1
117199,2026-08-17 11:25:45,84.741,57,,,84.741,57,,2
21492,2026-08-17 11:25:45,69.658,12,70.0,1,69.829,13,,
242408,2026-08-17 11:25:45,68.642,351,,,68.642,351,,1
621,2026-08-17 11:25:45,81.199,846,86.667,3,83.933,849,,
114795,2026-08-17 11:25:45,75.382,656,88.0,11,81.691,667,,
36926,2026-08-17 11:25:45,83.769,570,93.25,20,88.509,590,,90
119133,2026-08-17 11:25:45,93.465,2240,96.9,10,95.183,2250,,96
1020,2026-08-17 11:25:45,89.648,5878,88.138,27,88.893,5905,,
1877,2026-08-17 11:25:45,82.855,1605,75.238,21,79.046,1626,,1038
119171,2026-08-17 11:25:45,95.036,1577,94.5,10,94.768,1587,,39
119388,2026-08-17 11:25:45,92.724,900,95.333,6,94.029,906,,79
7346,2026-08-17 11:25:45,92.464,2941,97.593,27,95.028,2968,,142
136879,2026-08-17 11:25:45,89.15,231,88.0,4,88.575,235,,180
136625,2026-08-17 11:25:45,78.879,672,84.889,9,81.884,681,,141
25076,2026-08-17 11:25:45,93.246,3783,94.059,17,93.652,3800,,257
1942,2026-08-17 11:25:45,93.789,5415,91.731,26,92.76,5441,,179
17000,2026-08-17 11:25:45,86.075,1801,90.538,13,88.307,1814,,1
1879,2026-08-17 11:25:45,82.329,1044,81.0,13,81.665,1057,,
104967,2026-08-17 11:25:45,84.05,292,90.0,1,87.025,293,,
212089,2026-08-17 11:25:45,75.773,212,,,75.773,212,,
151665,2026-08-17 11:25:45,73.823,269,70.0,1,71.911,270,,1
250616,2026-08-17 11:25:45,81.301,302,87.714,7,84.508,309,,
18866,2026-08-17 11:25:45,70.698,423,67.111,9,68.905,432,,
132516,2026-08-17 11:25:45,68.008,241,,,68.008,241,,1
113112,2026-08-17 11:25:45,89.451,1727,93.529,17,91.49,1744,,3
3277,2026-08-17 11:25:45,68.828,272,77.5,4,73.164,276,,16
186725,2026-08-17 11:25:45,80.994,372,91.4,5,86.197,377,,
1911,2026-08-17 11:25:45,81.836,489,78.0,4,79.918,493,,3
152271,2026-08-17 11:25:45,80.807,81,80.0,1,80.404,82,,2
115,2026-08-23 05:00:01,75.515,1012,84.0,3,79.758,1015,,
8173,2026-08-23 05:00:01,81.791,1171,89.083,24,85.437,1195,,41
126459,2026-08-23 05:00:01,71.618,503,78.333,6,74.976,509,,30
230,2026-08-23 05:00:01,87.965,1252,,,87.965,1252,,
9804,2026-08-23 05:00:01,73.606,54,50.0,1,61.803,55,,
26606,2026-08-23 05:00:01,78.512,14,,,78.512,14,,
66463,2026-08-23 05:00:01,,,,,,,,
93902,2026-08-23 05:00:01,56.129,5,,,56.129,5,,
26128,2026-08-23 05:00:01,72.28,122,81.25,4,76.765,126,,1
27789,2026-08-23 05:00:01,71.317,608,75.063,16,73.19,624,,27
135400,2026-08-23 05:00:01,82.012,558,,,82.012,558,,
17269,2026-08-23 05:00:01,71.129,446,,,71.129,446,,
1905,2026-08-23 05:00:01,70.981,1004,82.6,5,76.791,1009,,16
6292,2026-08-23 05:00:01,67.424,198,75.0,5,71.212,203,,4
388008,2026-08-23 05:00:01,,,,,,,,
119277,2026-08-23 05:00:01,78.866,663,83.286,7,81.076,670,,19
125626,2026-08-23 05:00:01,69.57,24,,,69.57,24,,2
125165,2026-08-23 05:00:01,76.858,370,89.667,6,83.262,376,,65
9739,2026-08-23 05:00:01,48.962,34,,,48.962,34,,
16741,2026-08-23 05:00:01,65.514,40,65.5,4,65.507,44,,
563,2026-08-23 05:00:01,68.955,55,80.0,1,74.478,56,,
178282,2026-08-23 05:00:01,75.435,196,90.0,1,82.717,197,,
123395,2026-08-23 05:00:01,83.432,65,,,83.432,65,,
139391,2026-08-23 05:00:01,83.248,38,,,83.248,38,,1
117199,2026-08-23 05:00:01,84.741,57,,,84.741,57,,2
21492,2026-08-23 05:00:01,69.658,12,70.0,1,69.829,13,,
242408,2026-08-23 05:00:01,68.716,352,,,68.716,352,,1
621,2026-08-23 05:00:01,81.199,846,86.667,3,83.933,849,,
114795,2026-08-23 05:00:01,75.381,657,88.0,11,81.69,668,,
36926,2026-08-23 05:00:01,83.767,571,93.25,20,88.509,591,,90
119133,2026-08-23 05:00:01,93.463,2247,96.9,10,95.182,2257,,96
1020,2026-08-23 05:00:01,89.649,5886,88.138,27,88.894,5913,,
1877,2026-08-23 05:00:01,82.856,1609,75.238,21,79.047,1630,,1038
119171,2026-08-23 05:00:01,95.034,1582,94.5,10,94.767,1592,,39
119388,2026-08-23 05:00:01,92.725,905,95.333,6,94.029,911,,79
7346,2026-08-23 05:00:01,92.463,2948,97.593,27,95.028,2975,,142
136879,2026-08-23 05:00:01,89.144,232,88.0,4,88.572,236,,180
136625,2026-08-23 05:00:01,78.879,673,84.889,9,81.884,682,,141
25076,2026-08-23 05:00:01,93.246,3793,94.059,17,93.652,3810,,257
1942,2026-08-23 05:00:01,93.789,5425,91.731,26,92.76,5451,,179
17000,2026-08-23 05:00:01,86.074,1803,90.538,13,88.306,1816,,1
1879,2026-08-23 05:00:01,82.34,1047,81.0,13,81.67,1060,,
104967,2026-08-23 05:00:01,84.05,292,90.0,1,87.025,293,,
212089,2026-08-23 05:00:01,75.836,213,,,75.836,213,,
151665,2026-08-23 05:00:01,73.823,269,70.0,1,71.911,270,,1
250616,2026-08-23 05:00:01,81.3,304,87.714,7,84.507,311,,
18866,2026-08-23 05:00:01,70.648,424,67.111,9,68.88,433,,
132516,2026-08-23 05:00:01,68.008,241,,,68.008,241,,1
113112,2026-08-23 05:00:01,89.45,1731,93.529,17,91.49,1748,,3
3277,2026-08-23 05:00:01,68.828,273,77.5,4,73.164,277,,16
186725,2026-08-23 05:00:01,80.994,375,91.4,5,86.197,380,,
1911,2026-08-23 05:00:01,81.835,490,78.0,4,79.918,494,,3
152271,2026-08-23 05:00:01,80.807,81,80.0,1,80.404,82,,2
115,2026-08-24 05:00:02,75.515,1012,84.0,3,79.758,1015,,
8173,2026-08-24 05:00:02,81.791,1171,89.083,24,85.437,1195,,41
126459,2026-08-24 05:00:02,71.618,503,78.333,6,74.976,509,,30
230,2026-08-24 05:00:02,87.965,1253,,,87.965,1253,,
9804,2026-08-24 05:00:02,73.606,54,50.0,1,61.803,55,,
26606,2026-08-24 05:00:02,78.512,14,,,78.512,14,,
66463,2026-08-24 05:00:02,,,,,,,,
93902,2026-08-24 05:00:02,56.129,5,,,56.129,5,,
26128,2026-08-24 05:00:02,72.266,123,81.25,4,76.758,127,,1
27789,2026-08-24 05:00:02,71.317,608,75.063,16,73.19,624,,27
135400,2026-08-24 05:00:02,82.011,559,,,82.011,559,,
17269,2026-08-24 05:00:02,71.13,447,,,71.13,447,,
1905,2026-08-24 05:00:02,70.981,1004,82.6,5,76.791,1009,,16
6292,2026-08-24 05:00:02,67.417,199,75.0,5,71.209,204,,4
388008,2026-08-24 05:00:02,,,,,,,,
119277,2026-08-24 05:00:02,78.867,664,83.286,7,81.077,671,,19
125626,2026-08-24 05:00:02,69.57,24,,,69.57,24,,2
125165,2026-08-24 05:00:02,76.858,370,89.667,6,83.262,376,,65
9739,2026-08-24 05:00:02,48.962,34,,,48.962,34,,
16741,2026-08-24 05:00:02,65.514,40,65.5,4,65.507,44,,
563,2026-08-24 05:00:02,68.955,55,80.0,1,74.478,56,,
178282,2026-08-24 05:00:02,75.435,196,90.0,1,82.717,197,,
123395,2026-08-24 05:00:02,83.432,65,,,83.432,65,,
139391,2026-08-24 05:00:02,83.248,38,,,83.248,38,,1
117199,2026-08-24 05:00:02,84.741,57,,,84.741,57,,2
21492,2026-08-24 05:00:02,69.658,12,70.0,1,69.829,13,,
242408,2026-08-24 05:00:02,68.716,352,,,68.716,352,,1
621,2026-08-24 05:00:02,81.199,846,86.667,3,83.933,849,,
114795,2026-08-24 05:00:02,75.381,658,88.0,11,81.69,669,,
36926,2026-08-24 05:00:02,83.767,571,93.25,20,88.509,591,,90
119133,2026-08-24 05:00:02,93.463,2248,96.9,10,95.182,2258,,96
1020,2026-08-24 05:00:02,89.648,5889,88.138,27,88.893,5916,,
1877,2026-08-24 05:00:02,82.857,1611,75.238,21,79.047,1632,,1038
119171,2026-08-24 05:00:02,95.034,1582,94.5,10,94.767,1592,,39
119388,2026-08-24 05:00:02,92.723,906,95.333,6,94.028,912,,79
7346,2026-08-24 05:00:02,92.463,2949,97.593,27,95.028,2976,,142
136879,2026-08-24 05:00:02,89.144,232,88.0,4,88.572,236,,180
136625,2026-08-24 05:00:02,78.879,673,84.889,9,81.884,682,,141
25076,2026-08-24 05:00:02,93.246,3795,94.059,17,93.652,3812,,257
1942,2026-08-24 05:00:02,93.789,5427,91.731,26,92.76,5453,,179
17000,2026-08-24 05:00:02,86.074,1803,90.538,13,88.306,1816,,1
1879,2026-08-24 05:00:02,82.34,1047,81.0,13,81.67,1060,,
104967,2026-08-24 05:00:02,84.05,292,90.0,1,87.025,293,,
212089,2026-08-24 05:00:02,75.833,215,,,75.833,215,,
151665,2026-08-24 05:00:02,73.825,270,70.0,1,71.913,271,,1
250616,2026-08-24 05:00:02,81.3,304,87.714,7,84.507,311,,
18866,2026-08-24 05:00:02,70.648,425,67.111,9,68.88,434,,
132516,2026-08-24 05:00:02,68.008,242,,,68.008,242,,1
113112,2026-08-24 05:00:02,89.45,1732,93.529,17,91.49,1749,,3
3277,2026-08-24 05:00:02,68.828,273,77.5,4,73.164,277,,16
186725,2026-08-24 05:00:02,80.994,376,91.4,5,86.197,381,,
1911,2026-08-24 05:00:02,81.835,490,78.0,4,79.918,494,,3
152271,2026-08-24 05:00:02,80.807,81,80.0,1,80.404,82,,2
115,2026-08-25 05:00:02,75.515,1012,84.0,3,79.758,1015,,
8173,2026-08-25 05:00:02,81.791,1171,89.083,24,85.437,1195,,41
126459,2026-08-25 05:00:02,71.618,503,78.333,6,74.976,509,,30
230,2026-08-25 05:00:02,87.965,1253,,,87.965,1253,,
9804,2026-08-25 05:00:02,73.606,54,50.0,1,61.803,55,,
26606,2026-08-25 05:00:02,78.512,14,,,78.512,14,,
66463,2026-08-25 05:00:02,,,,,,,,
93902,2026-08-25 05:00:02,56.129,5,,,56.129,5,,
26128,2026-08-25 05:00:02,72.266,123,81.25,4,76.758,127,,1
27789,2026-08-25 05:00:02,71.317,608,75.063,16,73.19,624,,27
135400,2026-08-25 05:00:02,82.014,559,,,82.014,559,,
17269,2026-08-25 05:00:02,71.13,447,,,71.13,447,,
1905,2026-08-25 05:00:02,70.981,1004,82.6,5,76.791,1009,,16
6292,2026-08-25 05:00:02,67.417,199,75.0,5,71.209,204,,4
388008,2026-08-25 05:00:02,,,,,,,,
119277,2026-08-25 05:00:02,78.867,664,83.286,7,81.077,671,,19
125626,2026-08-25 05:00:02,69.57,24,,,69.57,24,,2
125165,2026-08-25 05:00:02,76.858,370,89.667,6,83.262,376,,65
9739,2026-08-25 05:00:02,48.962,34,,,48.962,34,,
16741,2026-08-25 05:00:02,65.514,40,65.5,4,65.507,44,,
563,2026-08-25 05:00:02,68.955,55,80.0,1,74.478,56,,
178282,2026-08-25 05:00:02,75.435,196,90.0,1,82.717,197,,
123395,2026-08-25 05:00:02,83.432,65,,,83.432,65,,
139391,2026-08-25 05:00:02,83.248,38,,,83.248,38,,1
117199,2026-08-25 05:00:02,84.741,57,,,84.741,57,,2
21492,2026-08-25 05:00:02,69.658,12,70.0,1,69.829,13,,
242408,2026-08-25 05:00:02,68.716,352,,,68.716,352,,1
621,2026-08-25 05:00:02,81.199,846,86.667,3,83.933,849,,
114795,2026-08-25 05:00:02,75.379,659,88.0,11,81.69,670,,
36926,2026-08-25 05:00:02,83.767,571,93.25,20,88.509,591,,90
119133,2026-08-25 05:00:02,93.463,2249,96.9,10,95.182,2259,,96
1020,2026-08-25 05:00:02,89.648,5891,88.138,27,88.893,5918,,
1877,2026-08-25 05:00:02,82.857,1612,75.238,21,79.048,1633,,1038
119171,2026-08-25 05:00:02,95.034,1582,94.5,10,94.767,1592,,39
119388,2026-08-25 05:00:02,92.723,906,95.333,6,94.028,912,,79
7346,2026-08-25 05:00:02,92.463,2949,97.593,27,95.028,2976,,142
136879,2026-08-25 05:00:02,88.544,234,88.0,4,88.272,238,,180
136625,2026-08-25 05:00:02,78.887,673,84.889,9,81.888,682,,141
25076,2026-08-25 05:00:02,93.246,3796,94.059,17,93.652,3813,,257
1942,2026-08-25 05:00:02,93.789,5428,91.731,26,92.76,5454,,179
17000,2026-08-25 05:00:02,86.074,1804,90.538,13,88.306,1817,,1
1879,2026-08-25 05:00:02,82.34,1047,81.0,13,81.67,1060,,
104967,2026-08-25 05:00:02,84.05,292,90.0,1,87.025,293,,
212089,2026-08-25 05:00:02,75.833,215,,,75.833,215,,
151665,2026-08-25 05:00:02,73.856,271,70.0,1,71.928,272,,1
250616,2026-08-25 05:00:02,81.299,305,87.714,7,84.507,312,,
18866,2026-08-25 05:00:02,70.65,426,67.111,9,68.88,435,,
132516,2026-08-25 05:00:02,68.008,242,,,68.008,242,,1
113112,2026-08-25 05:00:02,89.45,1732,93.529,17,91.49,1749,,3
3277,2026-08-25 05:00:02,68.828,273,77.5,4,73.164,277,,16
186725,2026-08-25 05:00:02,80.994,377,91.4,5,86.197,382,,
1911,2026-08-25 05:00:02,81.835,490,78.0,4,79.918,494,,3
152271,2026-08-25 05:00:02,80.807,81,80.0,1,80.404,82,,2
7346,2026-08-26 05:00:02,92.462,2950,97.593,27,95.027,2977,,142
136879,2026-08-26 05:00:02,88.544,235,88.0,4,88.272,239,,180
136625,2026-08-26 05:00:02,78.887,675,84.889,9,81.888,684,,141
25076,2026-08-26 05:00:02,93.246,3798,94.059,17,93.652,3815,,257
1942,2026-08-26 05:00:02,93.789,5430,91.731,26,92.76,5456,,179
17000,2026-08-26 05:00:02,86.074,1804,90.538,13,88.306,1817,,1
1879,2026-08-26 05:00:02,82.34,1047,81.0,13,81.67,1060,,
104967,2026-08-26 05:00:02,84.046,293,90.0,1,87.023,294,,
212089,2026-08-26 05:00:02,75.833,215,,,75.833,215,,
151665,2026-08-26 05:00:02,73.856,271,70.0,1,71.928,272,,1
250616,2026-08-26 05:00:02,81.297,306,87.714,7,84.506,313,,
18866,2026-08-26 05:00:02,70.65,426,67.111,9,68.88,435,,
132516,2026-08-26 05:00:02,68.008,242,,,68.008,242,,1
113112,2026-08-26 05:00:02,89.449,1735,93.529,17,91.489,1752,,3
3277,2026-08-26 05:00:02,68.828,273,77.5,4,73.164,277,,16
186725,2026-08-26 05:00:02,80.994,379,91.4,5,86.197,384,,
1911,2026-08-26 05:00:02,81.835,490,78.0,4,79.918,494,,3
152271,2026-08-26 05:00:02,80.807,81,80.0,1,80.404,82,,2
115,2026-08-27 05:00:02,75.515,1013,84.0,3,79.758,1016,,
8173,2026-08-27 05:00:02,81.791,1171,89.083,24,85.437,1195,,41
126459,2026-08-27 05:00:02,71.618,503,78.333,6,74.976,509,,30
230,2026-08-27 05:00:02,87.965,1253,,,87.965,1253,,
9804,2026-08-27 05:00:02,73.606,54,50.0,1,61.803,55,,
26606,2026-08-27 05:00:02,78.512,14,,,78.512,14,,
66463,2026-08-27 05:00:02,,,,,,,,
93902,2026-08-27 05:00:02,56.129,5,,,56.129,5,,
26128,2026-08-27 05:00:02,72.266,123,81.25,4,76.758,127,,1
27789,2026-08-27 05:00:02,71.317,609,75.063,16,73.19,625,,27
135400,2026-08-27 05:00:02,82.014,559,,,82.014,559,,
17269,2026-08-27 05:00:02,71.13,447,,,71.13,447,,
1905,2026-08-27 05:00:02,70.981,1004,82.6,5,76.791,1009,,16
6292,2026-08-27 05:00:02,67.411,199,75.0,5,71.206,204,,4
388008,2026-08-27 05:00:02,,,,,,,,
119277,2026-08-27 05:00:02,78.867,665,83.286,7,81.076,672,,19
125626,2026-08-27 05:00:02,69.57,24,,,69.57,24,,2
125165,2026-08-27 05:00:02,76.858,371,89.667,6,83.262,377,,65
9739,2026-08-27 05:00:02,48.962,34,,,48.962,34,,
16741,2026-08-27 05:00:02,65.514,40,65.5,4,65.507,44,,
563,2026-08-27 05:00:02,68.955,55,80.0,1,74.478,56,,
178282,2026-08-27 05:00:02,75.435,195,90.0,1,82.717,196,,
123395,2026-08-27 05:00:02,83.432,65,,,83.432,65,,
139391,2026-08-27 05:00:02,83.248,38,,,83.248,38,,1
117199,2026-08-27 05:00:02,84.741,57,,,84.741,57,,2
21492,2026-08-27 05:00:02,69.658,12,70.0,1,69.829,13,,
242408,2026-08-27 05:00:02,68.716,352,,,68.716,352,,1
621,2026-08-27 05:00:02,81.199,847,86.667,3,83.933,850,,
114795,2026-08-27 05:00:02,75.379,659,88.0,11,81.69,670,,
36926,2026-08-27 05:00:02,83.767,571,93.25,20,88.509,591,,90
119133,2026-08-27 05:00:02,93.463,2251,96.9,10,95.182,2261,,96
1020,2026-08-27 05:00:02,89.649,5896,88.138,27,88.893,5923,,
1877,2026-08-27 05:00:02,82.857,1615,75.238,21,79.048,1636,,1038
119171,2026-08-27 05:00:02,94.951,1587,94.5,10,94.726,1597,,39
119388,2026-08-27 05:00:02,92.723,906,95.333,6,94.028,912,,79
7346,2026-08-27 05:00:02,92.462,2950,97.593,27,95.027,2977,,142
136879,2026-08-27 05:00:02,88.544,235,88.0,4,88.272,239,,180
136625,2026-08-27 05:00:02,78.886,677,84.889,9,81.888,686,,141
25076,2026-08-27 05:00:02,93.246,3801,94.059,17,93.652,3818,,257
1942,2026-08-27 05:00:02,93.789,5433,91.731,26,92.76,5459,,179
17000,2026-08-27 05:00:02,86.074,1805,90.538,13,88.306,1818,,1
1879,2026-08-27 05:00:02,82.34,1048,81.0,13,81.67,1061,,
104967,2026-08-27 05:00:02,84.046,293,90.0,1,87.023,294,,
212089,2026-08-27 05:00:02,75.833,215,,,75.833,215,,
151665,2026-08-27 05:00:02,73.856,271,70.0,1,71.928,272,,1
250616,2026-08-27 05:00:02,81.297,306,87.714,7,84.506,313,,
18866,2026-08-27 05:00:02,70.65,426,67.111,9,68.88,435,,
132516,2026-08-27 05:00:02,68.008,242,,,68.008,242,,1
113112,2026-08-27 05:00:02,89.449,1735,93.529,17,91.489,1752,,3
3277,2026-08-27 05:00:02,68.828,273,77.5,4,73.164,277,,16
186725,2026-08-27 05:00:02,80.995,380,91.4,5,86.197,385,,
1911,2026-08-27 05:00:02,81.835,490,78.0,4,79.918,494,,3
152271,2026-08-27 05:00:02,80.807,81,80.0,1,80.404,82,,2
115,2026-08-28 05:00:02,75.515,1013,84.0,3,79.758,1016,,
8173,2026-08-28 05:00:02,81.791,1171,89.083,24,85.437,1195,,41
126459,2026-08-28 05:00:02,71.618,503,78.333,6,74.976,509,,30
230,2026-08-28 05:00:02,87.965,1253,,,87.965,1253,,
9804,2026-08-28 05:00:02,73.606,54,50.0,1,61.803,55,,
26606,2026-08-28 05:00:02,78.512,14,,,78.512,14,,
66463,2026-08-28 05:00:02,,,,,,,,
93902,2026-08-28 05:00:02,56.129,5,,,56.129,5,,
26128,2026-08-28 05:00:02,72.266,123,81.25,4,76.758,127,,1
27789,2026-08-28 05:00:02,71.317,609,75.063,16,73.19,625,,27
135400,2026-08-28 05:00:02,82.014,559,,,82.014,559,,
17269,2026-08-28 05:00:02,71.13,447,,,71.13,447,,
1905,2026-08-28 05:00:02,70.981,1004,82.6,5,76.791,1009,,16
6292,2026-08-28 05:00:02,67.411,199,75.0,5,71.206,204,,4
388008,2026-08-28 05:00:02,,,,,,,,
119277,2026-08-28 05:00:02,78.867,665,83.286,7,81.076,672,,19
125626,2026-08-28 05:00:02,69.57,24,,,69.57,24,,2
115,2026-08-30 05:00:02,75.414,1014,84.0,3,79.707,1017,,
8173,2026-08-30 05:00:02,81.791,1171,89.083,24,85.437,1195,,41
126459,2026-08-30 05:00:02,71.618,503,78.333,6,74.976,509,,30
230,2026-08-30 05:00:02,87.965,1253,,,87.965,1253,,
9804,2026-08-30 05:00:02,73.606,54,50.0,1,61.803,55,,
26606,2026-08-30 05:00:02,78.512,14,,,78.512,14,,
66463,2026-08-30 05:00:02,,,,,,,,
93902,2026-08-30 05:00:02,56.129,5,,,56.129,5,,
26128,2026-08-30 05:00:02,72.266,123,81.25,4,76.758,127,,1
27789,2026-08-30 05:00:02,71.317,609,75.063,16,73.19,625,,27
135400,2026-08-30 05:00:02,82.014,559,,,82.014,559,,
17269,2026-08-30 05:00:02,71.133,448,,,71.133,448,,
1905,2026-08-30 05:00:02,70.981,1004,82.6,5,76.791,1009,,16
6292,2026-08-30 05:00:02,67.411,199,75.0,5,71.206,204,,4
388008,2026-08-30 05:00:02,,,,,,,,
119277,2026-08-30 05:00:02,78.867,665,83.286,7,81.076,672,,19
125626,2026-08-30 05:00:02,69.57,24,,,69.57,24,,2
125165,2026-08-30 05:00:02,76.859,372,89.667,6,83.263,378,,65
9739,2026-08-30 05:00:02,48.962,34,,,48.962,34,,
16741,2026-08-30 05:00:02,65.514,40,65.5,4,65.507,44,,
563,2026-08-30 05:00:02,68.955,55,80.0,1,74.478,56,,
178282,2026-08-30 05:00:02,75.438,196,90.0,1,82.719,197,,
123395,2026-08-30 05:00:02,83.432,65,,,83.432,65,,
139391,2026-08-30 05:00:02,83.248,38,,,83.248,38,,1
117199,2026-08-30 05:00:02,84.741,57,,,84.741,57,,2
21492,2026-08-30 05:00:02,69.6,13,70.0,1,69.8,14,,
242408,2026-08-30 05:00:02,68.716,352,,,68.716,352,,1
621,2026-08-30 05:00:02,81.199,847,86.667,3,83.933,850,,
114795,2026-08-30 05:00:02,75.379,659,88.0,11,81.69,670,,
36926,2026-08-30 05:00:02,83.767,571,93.25,20,88.509,591,,90
119133,2026-08-30 05:00:02,93.438,2256,96.9,10,95.169,2266,,96
1020,2026-08-30 05:00:02,89.648,5899,88.138,27,88.893,5926,,
1877,2026-08-30 05:00:02,83.023,1618,75.238,21,79.131,1639,,1038
119171,2026-08-30 05:00:02,94.95,1589,94.5,10,94.725,1599,,39
119388,2026-08-30 05:00:02,92.723,910,95.333,6,94.028,916,,79
7346,2026-08-30 05:00:02,92.462,2955,97.593,27,95.027,2982,,142
136879,2026-08-30 05:00:02,88.539,236,88.0,4,88.27,240,,180
136625,2026-08-30 05:00:02,78.886,678,84.889,9,81.888,687,,141
25076,2026-08-30 05:00:02,93.246,3805,94.059,17,93.652,3822,,257
1942,2026-08-30 05:00:02,93.789,5437,91.731,26,92.76,5463,,179
17000,2026-08-30 05:00:02,86.075,1806,90.538,13,88.307,1819,,1
1879,2026-08-30 05:00:02,82.34,1048,81.0,13,81.67,1061,,
104967,2026-08-30 05:00:02,84.046,293,90.0,1,87.023,294,,
212089,2026-08-30 05:00:02,75.833,216,,,75.833,216,,
151665,2026-08-30 05:00:02,73.831,274,70.0,1,71.915,275,,1
250616,2026-08-30 05:00:02,81.296,307,87.714,7,84.505,314,,
18866,2026-08-30 05:00:02,70.65,426,67.111,9,68.88,435,,
132516,2026-08-30 05:00:02,68.007,244,,,68.007,244,,1
113112,2026-08-30 05:00:02,89.457,1738,93.529,17,91.493,1755,,3
3277,2026-08-30 05:00:02,68.828,273,77.5,4,73.164,277,,16
186725,2026-08-30 05:00:02,80.994,381,91.4,5,86.197,386,,
1911,2026-08-30 05:00:02,81.835,490,78.0,4,79.918,494,,3
152271,2026-08-30 05:00:02,80.807,81,80.0,1,80.404,82,,2
26606,2026-08-29 05:00:02,78.512,14,,,78.512,14,,
66463,2026-08-29 05:00:02,,,,,,,,
93902,2026-08-29 05:00:02,56.129,5,,,56.129,5,,
26128,2026-08-29 05:00:02,72.266,123,81.25,4,76.758,127,,1
27789,2026-08-29 05:00:02,71.317,609,75.063,16,73.19,625,,27
135400,2026-08-29 05:00:02,82.014,559,,,82.014,559,,
17269,2026-08-29 05:00:02,71.133,448,,,71.133,448,,
1905,2026-08-29 05:00:02,70.981,1004,82.6,5,76.791,1009,,16
6292,2026-08-29 05:00:02,67.411,199,75.0,5,71.206,204,,4
388008,2026-08-29 05:00:02,,,,,,,,
119277,2026-08-29 05:00:02,78.867,665,83.286,7,81.076,672,,19
125626,2026-08-29 05:00:02,69.57,24,,,69.57,24,,2
125165,2026-08-29 05:00:02,76.859,372,89.667,6,83.263,378,,65
9739,2026-08-29 05:00:02,48.962,34,,,48.962,34,,
16741,2026-08-29 05:00:02,65.514,40,65.5,4,65.507,44,,
563,2026-08-29 05:00:02,68.955,55,80.0,1,74.478,56,,
178282,2026-08-29 05:00:02,75.438,196,90.0,1,82.719,197,,
123395,2026-08-29 05:00:02,83.432,65,,,83.432,65,,
139391,2026-08-29 05:00:02,83.248,38,,,83.248,38,,1
117199,2026-08-29 05:00:02,84.741,57,,,84.741,57,,2
21492,2026-08-29 05:00:02,69.6,13,70.0,1,69.8,14,,
242408,2026-08-29 05:00:02,68.716,352,,,68.716,352,,1
621,2026-08-29 05:00:02,81.199,847,86.667,3,83.933,850,,
114795,2026-08-29 05:00:02,75.379,659,88.0,11,81.69,670,,
36926,2026-08-29 05:00:02,83.767,571,93.25,20,88.509,591,,90
119133,2026-08-29 05:00:02,93.438,2254,96.9,10,95.169,2264,,96
1020,2026-08-29 05:00:02,89.648,5897,88.138,27,88.893,5924,,
1877,2026-08-29 05:00:02,83.023,1618,75.238,21,79.131,1639,,1038
119171,2026-08-29 05:00:02,94.95,1589,94.5,10,94.725,1599,,39
119388,2026-08-29 05:00:02,92.723,907,95.333,6,94.028,913,,79
7346,2026-08-29 05:00:02,92.462,2952,97.593,27,95.027,2979,,142
136879,2026-08-29 05:00:02,88.539,236,88.0,4,88.27,240,,180
136625,2026-08-29 05:00:02,78.886,678,84.889,9,81.888,687,,141
25076,2026-08-29 05:00:02,93.246,3803,94.059,17,93.652,3820,,257
1942,2026-08-29 05:00:02,93.789,5435,91.731,26,92.76,5461,,179
17000,2026-08-29 05:00:02,86.075,1806,90.538,13,88.307,1819,,1
1879,2026-08-29 05:00:02,82.34,1048,81.0,13,81.67,1061,,
104967,2026-08-29 05:00:02,84.046,293,90.0,1,87.023,294,,
212089,2026-08-29 05:00:02,75.833,216,,,75.833,216,,
151665,2026-08-29 05:00:02,73.831,274,70.0,1,71.915,275,,1
250616,2026-08-29 05:00:02,81.297,306,87.714,7,84.506,313,,
18866,2026-08-29 05:00:02,70.65,426,67.111,9,68.88,435,,
132516,2026-08-29 05:00:02,68.007,243,,,68.007,243,,1
113112,2026-08-29 05:00:02,89.457,1737,93.529,17,91.493,1754,,3
3277,2026-08-29 05:00:02,68.828,273,77.5,4,73.164,277,,16
186725,2026-08-29 05:00:02,80.994,381,91.4,5,86.197,386,,
1911,2026-08-29 05:00:02,81.835,490,78.0,4,79.918,494,,3
152271,2026-08-29 05:00:02,80.807,81,80.0,1,80.404,82,,2
115,2026-08-31 05:00:01,75.414,1014,84.0,3,79.707,1017,,
8173,2026-08-31 05:00:01,81.791,1171,89.083,24,85.437,1195,,41
126459,2026-08-31 05:00:01,71.618,503,78.333,6,74.976,509,,30
230,2026-08-31 05:00:01,87.965,1254,,,87.965,1254,,
9804,2026-08-31 05:00:01,73.606,54,50.0,1,61.803,55,,
26606,2026-08-31 05:00:01,78.512,14,,,78.512,14,,
66463,2026-08-31 05:00:01,,,,,,,,
93902,2026-08-31 05:00:01,56.129,5,,,56.129,5,,
26128,2026-08-31 05:00:01,72.266,123,81.25,4,76.758,127,,1
27789,2026-08-31 05:00:01,71.317,609,75.063,16,73.19,625,,27
135400,2026-08-31 05:00:01,82.014,559,,,82.014,559,,
17269,2026-08-31 05:00:01,71.133,448,,,71.133,448,,
1905,2026-08-31 05:00:01,70.981,1004,82.6,5,76.791,1009,,16
6292,2026-08-31 05:00:01,67.412,200,75.0,5,71.206,205,,4
388008,2026-08-31 05:00:01,,,,,,,,
119277,2026-08-31 05:00:01,78.867,665,83.286,7,81.076,672,,19
125626,2026-08-31 05:00:01,69.57,24,,,69.57,24,,2
125165,2026-08-31 05:00:01,76.859,372,89.667,6,83.263,378,,65
9739,2026-08-31 05:00:01,48.962,34,,,48.962,34,,
16741,2026-08-31 05:00:01,65.514,40,65.5,4,65.507,44,,
563,2026-08-31 05:00:01,68.955,55,80.0,1,74.478,56,,
178282,2026-08-31 05:00:01,75.438,196,90.0,1,82.719,197,,
123395,2026-08-31 05:00:01,83.432,65,,,83.432,65,,
139391,2026-08-31 05:00:01,83.248,38,,,83.248,38,,1
117199,2026-08-31 05:00:01,84.741,57,,,84.741,57,,2
21492,2026-08-31 05:00:01,69.6,13,70.0,1,69.8,14,,
242408,2026-08-31 05:00:01,68.716,352,,,68.716,352,,1
621,2026-08-31 05:00:01,81.199,847,86.667,3,83.933,850,,
114795,2026-08-31 05:00:01,75.379,660,88.0,11,81.69,671,,
36926,2026-08-31 05:00:01,83.767,571,93.25,20,88.509,591,,90
119133,2026-08-31 05:00:01,93.436,2259,96.9,10,95.168,2269,,96
1020,2026-08-31 05:00:01,89.648,5904,88.138,27,88.893,5931,,
1877,2026-08-31 05:00:01,83.023,1620,75.238,21,79.131,1641,,1038
119171,2026-08-31 05:00:01,94.949,1592,94.5,10,94.725,1602,,39
119388,2026-08-31 05:00:01,92.723,910,95.333,6,94.028,916,,79
7346,2026-08-31 05:00:01,92.462,2956,97.593,27,95.027,2983,,142
136879,2026-08-31 05:00:01,88.538,237,88.0,4,88.269,241,,180
136625,2026-08-31 05:00:01,78.886,679,84.889,9,81.888,688,,141
25076,2026-08-31 05:00:01,93.246,3808,94.059,17,93.652,3825,,257
1942,2026-08-31 05:00:01,93.789,5440,91.731,26,92.76,5466,,179
17000,2026-08-31 05:00:01,86.075,1807,90.538,13,88.307,1820,,1
1879,2026-08-31 05:00:01,82.34,1048,81.0,13,81.67,1061,,
104967,2026-08-31 05:00:01,84.046,293,90.0,1,87.023,294,,
212089,2026-08-31 05:00:01,75.833,216,,,75.833,216,,
151665,2026-08-31 05:00:01,73.831,275,70.0,1,71.916,276,,1
250616,2026-08-31 05:00:01,81.296,307,87.714,7,84.505,314,,
18866,2026-08-31 05:00:01,70.65,426,67.111,9,68.88,435,,
132516,2026-08-31 05:00:01,68.007,244,,,68.007,244,,1
113112,2026-08-31 05:00:01,89.457,1738,93.529,17,91.493,1755,,3
3277,2026-08-31 05:00:01,68.828,273,77.5,4,73.164,277,,16
186725,2026-08-31 05:00:01,80.994,381,91.4,5,86.197,386,,
1911,2026-08-31 05:00:01,81.835,490,78.0,4,79.918,494,,3
152271,2026-08-31 05:00:01,80.807,81,80.0,1,80.404,82,,2
