igdb_id,name,slug,category,category_label,status,first_release_date,release_year,genres,platforms,game_modes,themes,developers,publishers,franchises,summary,cover_url,igdb_url,is_active
136625,Hogwarts Legacy,hogwarts-legacy,0,main_game,,2023-02-10 00:00:00,2023,Role-playing (RPG);Adventure,Series X|S;PS4;Switch 2;PC;PS5;XONE;Switch,Single player,Action;Fantasy;Open world,Avalanche Software,Warner Bros. Games,Harry Potter,"Hogwarts Legacy is an immersive, open-world action RPG set in the world first introduced in the Harry Potter books. Now you can take control of the action and be at the center of your own adventure in the wizarding world. Embark on a journey through familiar and new locations as you explore and discover fantastic beasts, customize your character and craft potions, master spell casting, upgrade talents, and become the wizard you want to be. Discover the feeling of living at Hogwarts as you make allies, battle Dark wizards, and ultimately decide the fate of the wizarding world. Your legacy is what you make of it.",https://images.igdb.com/igdb/image/upload/t_thumb/coaav6.jpg,https://www.igdb.com/games/hogwarts-legacy,1
25076,Red Dead Redemption 2,red-dead-redemption-2,0,main_game,,2018-10-26 00:00:00,2018,Shooter;Role-playing (RPG);Adventure,Stadia;PS4;PC;XONE,Single player;Multiplayer;Co-operative,Action;Drama;Open world,Rockstar Games,Take-Two Interactive;Rockstar Games,,"Red Dead Redemption 2 is the epic tale of outlaw Arthur Morgan and the infamous Van der Linde gang, on the run across America at the dawn of the modern age.",https://images.igdb.com/igdb/image/upload/t_thumb/co1q1f.jpg,https://www.igdb.com/games/red-dead-redemption-2,1
1942,The Witcher 3: Wild Hunt,the-witcher-3-wild-hunt,0,main_game,,2015-05-19 00:00:00,2015,Role-playing (RPG);Adventure,Series X|S;PS4;PC;PS5;XONE;Switch,Single player,Action;Fantasy;Open world,CD Projekt RED,WB Games;cdp.pl;Spike Chunsoft;Bandai Namco Entertainment,The Witcher,"The Witcher 3: Wild Hunt is an open-world action role-playing game developed by CD Projekt Red.  Set in a dark fantasy world, the game follows Geralt of Rivia, a monster hunter searching for his adopted daughter, Ciri, while navigating political conflicts and supernatural threats. Gameplay features exploration, combat, character progression, and branching narratives shaped by player choices. Widely acclaimed for its writing, world-building, and depth, it is considered one of the most influential RPGs of its generation.",https://images.igdb.com/igdb/image/upload/t_thumb/coaarl.jpg,https://www.igdb.com/games/the-witcher-3-wild-hunt,1
151665,Palworld,palworld,0,main_game,,2026-07-10 00:00:00,2026,Shooter;Role-playing (RPG);Hack and slash/Beat 'em up;Adventure;Indie,Series X|S;PC;PS5;Mac;XONE,Single player;Multiplayer;Co-operative;Massively Multiplayer Online (MMO),Action;Survival;Sandbox;Open world,PocketPair,PocketPair,,"Palworld is a multiplayer open-world survival game that combines creature-collecting with crafting, base-building, and combat. Set on the Palpagos Islands, players capture and tame animal-like creatures called Pals, which can be used as mounts, combat partners, or workers at player-built bases. The game incorporates firearms and darker satirical elements into the monster-taming formula.",https://images.igdb.com/igdb/image/upload/t_thumb/co7n02.jpg,https://www.igdb.com/games/palworld,1
250616,Helldivers 2,helldivers-2,0,main_game,,2024-02-08 00:00:00,2024,Shooter;Tactical,Series X|S;PC;PS5,Single player;Multiplayer;Co-operative,Action;Science fiction,Arrowhead Game Studios,Sony Interactive Entertainment,,"Helldivers 2 is a cooperative third-person shooter in which squads of up to four players are deployed from orbit onto hostile planets to complete strategic missions. Players select loadouts of weapons, armor, and stratagems that allow them to call in orbital strikes, supply drops, vehicles, and turrets during combat. Friendly fire is always active, requiring coordination between teammates. The game features a persistent galactic war where community-wide performance determines which planets are liberated or lost.",https://images.igdb.com/igdb/image/upload/t_thumb/coabbf.jpg,https://www.igdb.com/games/helldivers-2,1
186725,Vampire Survivors,vampire-survivors,0,main_game,,2022-02-01 00:00:00,2022,Role-playing (RPG);Adventure;Indie;Arcade,Series X|S;PS4;Linux;Android;PC;iOS;PS5;Mac;XONE;Switch,Single player;Multiplayer;Co-operative;Split screen,Action;Fantasy;Survival,Poncle,Poncle,,"Mow thousands of night creatures and survive until dawn! Vampire Survivors is a gothic horror casual game with rogue-lite elements, where your choices can allow you to quickly snowball against the hundreds of monsters that get thrown at you.",https://images.igdb.com/igdb/image/upload/t_thumb/co4bzv.jpg,https://www.igdb.com/games/vampire-survivors,1
1911,Path of Exile,path-of-exile,0,main_game,,2013-10-23 00:00:00,2013,Role-playing (RPG);Hack and slash/Beat 'em up;Adventure,PS4;PC;PS5;Mac;XONE,Single player;Multiplayer;Co-operative;Massively Multiplayer Online (MMO),Action;Fantasy;Horror,Grinding Gear Games,Grinding Gear Games,,"You are an Exile, struggling to survive on the dark continent of Wraeclast, as you fight to earn power that will allow you to exact your revenge against those who wronged you. Created by hardcore gamers, Path of Exile is an online Action RPG set in a dark fantasy world.",https://images.igdb.com/igdb/image/upload/t_thumb/co1n6w.jpg,https://www.igdb.com/games/path-of-exile,1
152271,Citizen Sleeper,citizen-sleeper,0,main_game,,2022-05-05 00:00:00,2022,Role-playing (RPG);Adventure;Indie,Series X|S;PS4;Switch 2;PC;PS5;Mac;XONE;Switch,Single player,Science fiction,Jump Over the Age,Fellow Traveller,,"Roleplaying in the ruins of interplanetary capitalism. Live the life of an escaped worker, washed-up on a lawless station at the edge of an interstellar society. Inspired by the flexibility and freedom of TTRPGs, explore the station, choose your friends, escape your past and change your future.",https://images.igdb.com/igdb/image/upload/t_thumb/co4zl5.jpg,https://www.igdb.com/games/citizen-sleeper,1
115,League of Legends,league-of-legends,0,main_game,,2009-10-27 00:00:00,2009,Role-playing (RPG);Strategy;MOBA,PC;Mac,Multiplayer;Co-operative,Action;Fantasy,Riot Games,Riot Games;Tencent Holdings;GOA Games Services Ltd.,League of Legends,"League of Legends is a fast-paced, competitive online game that blends the speed and intensity of an RTS with RPG elements. Two teams of powerful champions, each with a unique design and playstyle, battle head-to-head across multiple battlefields and game modes. With an ever-expanding roster of champions, frequent updates and a thriving tournament scene, League of Legends offers endless replayability for players of every skill level.",https://images.igdb.com/igdb/image/upload/t_thumb/coc99o.jpg,https://www.igdb.com/games/league-of-legends,1
261349,Overwatch 2: Invasion Bundle,overwatch-2-invasion-bundle--1,13,pack,,2023-08-10 00:00:00,2023,,Series X|S;PS4;PC;PS5;XONE;Switch,Multiplayer;Co-operative,Action,Blizzard Entertainment,Blizzard Entertainment,,Get started on your mission to save the world with the Overwatch 2: Invasion Bundle!,https://images.igdb.com/igdb/image/upload/t_thumb/co84ii.jpg,https://www.igdb.com/games/overwatch-2-invasion-bundle--1,1
126459,Valorant,valorant,0,main_game,,2020-06-02 00:00:00,2020,Shooter;Tactical,Series X|S;PC;PS5,Multiplayer,Action;Fantasy;Science fiction,Riot Games,Riot Games,,"Valorant is a character-based 5v5 tactical shooter set on the global stage. Outwit, outplay, and outshine your competition with tactical abilities, precise gunplay, and adaptive teamwork.",https://images.igdb.com/igdb/image/upload/t_thumb/cocqbp.jpg,https://www.igdb.com/games/valorant,1
230,StarCraft,starcraft,0,main_game,,1998-03-31 00:00:00,1998,Real Time Strategy (RTS);Strategy,PC;Mac,Single player;Multiplayer,Science fiction;Warfare,Blizzard Entertainment,Blizzard Entertainment,starcraft,"StarCraft is a real-time strategy game set in a distant sector of the Milky Way galaxy in the 26th century. Players command one of three species across separate campaigns: the Terrans, resourceful human colonists cut off from Earth; the Zerg, an insectoid swarm that assimilates other species; and the Protoss, a technologically advanced race with powerful psionic abilities. Each species features distinct units, structures, and strategic options. The game includes a story-driven single-player campaign for each faction and competitive multiplayer via Battle.net.",https://images.igdb.com/igdb/image/upload/t_thumb/co9n6m.jpg,https://www.igdb.com/games/starcraft,1
119133,Elden Ring,elden-ring,0,main_game,,2022-02-25 00:00:00,2022,Role-playing (RPG);Adventure,Series X|S;PS4;Switch 2;PC;PS5;XONE,Single player;Multiplayer;Co-operative,Action;Fantasy;Open world,FromSoftware,Bandai Namco Entertainment;FromSoftware,Elden Ring,"Elden Ring is an action RPG developed by FromSoftware and published by Bandai Namco Entertainment, released in February 2022. Directed by Hidetaka Miyazaki, with world-building contributions from novelist George R. R. Martin, the game features an expansive open world called the Lands Between. Players assume the role of a customisable character known as the Tarnished, who must explore this world, battle formidable enemies, and seek to restore the Elden Ring to become the Elden Lord.  The game builds on the challenging gameplay mechanics familiar from the Dark Souls series but introduces a more open-ended structure with vast exploration, dynamic weather, and a day-night cycle. It offers deep lore, complex characters, and an interconnected world filled with secrets, dungeons, and powerful bosses.",https://images.igdb.com/igdb/image/upload/t_thumb/co4jni.jpg,https://www.igdb.com/games/elden-ring,1
1020,Grand Theft Auto V,grand-theft-auto-v,0,main_game,,2013-09-17 00:00:00,2013,Shooter;Racing;Adventure,Series X|S;PS3;PS4;PC;PS5;X360;XONE,Single player;Multiplayer;Co-operative,Action;Comedy;Sandbox;Open world,Rockstar North,Take-Two Interactive;Rockstar Games,Grand Theft Auto,"Grand Theft Auto V is a vast open world game set in Los Santos, a sprawling sun-soaked metropolis struggling to stay afloat in an era of economic uncertainty and cheap reality TV. The game blends storytelling and gameplay in new ways as players repeatedly jump in and out of the lives of the game’s three lead characters, playing all sides of the game’s interwoven story.",https://images.igdb.com/igdb/image/upload/t_thumb/co2lbd.jpg,https://www.igdb.com/games/grand-theft-auto-v,1
27789,PUBG: Battlegrounds,pubg-battlegrounds,0,main_game,,2017-12-20 00:00:00,2017,Shooter,Stadia;Series X|S;PS4;PC;PS5;XONE,Single player;Multiplayer;Co-operative;Battle Royale,Action;Warfare,PUBG Corp,Bluehole Studio;Microsoft Studios,,PUBG: Battlegrounds is a battle royale shooter that pits 100 players against each other in a struggle for survival. Gather supplies and outwit your opponents to become the last person standing.,https://images.igdb.com/igdb/image/upload/t_thumb/coaam4.jpg,https://www.igdb.com/games/pubg-battlegrounds,1
26128,Lost Ark,lost-ark,0,main_game,,2019-10-27 00:00:00,2019,Role-playing (RPG);Hack and slash/Beat 'em up;Adventure,PC,Single player;Multiplayer;Co-operative;Massively Multiplayer Online (MMO),Action;Fantasy,Tripod Studio,Smilegate RPG;GameOn;Amazon Game Studios;My.com,,"Embark on an odyssey for the Lost Ark in a vast, vibrant world: explore new lands, seek out lost treasures, and test yourself in thrilling action combat. Define your fighting style with your class and advanced class, and customize your skills, weapons, and gear to bring your might to bear as you fight against hordes of enemies, colossal bosses, and dark forces seeking the power of the Ark in this action-packed free-to-play RPG.",https://images.igdb.com/igdb/image/upload/t_thumb/co4w4j.jpg,https://www.igdb.com/games/lost-ark,1
1877,Cyberpunk 2077,cyberpunk-2077,0,main_game,,2020-12-10 00:00:00,2020,Shooter;Role-playing (RPG);Adventure,Stadia;Series X|S;PS4;Switch 2;PC;PS5;Mac;XONE,Single player,Action;Science fiction;Sandbox;Open world,CD Projekt RED,CD Projekt,Cyberpunk,"Cyberpunk 2077 is an open-world action-adventure game set in Night City, a sprawling metropolis driven by power, glamour, and body modification. Players assume the role of V, a mercenary outlaw in pursuit of a unique implant that holds the key to immortality. The game allows extensive customization of cyberware, skills, and playstyle. Choices made throughout the journey influence both the narrative and the world.",https://images.igdb.com/igdb/image/upload/t_thumb/coaih8.jpg,https://www.igdb.com/games/cyberpunk-2077,1
279884,Baldur's Gate 3: Digital Deluxe Edition,baldurs-gate-3-digital-deluxe-edition,0,main_game,,2023-08-03 00:00:00,2023,Role-playing (RPG);Strategy;Turn-based strategy (TBS);Tactical;Adventure,Series X|S;PC;PS5;Mac,Single player;Multiplayer;Co-operative;Split screen,Action;Fantasy,Larian Studios,Larian Studios,,"The Digital Deluxe Edition upgrade content includes in-game cosmetics, such as a unique custom dice skin to show off to your friends, as well as practical in-game items such as the Mask of the Shapeshifter from Divinity: Original Sin 2.  Listen to the magical music of Borislav Slavov’s Original Soundtrack for Baldur’s Gate 3 or even pick up a pen and play D&D as one of our Origin characters with the handy printable pre-made character sheets. There’s plenty to get stuck into, in and outside of the game.",https://images.igdb.com/igdb/image/upload/t_thumb/co9bc5.jpg,https://www.igdb.com/games/baldurs-gate-3-digital-deluxe-edition,1
104967,Valheim,valheim,0,main_game,,2026-09-09 00:00:00,2026,Role-playing (RPG);Adventure;Indie,Series X|S;Linux;Switch 2;PC;PS5;Mac;XONE,Single player;Multiplayer;Co-operative,Action;Fantasy;Survival;Sandbox;Open world,Iron Gate Studios,Coffee Stain Publishing,,"Valheim is an open-world survival and exploration game set in a procedurally generated world inspired by Norse mythology. Playing alone or with up to nine other players, you explore dangerous biomes, gather resources, craft weapons and armour, build Viking settlements and longships, and battle powerful creatures and bosses in order to prove yourself worthy of Odin.  Progression is tied to exploration and defeating the Forsaken, with each biome introducing new enemies, resources, crafting possibilities and challenges. From the peaceful Meadows to the frozen Deep North, players can build, farm, sail, fight and explore the tenth world at their own pace.",https://images.igdb.com/igdb/image/upload/t_thumb/cocygu.jpg,https://www.igdb.com/games/valheim,1
212089,Lethal Company,lethal-company,0,main_game,4,2023-10-23 00:00:00,2023,Indie,PC,Single player;Multiplayer;Co-operative,Action;Science fiction;Horror;Comedy,Zeekerss,Zeekerss,,Lethal Company is a co-op horror roguelite game about scavenging at abandoned moons to sell scrap to the Company.,https://images.igdb.com/igdb/image/upload/t_thumb/co5ive.jpg,https://www.igdb.com/games/lethal-company,1
113112,Hades,hades--1,0,main_game,,2020-09-17 00:00:00,2020,Role-playing (RPG);Hack and slash/Beat 'em up;Adventure;Indie,Series X|S;PS4;PC;iOS;PS5;Mac;XONE;Switch,Single player,Action;Fantasy;Drama,Supergiant Games,Supergiant Games;Netflix,,"A rogue-lite hack and slash dungeon crawler in which Zagreus, son of Hades the Greek god of the dead, attempts to escape his home and his oppressive father by fighting the souls of the dead through the various layers of the ever-shifting underworld, while getting to know and forging relationships with its inhabitants.",https://images.igdb.com/igdb/image/upload/t_thumb/cob9kr.jpg,https://www.igdb.com/games/hades--1,1
3277,Rust,rust,0,main_game,,2018-02-08 00:00:00,2018,Shooter;Role-playing (RPG);Adventure;Indie,PC;Mac,Multiplayer;Co-operative;Massively Multiplayer Online (MMO),Action;Survival;Sandbox;Open world,Facepunch Studios,Facepunch Studios,,"Rust is a multiplayer survival game set on a procedurally generated island where players must manage hunger, thirst, and health while contending with hostile wildlife and other players. Starting with only a rock and torch, players gather resources, craft tools, weapons, and structures, and form or fight against clans in a persistent open world that resets on a regular wipe cycle. Originally developed as a clone of DayZ with Minecraft-style crafting elements, the game spent over four years in early access before its full release in 2018.",https://images.igdb.com/igdb/image/upload/t_thumb/coajjj.jpg,https://www.igdb.com/games/rust,1
1879,Terraria,terraria,0,main_game,,2011-05-16 00:00:00,2011,Platform;Role-playing (RPG);Simulator;Strategy;Adventure;Indie,Stadia;PS3;PS4;Linux;3DS;Win Phone;Android;PC;iOS;Mac;WiiU;Vita;X360;XONE;Switch,Single player;Multiplayer;Co-operative,Action;Fantasy;Science fiction;Horror;Survival;Sandbox;Open world,Re-Logic,Headup Games;Re-Logic;505 Games,,"Terraria is a 2D sandbox action-adventure game with platforming and role-playing elements. Players create a character and are placed in a procedurally generated world where they mine resources, craft equipment, build structures, and fight enemies. Progression is driven by defeating bosses that unlock new tiers of items, biomes, and challenges. The game features a class system based on equipped gear, NPC recruitment tied to achievements, and supports both single-player and multiplayer modes. Terraria also includes official modding support through the tModLoader framework.",https://images.igdb.com/igdb/image/upload/t_thumb/coaamg.jpg,https://www.igdb.com/games/terraria,1
17000,Stardew Valley,stardew-valley,0,main_game,,2016-02-26 00:00:00,2016,Role-playing (RPG);Simulator;Strategy;Adventure;Indie,PS4;Linux;Switch 2;Android;PC;iOS;Mac;WiiU;Vita;XONE;Switch,Single player;Multiplayer;Co-operative,Fantasy;Business;Sandbox;Romance,ConcernedApe,Chucklefish Games;ConcernedApe;505 Games,,"Stardew Valley is an open-ended country-life RPG! You’ve inherited your grandfather’s old farm plot in Stardew Valley. Armed with hand-me-down tools and a few coins, you set out to begin your new life. Can you learn to live off the land and turn these overgrown fields into a thriving home? It won’t be easy. Ever since Joja Corporation came to town, the old ways of life have all but disappeared. The community center, once the town’s most vibrant hub of activity, now lies in shambles. But the valley seems full of opportunity. With a little dedication, you might just be the one to restore Stardew Valley to greatness!",https://images.igdb.com/igdb/image/upload/t_thumb/coa93h.jpg,https://www.igdb.com/games/stardew-valley,1
18866,Dead by Daylight,dead-by-daylight,0,main_game,,2016-06-14 00:00:00,2016,Strategy,Stadia;Series X|S;PS4;Android;PC;iOS;PS5;XONE;Switch,Single player;Multiplayer;Co-operative,Action;Horror;Survival;Stealth,Behaviour Interactive,Behaviour Interactive;505 Games;Deep Silver;Starbreeze Studios;NetEase Games,,"Trapped forever in a realm of eldritch evil where even death is not an escape, four determined Survivors face a bloodthirsty Killer in a vicious game of nerve and wits. Pick a side and step into a world of tension and terror with horror gaming's best asymmetrical multiplayer.  Survivors play in third-person and have the advantage of better situational awareness. The Killer plays in first-person and is more focused on their prey.  The Survivors' goal in each encounter is to escape the Killing Ground without getting caught by the Killer - something that sounds easier than it is, especially when the environment changes every time you play.",https://images.igdb.com/igdb/image/upload/t_thumb/co5zky.jpg,https://www.igdb.com/games/dead-by-daylight,1
132516,Phasmophobia,phasmophobia,0,main_game,4,2020-09-18 00:00:00,2020,Puzzle;Tactical;Indie,Series X|S;PSVR2;Windows Mixed Reality;Switch 2;PC;Steam VR;PS5;Oculus Rift,Single player;Multiplayer;Co-operative,Action;Horror;Thriller,Kinetic Games,Kinetic Games,,"Phasmophobia is a cooperative horror investigation game played from a first-person perspective, supporting one to four players. Players take on the role of ghost hunters who must identify the type of ghost haunting a designated location by gathering evidence using various paranormal investigation equipment. The game features speech recognition, allowing ghosts and certain equipment to respond to words spoken by players. As investigators spend time at the site, their sanity decreases, eventually triggering hunts during which the ghost actively pursues and can kill players. The game includes multiple location types of varying size, twenty-nine ghost types each with unique behaviors and evidence, and a progression system where players earn money to unlock and upgrade equipment. Virtual reality is optionally supported.",https://images.igdb.com/igdb/image/upload/t_thumb/coamcz.jpg,https://www.igdb.com/games/phasmophobia,1
136879,Black Myth: Wukong,black-myth-wukong,0,main_game,,2024-08-20 00:00:00,2024,Role-playing (RPG);Hack and slash/Beat 'em up;Adventure,Series X|S;PC;PS5,Single player,Action;Fantasy,Game Science,Game Science,,"Black Myth: Wukong is an action role-playing game developed by Game Science, inspired by the classical Chinese novel Journey to the West. Players control the Destined One, a staff-wielding monkey protagonist, through mostly linear levels interspersed with expansive areas. The game features Soulslike elements, a flexible skill system, and boss encounters of varying intensity. It was the first installment in the Black Myth series and is widely regarded as the first AAA game from the Chinese video game industry.",https://images.igdb.com/igdb/image/upload/t_thumb/co8h3y.jpg,https://www.igdb.com/games/black-myth-wukong,1
26606,Dungeon Fighter Online,dungeon-fighter-online,0,main_game,,2005-08-01 00:00:00,2005,Role-playing (RPG);Hack and slash/Beat 'em up;Adventure;Arcade,PC,Single player;Multiplayer;Co-operative;Massively Multiplayer Online (MMO),Action;Fantasy,Neople,Hangame;Nexon;Neople,Dungeon & Fighter,"Dungeon Fighter Online is a free-to-play multiplayer hack-and-slash RPG with a side-scrolling arcade style. There are currently 11 unique character classes. 3 classes have a mirrored class of the opposite gender with a 4th being added soon. Classes have Sub-classes to choose from and later has advancements of those classes to unlock upgraded skills. Of the 11 unique classes, 6 have 4 sub-classes, 3 have 2 sub-classes, and 2 have no sub-classes but still has advancements for new skills.  Developed by the Korean company Neople in 2005 the game was released in Japan in 2006, China in 2007, Taiwan in 2009, and North America in 2010. The publisher Nexon shut the North American version down in 2013. Neople relaunched the game globally in 2016, with Season 2, adding new content and characters to the game.  The game was released on the Xbox 360 Arcade under the title ""Dungeon Fighter Live"".",https://images.igdb.com/igdb/image/upload/t_thumb/co3wer.jpg,https://www.igdb.com/games/dungeon-fighter-online,1
6292,Black Desert,black-desert,0,main_game,,2014-12-17 00:00:00,2014,Role-playing (RPG);Strategy;Hack and slash/Beat 'em up;Adventure,Series X|S;PS4;PC;PS5;XONE,Multiplayer;Co-operative;Massively Multiplayer Online (MMO),Action;Fantasy;Historical;Sandbox;Open world,Pearl Abyss,Pearl Abyss,,"Black Desert is a game that tests the limitations of MMORPG by implementing remastered graphics and audio. Enjoy exciting combat and siege, exploration, trading, fishing, training, alchemy, cooking, gathering, hunting, and more in the vast open world.",https://images.igdb.com/igdb/image/upload/t_thumb/coclea.jpg,https://www.igdb.com/games/black-desert,1
388008,Lineage,lineage--2,0,main_game,4,2026-02-01 00:00:00,2026,,browser,Single player,,,,,A minimalist game of precision. How far can you go?,https://images.igdb.com/igdb/image/upload/t_thumb/cobep8.jpg,https://www.igdb.com/games/lineage--2,1
119277,Genshin Impact,genshin-impact,0,main_game,,2020-09-28 00:00:00,2020,Role-playing (RPG);Adventure,Series X|S;PS4;Android;PC;iOS;PS5,Single player;Multiplayer;Co-operative,Action;Fantasy;Open world,HoYoverse;Cognosphere;miHoYo,HoYoverse;Cognosphere;miHoYo,Genshin Impact,"Genshin Impact is an open-world action RPG, where you embark on a journey across Teyvat to find your lost sibling and seek answers from The Seven, the gods of each element. Explore this wondrous world, join forces with a diverse range of characters, and unravel the countless mysteries that Teyvat holds...",https://images.igdb.com/igdb/image/upload/t_thumb/coa9dy.jpg,https://www.igdb.com/games/genshin-impact,1
125626,KartRider: Drift,kartrider-drift,0,main_game,8,2023-01-10 00:00:00,2023,Racing;Sport,Series X|S;PS4;Android;PC;iOS;XONE,Multiplayer,Action,Nitro Studio,Nexon America;Nexon Korea,,"KartRider: Drift is the only free-to-play, cross-platform kart racer where arcade thrills and the fastest drift fueled competition meet deep player-created kart and character customization. No limits. All drift.",https://images.igdb.com/igdb/image/upload/t_thumb/coaa52.jpg,https://www.igdb.com/games/kartrider-drift,1
125165,Diablo IV,diablo-iv,0,main_game,,2023-06-06 00:00:00,2023,Role-playing (RPG);Hack and slash/Beat 'em up,Series X|S;PS4;PC;PS5;XONE,Single player;Multiplayer;Co-operative,Action;Fantasy;Horror,Blizzard Entertainment,Blizzard Entertainment,Diablo,"Endless demons to slaughter. Deep customization through Talents, Skill Points, Runes, and Legendary loot. Randomized dungeons contained in a dynamic open world. Survive and conquer darkness—or succumb to the shadows.",https://images.igdb.com/igdb/image/upload/t_thumb/co69sm.jpg,https://www.igdb.com/games/diablo-iv,1
9739,Crossfire,crossfire,0,main_game,,2007-05-03 00:00:00,2007,Shooter;Tactical,PC,Multiplayer,Action;Science fiction;Warfare,Smilegate,Neowiz,,"CrossFire is a first-person shooter that features two mercenary corporations named the ""Black List"" and ""Global Risk,"" fighting each other in an epic global conflict. Players assume the role of either a Black List or Global Risk mercenary, joining an online team that must work together to complete objective-based scenarios. With the exception of the Zombie mode and Wave mode, each mode can support a maximum of 16 players (except Wave mode), each divided into an 8-man team (5 for Wave mode).  There are more than ten online modes: Team Death Match, Search and Destroy, Elimination Match, Ghost Mode, Free-For-All, Mutation Mode, Escape Mode, Hero Mode, Hero Mode X, Zombie mode, Elite mode, Wave Mode, Shadow Mode, Biochemical Knight Mode, Ghosts vs Mutants, RPG/Melee Mode, Soccer Mode, Light Mode, and Super Soldiers TD.  Based on their performance in-game, players will receive experience points and be promoted through various Military Ranks. The lowest rank is trainee first class, the highest is Marshall. Players also have the ability to customize their character's equipment and appearance through CrossFire's in-game item shop and from the Mall in the website.  CrossFire is free to download and playable online. It has a free currency which is called Game Points (GP), which are earned through playing and completing matches, buying premium items that grant bonus GP, or fulfilling certain missions. Premium and special items like modified weapons can only be bought using points which are obtained using real money in the form of cards or online transactions. The content and the name of the points tends to vary from version to version.",https://images.igdb.com/igdb/image/upload/t_thumb/co2iie.jpg,https://www.igdb.com/games/crossfire,1
16741,Blade & Soul,blade-and-soul,0,main_game,,2012-06-30 00:00:00,2012,Role-playing (RPG),PC,Massively Multiplayer Online (MMO),Fantasy,Team Bloodlust,NCSOFT,,Blade & Soul is a MMORPG currently in development by NCsoft's Team Bloodlust development team. The characters in this oriental style game are designed by the well-known illustrator Hyung-tae Kim.,https://images.igdb.com/igdb/image/upload/t_thumb/co3wny.jpg,https://www.igdb.com/games/blade-and-soul,1
563,Aion,aion,0,main_game,,2008-11-25 00:00:00,2008,Role-playing (RPG);Strategy;Adventure,PC,Massively Multiplayer Online (MMO),Action;Fantasy;Open world,NCSOFT,NCSOFT;Noviy Disk;Gameforge,,A massively multiplayer online role-playing game released by NCSOFT. The game combines PvP and PvE in a fantasy game environment.,https://images.igdb.com/igdb/image/upload/t_thumb/co1sig.jpg,https://www.igdb.com/games/aion,1
178282,Honkai: Star Rail,honkai-star-rail,0,main_game,,2023-04-26 00:00:00,2023,Role-playing (RPG);Turn-based strategy (TBS);Adventure,Android;PC;iOS;PS5,Single player;Multiplayer,Action;Fantasy;Science fiction,HoYoverse;miHoYo,Cognosphere;HoYoverse;miHoYo,Honkai,Honkai: Star Rail is an all-new strategy-RPG title in the Honkai series that takes players on a cosmic adventure across the stars. Hop aboard the Astral Express and experience the galaxy's infinite wonders on this journey filled with adventure and thrill.,https://images.igdb.com/igdb/image/upload/t_thumb/cocrn3.jpg,https://www.igdb.com/games/honkai-star-rail,1
123395,Arknights,arknights,0,main_game,,2019-05-01 00:00:00,2019,Real Time Strategy (RTS);Role-playing (RPG);Simulator;Strategy;Tactical;Adventure,Android;PC;iOS,Single player,Action;Fantasy;Science fiction;Survival,Studio Montagne,Yostar Games;Hypergryph,,"Take on the role of a key member of Rhodes Island, a pharmaceutical company that fights both a deadly infection and the unrest it leaves in its wake. Together with your leader Amiya, you’ll recruit Operators, train them, then assign them to various operations to protect the innocent and resist those who would thrust the world into turmoil.",https://images.igdb.com/igdb/image/upload/t_thumb/co4uni.jpg,https://www.igdb.com/games/arknights,1
331286,Overwatch 2: Season 15 - Honor & Glory,overwatch-2-season-15-honor-and-glory,7,season,,2025-02-18 00:00:00,2025,Shooter,Series X|S;PS4;PC;PS5;XONE;Switch,Multiplayer;Co-operative,Action;Science fiction,Blizzard Entertainment,Blizzard Entertainment,Overwatch,"Season 15 introduces Perks, Overwatch 2’s groundbreaking new gameplay feature that lets players unlock mid-match hero upgrades, transforming strategy and playstyle. With the launch of the 2025 Competitive Year, fresh rewards like Galactic Weapon Skins and exclusive charms await those who climb the ranks fighting for honor and glory. Plus, weekly challenges in the Perked Up event offer exciting treasures, including Rainy Day Mercy and Legendary Loot Boxes. Don’t miss out on Mythic Pixiu Zenyatta and more as Overwatch 2 takes bold steps into its most exciting season yet!",https://images.igdb.com/igdb/image/upload/t_thumb/co9f5l.jpg,https://www.igdb.com/games/overwatch-2-season-15-honor-and-glory,1
142154,Dungeon & Fighter: Spirit,dungeon-and-fighter-spirit,11,port,5,2017-01-12 00:00:00,2017,Role-playing (RPG);Hack and slash/Beat 'em up,Android;iOS,Single player;Co-operative,Action;Fantasy,Neople,Nexon Korea,Dungeon & Fighter,"A mobile version of Dungeon Fighter Online, using 3D models instead of 2D sprites, released in Korea on mobile devices. Had a closed beta in October 2016 was fully released in January 2017 and shutdown in December 2017.  The game was referred to as Dungeon&Fighter 3D mobile during development.",https://images.igdb.com/igdb/image/upload/t_thumb/co2nk0.jpg,https://www.igdb.com/games/dungeon-and-fighter-spirit,1
139391,Blue Archive,blue-archive,0,main_game,,2021-02-04 00:00:00,2021,Role-playing (RPG);Simulator;Strategy;Adventure;Visual Novel,Android;PC;iOS,Single player;Multiplayer,Fantasy,Nexon Games,Yostar Games;Nexon Korea,,"Blue Archive is a new RPG developed by Nexon Games, a subsidiary of Nexon Korea, and published and operated by Yostar(Japan), Nexon Korea(Global). In the game, players will guide various students to solve the events in the city in the Japanese animation style and create a character collection RPG with next-generation graphics and strategic elements.",https://images.igdb.com/igdb/image/upload/t_thumb/coaat2.jpg,https://www.igdb.com/games/blue-archive,1
117199,Goddess of Victory: Nikke,goddess-of-victory-nikke--1,0,main_game,,2022-11-04 00:00:00,2022,Shooter;Role-playing (RPG),Android;PC;iOS,Single player;Multiplayer;Co-operative,Science fiction;Warfare;Romance,SHIFT UP,Level Infinite,,"Goddess of Victory: Nikke is an immersive sci-fi RPG shooter game, where you recruit and command various maidens to form a beautiful anime girl squad that specializes in wielding guns and other unique sci-fi weapons. Command and collect girls that have unique combat specialties to create your ultimate team! Experience next-level shooting action with simple yet intuitive controls while enjoying dynamic battle effects.",https://images.igdb.com/igdb/image/upload/t_thumb/co4z90.jpg,https://www.igdb.com/games/goddess-of-victory-nikke--1,1
21492,Mabinogi,mabinogi,0,main_game,,2004-06-22 00:00:00,2004,Role-playing (RPG);Simulator;Adventure,PC,Single player;Multiplayer;Co-operative;Massively Multiplayer Online (MMO),Action;Fantasy;Open world;Party,devCAT;Nexon Korea,Nexon America,,"Embark on amazing adventures, build lasting friendships or even find romance in this unique social game, where a welcoming community with thousands of devoted players await! Whoever you are, or whatever your heart’s desire, come express it in Mabinogi and start living your fantasy life!",https://images.igdb.com/igdb/image/upload/t_thumb/cocrdn.jpg,https://www.igdb.com/games/mabinogi,1
242408,Counter-Strike 2,counter-strike-2,0,main_game,,2023-09-27 00:00:00,2023,Shooter;Tactical,Linux;PC,Single player;Multiplayer,Action;Warfare,Valve,Valve,,"Counter-Strike 2 is a free-to-play multiplayer tactical first-person shooter developed and published by Valve. Released in September 2023, it is the fifth main entry in the Counter-Strike series and serves as a direct replacement for Counter-Strike: Global Offensive on Steam. Two teams, Terrorists and Counter-Terrorists, compete in objective-based rounds across modes such as bomb defusal and hostage rescue. Built on the Source 2 engine, the game introduced volumetric smoke physics, revised weapon handling, and a new sub-tick server architecture. It inherited all cosmetic items from its predecessor and features both a map-specific Competitive mode and a numerically ranked Premier mode.",https://images.igdb.com/igdb/image/upload/t_thumb/coaczd.jpg,https://www.igdb.com/games/counter-strike-2,1
621,Call of Duty,call-of-duty,0,main_game,,2003-10-29 00:00:00,2003,Shooter,PC;Mac,Single player;Multiplayer,Action;Historical;Warfare,Infinity Ward,Aspyr Media;Activision,Call of Duty,"Call of Duty is a first-person shooter set during World War II, developed by Infinity Ward using a modified id Tech 3 engine. The single-player campaign spans three separate perspectives, with the player controlling American, British, and Soviet soldiers across the European theater. Gameplay emphasizes squad-based combat with AI-controlled allies who support the player during missions, making use of authentic period firearms, iron sight aiming, and a health point system with medkits.",https://images.igdb.com/igdb/image/upload/t_thumb/co2n19.jpg,https://www.igdb.com/games/call-of-duty,1
114795,Apex Legends,apex-legends,0,main_game,,2019-02-04 00:00:00,2019,Shooter;Tactical,Series X|S;PS4;Switch 2;PC;PS5;XONE;Switch,Multiplayer;Co-operative;Battle Royale,Action;Science fiction,Respawn Entertainment,Electronic Arts,,"Conquer with character in Apex Legends, a free-to-play Hero shooter where legendary characters with powerful abilities team up to battle for fame & fortune on the fringes of the Frontier.  Master an ever-growing roster of diverse Legends, deep tactical squad play and bold new innovations that go beyond the Battle Royale experience—all within a rugged world where anything goes. Welcome to the next evolution of Hero Shooter.",https://images.igdb.com/igdb/image/upload/t_thumb/cocqh2.jpg,https://www.igdb.com/games/apex-legends,1
36926,Monster Hunter: World,monster-hunter-world,0,main_game,,2018-01-26 00:00:00,2018,Role-playing (RPG);Adventure,PS4;PC;XONE,Single player;Multiplayer;Co-operative,Action;Fantasy,Capcom,Capcom,Monster Hunter,"Welcome to a new world! Take on the role of a hunter and slay ferocious monsters in a living, breathing ecosystem where you can use the landscape and its diverse inhabitants to get the upper hand. Hunt alone or in co-op with up to three other players, and use materials collected from fallen foes to craft new gear and take on even bigger, badder beasts!",https://images.igdb.com/igdb/image/upload/t_thumb/co1rst.jpg,https://www.igdb.com/games/monster-hunter-world,1
9804,MapleStory,maplestory,0,main_game,,2003-04-29 00:00:00,2003,Platform;Role-playing (RPG);Adventure,PC;Mac,Single player;Multiplayer;Co-operative;Massively Multiplayer Online (MMO),Action;Fantasy,Wizet;Nexon Korea,Shanda;Nexon Co. Ltd.;AsiaSoft;Gamania;Nexon America,MapleStory,"Welcome to MapleStory, the original side-scrolling MMORPG where epic adventure, action and good friends await you. With hundreds of hours of gameplay, this immersive role-playing experience will allow you to unleash your wild side as you create and train a mighty hero, conquer perilous dungeons, overcome terrifying bosses, socialize with your friends and much more. Your MapleStory begins today!",https://images.igdb.com/igdb/image/upload/t_thumb/coaas1.jpg,https://www.igdb.com/games/maplestory,1
66463,Sudden Attack,sudden-attack,0,main_game,,2004-07-21 00:00:00,2004,Shooter,PC,Multiplayer,Action;Warfare,Nexon Games;GameHi,Nexon;Netmarble Games;REDBANA CORPORATION;AsiaSoft;GAME YAROU;神州奥美;VNG Corporation;Gamania;游戏怪兽;Shanda,,"Sudden Attack is a fast paced game with speed and user battlefield And that seems to provide tension. In addition, the ease of operation and user-friendly Interface that you can enjoy the FPS for Everyone Pursued.",https://images.igdb.com/igdb/image/upload/t_thumb/co2hvp.jpg,https://www.igdb.com/games/sudden-attack,1
93902,EA Sports FC Online,ea-sports-fc-online,0,main_game,,2018-06-14 00:00:00,2018,Simulator;Sport,PC,Single player;Multiplayer,Action,EA Korea;Electronic Arts,Tencent Games;Garena;Nexon,FIFA,"EA Sports FC Online is a free-to-play massively multiplayer online football game. It was released in various Southeast Asian countries, starting with South Korea in 2018. An English version has yet to be released.",https://images.igdb.com/igdb/image/upload/t_thumb/co74g5.jpg,https://www.igdb.com/games/ea-sports-fc-online,1
142182,Dungeon & Fighter Mobile,dungeon-and-fighter-mobile,0,main_game,,2022-03-24 00:00:00,2022,Role-playing (RPG);Hack and slash/Beat 'em up;Arcade,Android;PC;iOS,Single player;Multiplayer;Co-operative,Action;Fantasy,Action Studio,Nexon Korea;Tencent Games,Dungeon & Fighter,"First shown in 2015 by Tencent the game is a port/rebuild of Dungeon Fighter Online for mobile devices being developed by Neople's Action Studio.  It is planned to launch first in China, delayed out of 2020, with a Korean release after. Releases in other regions are not currently planned by Nexon.",https://images.igdb.com/igdb/image/upload/t_thumb/co4kn0.jpg,https://www.igdb.com/games/dungeon-and-fighter-mobile,1
135400,Minecraft,minecraft--1,11,port,,2016-12-19 00:00:00,2016,Simulator;Adventure;Arcade,FireTV;Series X|S;PS4;Linux;Switch 2;Gear VR;Win Phone;Android;PC;iOS;PS5;Mac;XONE;Switch,Single player;Multiplayer;Co-operative;Split screen;Massively Multiplayer Online (MMO),"Action;Fantasy;Survival;Sandbox;Kids;Open world;4X (explore, expand, exploit, and exterminate)",Mojang Studios,Mojang Studios,Minecraft,"Minecraft focuses on allowing the player to explore, interact with, and modify a dynamically-generated map made of one-cubic-meter-sized blocks. In addition to blocks, the environment features plants, mobs, and items. Some activities in the game include mining for ore, fighting hostile mobs, and crafting new blocks and tools by gathering various resources found in the game. The game's open-ended model allows players to create structures, creations, and artwork on various multiplayer servers or their single-player maps. Other features include redstone circuits for logic computations and remote actions, minecarts and tracks, and a mysterious underworld called the Nether. A designated but completely optional goal of the game is to travel to a dimension called the End, and defeat the ender dragon.",https://images.igdb.com/igdb/image/upload/t_thumb/co8fu7.jpg,https://www.igdb.com/games/minecraft--1,1
17269,Roblox,roblox,0,main_game,,2006-09-01 00:00:00,2006,Platform;Simulator;Adventure,Meta Quest 2;PS4;Android;PC;iOS;Meta Quest 3;PS5;Mac;XONE,Single player;Multiplayer;Co-operative,Action;Sandbox;Kids;Open world,Roblox Corporation,Roblox Corporation,,"Roblox is a massively multiplayer online platform marketed toward creators and players of all ages. It allows users to create their own virtual games using a variety of objects, which they and others can enter and socialize in. Games created on Roblox can be scripted using a sandboxed scripting language based on Lua 5.1 to affect events that occur in-game and create different scenarios.",https://images.igdb.com/igdb/image/upload/t_thumb/cociyw.jpg,https://www.igdb.com/games/roblox,1
1905,Fortnite,fortnite,0,main_game,,2020-06-29 00:00:00,2020,Shooter;Simulator,Series X|S;PS4;Switch 2;Android;PC;iOS;PS5;Mac;XONE;Switch,Single player;Multiplayer;Co-operative;Split screen;Battle Royale,Action;Survival;Sandbox;Open world,Epic Games,Epic Games,Fortnite,"Fortnite is a free-to-play online game where you and your friends can create, play and battle. Be the last player standing in Battle Royale and Zero Build, experience a concert or live event, or discover over a million creator-made games, including racing, parkour, zombie survival and more.",https://images.igdb.com/igdb/image/upload/t_thumb/cocxbi.jpg,https://www.igdb.com/games/fortnite,1
119388,The Legend of Zelda: Tears of the Kingdom,the-legend-of-zelda-tears-of-the-kingdom,0,main_game,,2023-05-12 00:00:00,2023,Puzzle;Adventure,Switch,Single player,Action;Fantasy;Science fiction;Sandbox;Open world,Nintendo EPD Production Group No. 3,Nintendo,The Legend of Zelda,"An epic adventure across the land and skies of Hyrule awaits in The Legend of Zelda: Tears of the Kingdom for Nintendo Switch. The adventure is yours to create in a world fueled by your imagination.  In this sequel to The Legend of Zelda: Breath of the Wild, you'll decide your own path through the sprawling landscapes of Hyrule and the mysterious islands floating in the vast skies above. Can you harness the power of Link's new abilities to fight back against the malevolent forces that threaten the kingdom?",https://images.igdb.com/igdb/image/upload/t_thumb/co5vmg.jpg,https://www.igdb.com/games/the-legend-of-zelda-tears-of-the-kingdom,1
7346,The Legend of Zelda: Breath of the Wild,the-legend-of-zelda-breath-of-the-wild,0,main_game,,2017-03-03 00:00:00,2017,Puzzle;Adventure,WiiU;Switch,Single player,Action;Fantasy;Science fiction;Sandbox;Open world,Nintendo EPD Production Group No. 3,Nintendo,The Legend of Zelda,"The Legend of Zelda: Breath of the Wild is the first 3D open-world game in the Zelda series. Link can travel anywhere and be equipped with weapons and armor found throughout the world to grant him various bonuses. Unlike many games in the series, Breath of the Wild does not impose a specific order in which quests or dungeons must be completed. While the game still has environmental obstacles such as weather effects, inhospitable lands, or powerful enemies, many of them can be overcome using the right method. A lot of critics ranked Breath of the Wild as one of the best video games of all time.",https://images.igdb.com/igdb/image/upload/t_thumb/co3p2d.jpg,https://www.igdb.com/games/the-legend-of-zelda-breath-of-the-wild,1
119171,Baldur's Gate III,baldurs-gate-iii,0,main_game,,2023-08-03 00:00:00,2023,Role-playing (RPG);Strategy;Turn-based strategy (TBS),Stadia;Series X|S;Linux;PC;PS5;Mac,Single player;Multiplayer;Co-operative;Split screen,Action;Fantasy,Larian Studios,Larian Studios,Dungeons & Dragons;Forgotten Realms,"An ancient evil has returned to Baldur's Gate, intent on devouring it from the inside out. The fate of Faerun lies in your hands. Alone, you may resist. But together, you can overcome.",https://images.igdb.com/igdb/image/upload/t_thumb/co670h.jpg,https://www.igdb.com/games/baldurs-gate-iii,1
8173,Overwatch,overwatch,0,main_game,5,2016-05-24 00:00:00,2016,Shooter;Strategy,PS4;PC;XONE;Switch,Multiplayer,Action;Science fiction;Comedy,Blizzard Entertainment,Blizzard Entertainment;Square Enix,Overwatch,"Join the fight for the future in the world of Overwatch and choose your hero from a diverse cast of soldiers, scientists, adventurers, and oddities. Bend time, defy physics, and unleash a dizzying array of extraordinary powers and weapons. Engage your enemies in iconic locations from around the globe in the ultimate team-based shooter.",https://images.igdb.com/igdb/image/upload/t_thumb/co1rcb.jpg,https://www.igdb.com/games/overwatch,1
