row_id,target
UCl-VnCUwSxDr5zPu-YlDUYw_2026-08-11,0
UCnkytUgy0CtWd06up9CjNxg_2026-08-11,0
UCpI-AhCT02iQRGLC2ZcY0Jw_2026-08-11,0
UC9otskL_kd-0CDib_5Lj-mQ_2026-08-11,0
UCSzHok6X5qXEO7cjvVnE62g_2026-08-11,0
UCWU2V62eLE3oQ7AjIGS2STQ_2026-08-11,0
UCnhGcri8x6xhehanhAe9ipw_2026-08-11,1
UCoH2pCzAr6zWDG-LtUiLWRw_2026-08-11,0
UCUt2AEhC-OOC2EPCzj4DkCw_2026-08-11,0
UCrfB1-zWijAYkgfZW7Ehc8Q_2026-08-11,0
UCBTsPtRCh6ln3IRQFjhjh1A_2026-08-11,0
UCUbOogiD-4PKDqaJfSOTC0g_2026-08-11,0
UCnCH3Uhv_ynhTNKEH6ekRtg_2026-08-11,0
UCqIwPYLfMd3EoWYwvyTjPnA_2026-08-11,0
UCY_vDlvG-BTDRIOk_I9QQ6g_2026-08-11,0
UCZ-UuK86Bk5sGzQQ2cEglJQ_2026-08-11,0
UCv1tOT645xHOJrwdGlzjMaA_2026-08-11,0
UCuWDza8A_ntbjwBZgW0ZSNw_2026-08-11,0
UCrXfM4HsibSucC_NlIY7v0Q_2026-08-11,0
UCYGF_xk5RDpltyZDSx040uw_2026-08-11,0
UCZudBEEhIf6i8XIZZn3QDvA_2026-08-11,0
UCbFzvzDu17eDZ3RIeaLRswQ_2026-08-11,0
UCrY2B2XX41ReYh9DIWrFfCg_2026-08-11,0
UCyiKngyUPUb1bka4yFrn65g_2026-08-11,0
UCybfHuHkJRzGDymek2Dsqvw_2026-08-11,0
UCEuP8zMn3ln3ZqJa85dp9JQ_2026-08-11,0
UCvPDPTxTLitVEyGu4Xt6m8g_2026-08-11,0
UCDHGqgpiHQAsE0UiltRqhfQ_2026-08-11,0
UCJoWNCiFuiN4eZnB80WUf4Q_2026-08-11,0
UCLHwMFguUxHVSk91vzicEJw_2026-08-11,0
UCRpdlPk671uOMiBtf5HtB3Q_2026-08-11,0
UC5grrciAyUF4xjd42XhV-1Q_2026-08-11,0
UC783XWULPW-nDGv_0EYlB6Q_2026-08-11,0
UCJpAwvQaZyCI5spAz7tipGA_2026-08-11,0
UCNmN3W2H0r5_hV2drzbEn7Q_2026-08-11,1
UCi5yzN6jpdz2akGTm-mJSKQ_2026-08-11,0
UCjyXK9pWHwWR_-bRibFaWDg_2026-08-11,0
UCZPfs7xIjGmOGs9kvgGhUKQ_2026-08-11,0
UCepHesz_5Lwr7qRaqjB-p1A_2026-08-11,0
UCfIUuMA7U_jImP7oWfTe4Pw_2026-08-11,1
UCby0vMKcLR05ZdS90aZd5og_2026-08-11,0
UCQJuZxeDv2P05YHcC-tIEVQ_2026-08-11,0
UCp_jHNjcoiXC7SlElrBmzBA_2026-08-11,0
UC-2wa6jvprl7hfCpvw0ULzg_2026-08-11,0
UCvPGGL-OTEAQlwAUxbcJO8g_2026-08-11,0
UCEg24oF81p-THPtp3otdmTA_2026-08-11,0
UC-yb5eNBQyXBE9nZnht9u-g_2026-08-11,0
UCCMQyaKDjQJY79VimTdaYYQ_2026-08-11,0
UCO94iFhOhtdGb4Ze5DUAtbw_2026-08-11,0
UCQfd-b9GRBrUP0-wCqabLTA_2026-08-11,1
UCWH9vqm4yM9MHiSUPTfdJYg_2026-08-11,0
UCDBAVzfX3yZ1hah0FHnOoaA_2026-08-11,0
UCD2YO_A_PVMgMDN9jpRrpVA_2026-08-11,0
UCDYAog4sNhwQ5pXtAZiT0Og_2026-08-11,1
UCXS55IczImEf64aU16NzKlg_2026-08-11,0
UCab17MxxnFtAhGsJVTkSkCg_2026-08-11,1
UCQuY08EEKLFOp0D37Sfpd0A_2026-08-11,1
UCeiDuGZqWT4iiIXRTfhM3qQ_2026-08-11,0
UCdcjduaR6hyGHVNmpbJzSsw_2026-08-11,1
UCBvKuSAkXERBnGSQOH0Sarw_2026-08-11,0
UCdb5lyq0tWbY3jqH35SufmA_2026-08-11,0
UCaHIZAKows704_gk6bjdAog_2026-08-11,0
UC5RxNUZ9_c94ZEfJGnJZmTw_2026-08-11,0
UCb5NLtXAsTBrmaZVhyFa-Wg_2026-08-11,0
UC7nIK3KpkhbGee5K_sVBscQ_2026-08-11,1
UC7bcRlidTERRb_MKRHPVSnw_2026-08-11,0
UC4ncZM9bnBknxPkJbq4miHQ_2026-08-11,0
UC3Oe-jfrIqEGygxYBYyN6jQ_2026-08-11,0
UCBtJuwDt6LlXp2YASC-ZMdA_2026-08-11,1
UC3hCAmwyYNgRuOOSFV7evVA_2026-08-11,0
UC3pTpoDKt17IrCDH60kSNPA_2026-08-11,1
UCkd3KAYGnTNPJZZrPOFeWhA_2026-08-11,0
UCtLWxhEMKOio-GzdVJ1CVhg_2026-08-11,0
UCkrNv6xF8j7QZmWb3UeAH8A_2026-08-11,0
UCraf4ugZTyvFY6AJ0VjIxFA_2026-08-11,0
UCsuanL5kXO29Uzz3MWlBsMQ_2026-08-11,0
UCtGMgPWJNU2Aj-SNK0zg0Sg_2026-08-11,0
UCrExV5uWnC3-WUnUN2Ck8HA_2026-08-11,1
UCqyzJW0VRYRP_sFELZYdxGg_2026-08-11,0
UCQSEAbOs6vsJfy7WN7iYaGQ_2026-08-11,1
UCQzgMwT5Q6x-Mtq65HRS_0Q_2026-08-11,1
UCZ6mNZTiTUrUSbSYPlclI4A_2026-08-11,1
UCfjMjhfjRRy8B0mfqbO_43w_2026-08-11,0
UCfq-5-0b5Lzj7cKCrp6-flA_2026-08-11,1
UCgLFbrC7-g0ihBKB0obVPTg_2026-08-11,0
UC9vz3TBChrJmYbzUo-rqfSg_2026-08-11,0
UCSh__r5HS4Y1xBkccWnV0TA_2026-08-11,0
UCS-X1uBDTNwAYyydiXjcX9A_2026-08-11,1
UCSl8TBqqflby-ymdEQVfRNQ_2026-08-11,0
UCOgXOOKbZRtfQvlggBpN6zw_2026-08-11,0
UCPuD5ZRQWa_JCaY5NokNhtg_2026-08-11,0
UCcum1rCJ5GJeQ_xv0xrohqg_2026-08-11,1
UCZNTsLA6t6bRoj-5QRmqt_w_2026-08-11,0
UC_RRZdJk55ShXE-9d3deRUA_2026-08-11,0
UCPN9TrChCye1s97iEUOsIeA_2026-08-11,0
UCcstDLbuhxEbFKkPZ6wST2A_2026-08-11,0
UCBo7GIv99qTzHaa6ip09YLA_2026-08-11,1
UCTmniSiCVyG_UKVCEa9PNKA_2026-08-11,1
UCdQHEqTxcFzjFCrq0o4V7dg_2026-08-11,0
UCamHctB9_ZaFO9vZElnl_Yw_2026-08-11,1
UCa4clnMsHg6uJPpxKbxCEmA_2026-08-11,0
UCarBV0zWlC2k-HteyeKqfag_2026-08-11,1
UC3RzmV2LX3AmWhZVx0A7u0A_2026-08-11,0
UCeBa5aBvHvly34S0Uk9Wqig_2026-08-11,0
UCaY7wcqhFb_c2eQ1eRB8rOQ_2026-08-11,0
UCaj7p2XHGqfBYb2OI-7Q2DA_2026-08-11,0
UCuFguUhr9Wr0tFY85nDGk9w_2026-08-11,0
UCDLDbittWhk2KXvaCT0YpZQ_2026-08-11,0
UCD8r5Jgns2V64-NcUmXclpg_2026-08-11,0
UCtUHgx7SA_eZFssVODDh82A_2026-08-11,0
UCmcBe97VA2LqVEQUeeZl6Ew_2026-08-11,0
UCEcRvF_6IRSux8FO-ogFZug_2026-08-11,0
UCGW76VChAJKee9kYzvyoycQ_2026-08-11,1
UC5WN-znPsJK0BbA8aHxZHWQ_2026-08-11,0
UCaova9Q4UZLPqFnSvq8VxzA_2026-08-11,0
UCaN3tSrrzIrXSDonEe7LK9A_2026-08-11,0
UCHCeN9BUgogMGrHBC6zKYvA_2026-08-11,0
UC6JTm9ObvQFuTEOxOsbmYwA_2026-08-11,1
UC7hwQp3F6P_OwyRM14p88iQ_2026-08-11,0
UC7wtTnMorJi_d93lb_P2Xow_2026-08-11,1
UCqPN9LAkx20aBWOafwvQB-Q_2026-08-11,0
UCnMshUhBxDsKFPnxBGmGEpg_2026-08-11,1
UCnju7ULBic4VgkCfDvVXCnA_2026-08-11,0
UCIsrVj53L57rcLAPOre4Xhg_2026-08-11,0
UCHbz27HAkCIQNw_G2Pa7XVg_2026-08-11,0
UC86GXx7Ap-Cahlb0r0xT-ZQ_2026-08-11,0
UCqVkQsNin4MdGFrWvzFVOKw_2026-08-11,0
UCp6n8d8Y8r3MwKNw_MMaouQ_2026-08-11,0
UCta3D5-EYqO-pduQLxQ8mNQ_2026-08-11,0
UCqjUPx-UAFHVvthd71bY7_g_2026-08-11,0
UCAenntxQB3F7AH637vySglg_2026-08-11,0
UCATlfGN7EDjXS_2ofklb3bw_2026-08-11,0
UCvagJYsZ_uvB3jJoNwuimZQ_2026-08-11,0
UCuZ862fZel1gq9RAf_OkvqA_2026-08-11,0
UCrxzkAOXEbflxcTbRYnCoTw_2026-08-11,0
UCk3w4CQ_SlLH4V0-V6WjFZg_2026-08-11,0
UClHTjLVog7CkRF8tYJuNXXQ_2026-08-11,0
UC_O4_e0nbsMoU1rg7JU_nwQ_2026-08-11,0
UCeB_ZeSo0xDL62wWlkTEtjA_2026-08-11,0
UCeRn_02zEifLqXxZkTpiXzA_2026-08-11,0
UCgO8sNnksVuKcuTVTQKSK3A_2026-08-11,0
UCOaUTqrtz1yBBiwziVJEAmQ_2026-08-11,0
UCfcfymsN3OMo2cfmbpGTanw_2026-08-11,0
UCZPBWThSlgWT0DVaxxUEX4A_2026-08-11,0
UCTVkjiEiaiSbEq0Qwd5XTPA_2026-08-11,0
UCAEQiQ4Mg6fFkPshBMhPaxw_2026-08-11,0
UCcJliZnsRbNw4I4uWSGq_wA_2026-08-11,1
UCd6CX2LiQE2dEAPXwk2N0jg_2026-08-11,0
UCAaLhok91QDrweyuDRsmjqQ_2026-08-11,0
UCg80LjrsnWo0T3T3uYCPhrQ_2026-08-11,0
UCGi94VU356EAvQLgODywyrA_2026-08-11,0
UCHK-FRuAjk8g798dD7L7xqA_2026-08-11,0
UCH29Gz8a6veRLqUxzjBXHrQ_2026-08-11,0
UC9zmo9x1o7xAfgM1Fw3Dg4g_2026-08-11,0
UCA9f2-9fUklMMOaz8vKW7Jw_2026-08-11,1
UCcJ_oPUSkS_h96_PuizxMGA_2026-08-11,0
UCcHVk5SFxfYhCbbX8pWWuVg_2026-08-11,0
UCc1VJX_5Z2RdGi58XU4IfbA_2026-08-11,0
UCifCesg-EUkjKyQedaB3hRg_2026-08-11,0
UCJDXc9JWCZo-nLNKr_-L2Ng_2026-08-11,0
UCXCa03lRK6tlntZoJ7TUWRw_2026-08-11,0
UCYJ0Ucu9jPX5kn6SeDcNaIQ_2026-08-11,0
UCS7gEaMmBPAaI8dHNnrSofg_2026-08-11,0
UCYTQCmuFcacJJ_Tad20qqEw_2026-08-11,0
UChHxLcNi7e0zu-e33HM6v6A_2026-08-11,0
UCjSNmS8qcD1jEdQhU5h-zKQ_2026-08-11,1
UCwBkHOTyu57NQi0syf5MLig_2026-08-11,1
UC24GgPBq5W3v34z0p0uk1Ow_2026-08-11,1
UCikKJvpU0Ylua4hRW6faQRg_2026-08-11,0
UCwfbSsZ7_sccxcibe60mWlQ_2026-08-11,0
UCXQoI3upwKr47JAiVaYkvIw_2026-08-11,0
UC0aKwoKNeqBaUwiEXmkQaGQ_2026-08-11,0
UCXqP0RsJo6-y-MrKz6k8H-g_2026-08-11,1
UCJmnOEp1-OITEU0mk4icM5A_2026-08-11,1
UCL2ZLyAV0H9Pvi46W7TGdHQ_2026-08-11,0
UCNNR1-x2NhZARsNGnQlh2sQ_2026-08-11,0
UCKrprPfevcAZpPuRnCO6xOA_2026-08-11,0
UCxpXguPL_B5pz7Gq8ozfwlA_2026-08-11,0
UCL3ooD3l7KEqb85EBZSEkZQ_2026-08-11,0
UCJzfS-WmieHog0H2OQoXkeQ_2026-08-11,0
UCMAfHuocszM6UTORPwUmeNw_2026-08-11,0
UCz5UFGucIyJGH0nf_8d0ghA_2026-08-11,0
UCtjBNJ4UbuWGLe-415urMOw_2026-08-11,0
UCy8OX8RrstkjRrnM5hND_ug_2026-08-11,0
UCzT9VqGDsCxleSmXzJ80hBQ_2026-08-11,0
UCuWcjpKbIDAbZfHoru1toFg_2026-08-11,0
UCn3lLusvOTVdtxZi0EHlSTw_2026-08-11,0
UCoovEJW0dyTWwHiblWDWvyQ_2026-08-11,0
UCcgkgKhXT6QwdGj9Nr8PBcg_2026-08-11,1
UCIzbqIyEUxtFLYh_sCDoXpw_2026-08-11,1
UCJENagCOfjMxdQUDxO4kq2Q_2026-08-11,0
UC2f8VfmEF2_0-rFN4RNHaNg_2026-08-11,0
UCKUUL3fMVvYVZdGkKhhjP0A_2026-08-11,0
UChKYbZ9fSz8DMM6wU-t1lMQ_2026-08-11,0
UC0PMQXAwF6O6aeTpv962miA_2026-08-11,1
UCiVO_mThS9B3tNc_kzpn-3g_2026-08-11,0
UC-S8JFhLkQ5enhB70c2CYIw_2026-08-11,0
UCjBPx2oip2bKnnfqKyas0ew_2026-08-11,0
UCzSODDx0zQF3nxXOZISCm_w_2026-08-11,1
UC0tmAwhgk_1ATJtFyVHrFxg_2026-08-11,0
UC1Il94cQwl93Zun8ax1Qjlw_2026-08-11,1
UCjUnlBpn0Z1L450g79fniRg_2026-08-11,0
UCJJZkVUNIxq8XNDzHiAD-eQ_2026-08-11,0
UCzDyC6JMEXEufozffWzI9Mg_2026-08-11,0
UCT807kAu6fmwES8B5698e2w_2026-08-11,0
UCNymqCXr3sxL8dnmO_jScuA_2026-08-11,0
UCKHx_yf3dI2ajWAjXRJ_9Rw_2026-08-11,0
UCKiCT33Gmj3mlJ5xh-9ZUqw_2026-08-11,0
UCz4b1O9sT73P8DWwx6OvQwg_2026-08-11,1
UCzps05UZ7XpX3SFoFyYIDow_2026-08-11,0
UC-aXNBQ6nwMNeW2V8XB7sBg_2026-08-11,0
UCULRVjf5z_WoR106msn8HoA_2026-08-11,1
UC2t5bjwHdUX4vM2g8TRDq5g_2026-08-11,1
UCjsqgRBvkn8XadWraSQxTKQ_2026-08-11,1
UCYJDUekoQz0-bo8al1diLWQ_2026-08-11,0
UCWjfI3wnNOgQCTu2SijfgMg_2026-08-11,0
UCK1aVlIbEBrdhv-gbSgGIkQ_2026-08-11,1
UCVey3Q_CodrHAWBonTGbHFg_2026-08-11,0
UCYG8tuvbQzWsDeoADyJFU8Q_2026-08-11,0
UCPPuXI31ybWYB560T2uAeMg_2026-08-11,0
UCMgTCM5mGx3y4Hg0aMOXrbw_2026-08-11,0
UCM81CAJ2_Y42-bvK1OQnAAA_2026-08-11,0
UC7wosSPUA3os3b3-RMZZe6g_2026-08-11,1
UCC1veMJY2wElX0lpYOoNB1Q_2026-08-11,0
UC46X_E7jxvJ1O_3gnaeCxeg_2026-08-11,0
UCktXAh1Sd7wf8eQHc029-8g_2026-08-11,1
UCkmUJzaZfP7Wsb5-89pAK4Q_2026-08-11,0
UCkpKYfb8wM67QnKxBj9bZXA_2026-08-11,0
UCklDsqQMGPYIMpIhQ5Jz6jA_2026-08-11,0
UCIQEX0V3QxP-tY_jpRT-waQ_2026-08-11,0
UCFvdXoI9LTADYG07s4pMnhg_2026-08-11,0
UCI4wEWWBEElIbp9jHcFllTw_2026-08-11,1
UCIXQkaLrM7_t87SEM_pmHpA_2026-08-11,0
UCgeazIBHz3JS7ft7_nyj-0A_2026-08-11,0
UCw55Gv3z7xgtG34fOP1-Aiw_2026-08-11,1
UCHoo90P0hvh2rrbGvX53G0A_2026-08-11,0
UC00raQBBBGagQthJ01ZYIIQ_2026-08-11,0
UCyZXLzORHoh9QMwA7IwS0pA_2026-08-11,0
UCnDcpS7XLQ9KFPqULb9TH8g_2026-08-11,0
UCBkvEgeJ3_UMwbW7VCxzs8g_2026-08-11,0
UCwlUB3goOsh4tpqZKIzUAbA_2026-08-11,0
UCms8Ge7H1ZGgw6nV94fUhUQ_2026-08-11,1
UC0wo7SwsC5dE0nSgBs2M-3A_2026-08-11,1
UCJj2vuQIpFnk5pbTAtCi3yw_2026-08-11,0
UCzHnjIeMxo1gViogzN9xMLw_2026-08-11,0
UCvrxJgD0T_TFvgsO2nA-fDQ_2026-08-11,0
UCzVXdulvpgEoI8yuFMmhxJw_2026-08-11,1
UC1p5kp09LAS3kpQB3O8YQJw_2026-08-11,0
UCW1FuNP_2X03y7H0HIujOTA_2026-08-11,0
UCA2ztZuXhSktpdxb419WvCQ_2026-08-11,0
UCvsw3aXHnikw3MVGSwOICxA_2026-08-11,1
UCnCeDIkExSpULGqmpj5oafg_2026-08-11,1
UCe-7GwWL1XNlCJyfqBhgrHA_2026-08-11,0
UCMZFHqDjg1IE5kzm9fZBOFw_2026-08-11,0
UCDmmbxGg8g-EBkC_ku6vybg_2026-08-11,0
UCmvMUe1GqpZFkj1e-V532LA_2026-08-11,1
UCaZv-jDn5Mq5KJ1buXDRd4w_2026-08-11,0
UCR0aLp4aIvxS07g6rGWZr_g_2026-08-11,0
UC-StHq1pWM-t4XS9ycZpn9w_2026-08-11,0
UCHXhFmex5EkUy-fP2IMQ_Ug_2026-08-11,1
UCFiHjGyrJux8Rt4e6mUPU-w_2026-08-11,0
UCh7XUfZEEV3pct5zDjx6OZA_2026-08-11,1
UC9M8GGVwPqc9ubNruArCNPg_2026-08-11,1
UC2IYsRiATGe71sLIOlSXGuw_2026-08-11,1
UC2WBkFH1nHcO6aFLWo6sZQg_2026-08-11,0
UCSTIgFSMRyUgrobBoCVAGmw_2026-08-11,0
UCww3MeqGQnIatVvEr3pSjhA_2026-08-11,0
UCZuT6NXrfZzYbqCG_RWgSgA_2026-08-11,0
UCdZrsVZ3QolU1TWFaDgN2ww_2026-08-11,1
UC2YA1b6qKO2YteKYFuMiYPg_2026-08-11,0
UC0E_zsPAziGgkxaAtwvmFAA_2026-08-11,0
UCEjXNNB9IKEa4HfLQVt8VEg_2026-08-11,0
UC4VWaR3R17Ruc7j1Cy1-PKQ_2026-08-11,0
UC3ozN5tHi449NhCDE6Xtmwg_2026-08-11,1
UC3gl4CHfNtAqNjju1goB0_w_2026-08-11,0
UC3_QWAvQRhPW4CDoQU8acKw_2026-08-11,0
UCAJ-meoCh1TrPZ7La3UpPrw_2026-08-11,0
UCpcTrCXblq78GZrTUTLWeBw_2026-08-11,0
UCqI5lyTpC79pOy2D-VXAMdA_2026-08-11,0
UCPI40-XQA9-GBGj2k8PPqfg_2026-08-11,0
UC8FErYSi74YwGUAoTpjvgzQ_2026-08-11,0
UCpX86JOUhnrzG7MK8e8Gjbw_2026-08-11,0
UCAtGPbK4AWmeoaREsNLLZhg_2026-08-11,0
UC8rbhIem-3aAsNXhTDI-nSA_2026-08-11,0
UCBY9rOZPo0fLE45mOV0s0cw_2026-08-11,0
UCS3_H_feQRm4QbXipKTvSrw_2026-08-11,0
UCVZI7eLie2UlZph6aiBRNrw_2026-08-11,1
UCnV5tUnOVGyT-Ncj0s0tPTw_2026-08-11,1
UC8CIM3d3zDYMk-3T5aAz0yw_2026-08-11,0
UC8CZL4cvFiKwKKDNCuM2lTA_2026-08-11,1
UCo33r3SAf5z9MS-lrXV2aOQ_2026-08-11,0
UCoSniqkitCpxlHrQd5L8A1w_2026-08-11,0
UC9jOsXFn3RwXEW3qUyySjAQ_2026-08-11,0
UCBA9XaL5wCdHnC5EmEzwrqw_2026-08-11,0
UCpCBP5cVIBvezPI1LKFMYjA_2026-08-11,1
UCt8CJiye87FMbEwt0npPMuQ_2026-08-11,1
UCAl4HWznMn7KhKBRFO5eiFA_2026-08-11,0
UCYooECrv-fIXlPaDwEIaveA_2026-08-11,0
UCvAetSOU_4lyjM5hVMNzN0Q_2026-08-11,0
UCtt0Hg9MhraTkzWwNQpplHg_2026-08-11,0
UCrR_fhiJjoW8OJFzUcmlMMA_2026-08-11,0
UCuwnt_REmD4YsCtFJRoqjFw_2026-08-11,0
UCrKSaegnzewdj9-YLsUhoZw_2026-08-11,0
UCabScupufwcOzAdcVXZrmlg_2026-08-11,0
UCYsRymb9vAsOOLBy-Wo1kRg_2026-08-11,0
UCZRH94I89Ps7giJYeK6DlWA_2026-08-11,0
UC3DYSay178fMMPaf3zHwECA_2026-08-11,0
UCDbOXmGL7EkmOcnUb5Kki4A_2026-08-11,1
UC08-hQbwh7eyr8PlaYG2-sQ_2026-08-11,0
UC-8S20Ll1gzPiu_YY8BgyaQ_2026-08-11,0
UC1dG3vI9FfHnH3YgyeKUz_A_2026-08-11,0
UC2NFRq9s2neD_Ml0tPhNC2Q_2026-08-11,0
UCI6Ro_MOr36re4Bhb7nCY7g_2026-08-11,0
UC6JB_a6rD1lZ_aZgQvORfrQ_2026-08-11,0
UCKVt3arMXfa6XZezR1UnjqQ_2026-08-11,0
UCTK7GGeH0c9INAEnV2EfD0Q_2026-08-11,0
UC3hqiw3lZAXaMwhQvMGZkdw_2026-08-11,0
UCvUKUkIM67eWFbQemjj2-eA_2026-08-11,0
UCzRPPKLkNxjD2of-0Xxfnjw_2026-08-11,0
UCw-JzmPsjRcbzJLncr4pIIA_2026-08-11,0
UCXAXCxTCCYYKsLJNzEvjqfw_2026-08-11,1
UC699Y51pMl0wWLPA4atcZjQ_2026-08-11,0
UCyAA-Vj4ORjXl5Ui2m6_Llw_2026-08-11,0
UCzDmGDR5RdahQkLCBoWlTEg_2026-08-11,0
UCJYdIDfGkqXTsQq5aW4md0Q_2026-08-11,0
UCNu00qhYj4nPeMNdxuwV6sg_2026-08-11,0
UCPJGXrPIVKBR8PJY7w33WZw_2026-08-11,0
UCmiTZyj9GwMjyznZxrgCH4Q_2026-08-11,0
UCaMV-CjrWYh2Aefg_8iLwJQ_2026-08-11,0
UCYjNEoVziojh1ZCum1q0PNQ_2026-08-11,0
UCXVVG5ZM3SJJCh94xatR8Dg_2026-08-11,0
UCd-Ziz8pAMZBWl7juEghsag_2026-08-11,0
UCN9VGDvz2M3vdR0czEUp6lQ_2026-08-11,0
UCN8L7Z-dyzu9FzT39RM0fvw_2026-08-11,0
UC_yxsHiFh1_j174x4AxICSg_2026-08-11,1
UCg7rkxrTnIhiHEpXY1ec9NA_2026-08-11,0
UCgWwo8FJL3MCxfd66ip7nFg_2026-08-11,0
UCyoSQyaCrZHro6F_nBiXIYg_2026-08-11,0
UCvjzWMh2bihwlIN-WRtddkg_2026-08-11,0
UCeG0ONJtjwE20ThR5iSYdsA_2026-08-11,0
UCd9oeoY-jLSkhd-J5y_1aYg_2026-08-11,0
UCePy6AqRuTfKDC4aTrqcAqQ_2026-08-11,0
UCbeQg95cAxVRsxxh6FyilxA_2026-08-11,0
UCO8ToDSM2Gvt3EZdOdosxTw_2026-08-11,0
UCMswODzU1ZjjrLyUk7NfwPA_2026-08-11,0
UCMpvRMwoq_WmradKdysk6Cg_2026-08-11,0
UCXYNuWjnQRSAXCGl9gv8Ncw_2026-08-11,0
UCSgvQDek_7CQj08fu7kp1Iw_2026-08-11,0
UC7loyhgCm1NRTtyF36hO-jA_2026-08-11,0
UC8x8GQmlxAIhHxzU61z0uLQ_2026-08-11,0
UCBW_PhuXoHk40xF6nO0Q64w_2026-08-11,1
UC9JlObZnbOirT4_iyPGrdcw_2026-08-11,0
UCB4YEVYp6LynBpz7bXyZsTg_2026-08-11,0
UCF-rFAdN7dzd-SI2T3rkCaQ_2026-08-11,0
UC027x98NgUBw9K4aPT8k0mg_2026-08-11,0
UCuCmLrNT5MbpqfrSSKHqTug_2026-08-11,0
UCCd3jyJmOFzkJEMj5Bp89rw_2026-08-11,0
UCGa52d8Qlv3THghuCAt_nXA_2026-08-11,0
UC-FiQR2gg8oiNw98ZdsSX6Q_2026-08-11,0
UCooLkG0FfrkPBQsSuC95L6w_2026-08-11,0
UCpn9dP1b5BhBsU9SduEz1hA_2026-08-11,1
UCCvEN8bTeF8Z2jcN513T1Gg_2026-08-11,1
UCBvkOBLsSj9kusGYlroQkBg_2026-08-11,0
UCQfISxq5legTqOt1h1us6lg_2026-08-11,1
UCdm06VHBWF5Mg5kYxffzikw_2026-08-11,0
UCQhIdo5nRQY9DB3uo7vawtw_2026-08-11,0
UCawK5EIfr66Z7fjAlZgfB2g_2026-08-11,0
UC4P7F8qenDo1O_5NvgBb_cg_2026-08-11,0
UC5H8Wt-1q_tnn-m4tDTqbUw_2026-08-11,0
UCQDGJQe8X9tbk_i8Na3VVXg_2026-08-11,1
UC8Xz3BKjDvQk7lKhH7Hi9nA_2026-08-11,0
UCF5RrlbsxJjAVLWgOCoNHMg_2026-08-11,0
UCC1LvVTX2ySKYjeIXkAtvsQ_2026-08-11,0
UCCW6uYIUP4YKKe50k-ktVAw_2026-08-11,0
UC5T_FfQwgy56XP0aEVHYULQ_2026-08-11,0
UC60HSePkZwGFzRj6VSDa6Ew_2026-08-11,0
UC72PuhDwKtZ5MikpGNhPAtA_2026-08-11,0
UC5bjQxLK_3XVzIOTQ04sYeg_2026-08-11,0
UC6oq8RPEH1BmtyldQgXVbJw_2026-08-11,0
UC5ScPjbt-a97AJO7SBj6nAg_2026-08-11,0
UC43hOVGChFuQRV47vxc_c-g_2026-08-11,0
UC5Yx9RlmznXDUEIrfoSqheA_2026-08-11,0
UC6YqXiwCBfPvPTs3wXgWElQ_2026-08-11,0
UC543-TDm6IvHHZXwdSFioMw_2026-08-11,0
UCk5mlvpbj8CZxD229CpiouA_2026-08-11,0
UCk5C4AR3uvmKwZYkIlSobbg_2026-08-11,0
UCkcaRxpTcisadUeCbHOYTFw_2026-08-11,1
UCs0LzOveQMLImmmTrMmP2sg_2026-08-11,0
UCkavlo6q2XfO_MA9Q24wRvw_2026-08-11,0
UCl402YYy7RcH7PBI3npmGPQ_2026-08-11,0
UCt15X5eHLwyP8PpNtQTkuDQ_2026-08-11,0
UCsRiYH-VrZ2mYsohk7GhLdQ_2026-08-11,0
UCt6Eo4xMTHhlOWg4_PAz_MA_2026-08-11,0
UCtRiSpvkhtRXaSjVjEB9LKg_2026-08-11,0
UCrD6viwK0DHbQuZSOZBbofg_2026-08-11,0
UCksGX0hODm1Ev6mysrToMqg_2026-08-11,1
UCQ5KMP03ifjJ8mDeyjWeZ7g_2026-08-11,0
UCRCK5FCJtomQT3b88jXI_DA_2026-08-11,0
UCRE-9quk3OT2OKgZFAgdN_g_2026-08-11,0
UCZ49HaU_D0Tlf1aDA2jU_Vg_2026-08-11,0
UC8aCmG_y4DqqVI9Xlcym1Jg_2026-08-11,1
UCSOeJWyByeoBHpmrm0NnlLw_2026-08-11,0
UCT-UsvGz4gm7lezXvCEex9A_2026-08-11,0
UCgT-gb3favw2jQgwxbbwwaA_2026-08-11,0
UCN8YcyYvYIrtLcwyT-KqbNg_2026-08-11,1
UC9nWoDbRAl3-fvreBNeStKQ_2026-08-11,0
UCAhmOb9JWkI2HV_KIe9X_3A_2026-08-11,0
UCTUnpbuKoOODvhLhCO_kO_A_2026-08-11,1
UCZ-B_El841ME7qGXvYinGmw_2026-08-11,0
UC9vI-9WYQLXKI6n9XdXXo3g_2026-08-11,0
UCAGUSx1hbPKDqzBZH7bTjiA_2026-08-11,1
UCB4gIGaPUiLtpPreFSf8fKQ_2026-08-11,0
UCNRnCc0hg3ZcKdOGXKKv5Ww_2026-08-11,0
UCPa8JSV9SPAjX7P2S-N5ssg_2026-08-11,1
UCS2OAdHoLt-9T6cG9A2H49Q_2026-08-11,0
UCSrQnB-Ip9hc0biFQ3HoKzg_2026-08-11,0
UCAVR6Q0YgYa8xwz8rdg9Mrg_2026-08-11,0
UCPpSXwAg3hkSpa85Ah-dpgA_2026-08-11,1
UCZHBZUrLKMoL6FxpvdRzhKA_2026-08-11,1
UC_9W6Z5Y3lDpLk47Y_y5ITQ_2026-08-11,0
UCPsZX-D7LW99PjZLA-UysPQ_2026-08-11,1
UCdF0eCyf5np3lPO4y1fJVdw_2026-08-11,0
UC_e83kYlGHWbsrr8QCfV_ag_2026-08-11,0
UC_8GOc5dWX2Kpb74_nQ7vSQ_2026-08-11,0
UCBidluUUxzT_5jVOI_2x2MQ_2026-08-11,0
UCdT2nXooUR-X_MdmbER25yQ_2026-08-11,0
UCb08r5yPoH-AqM7_XCL4Uhg_2026-08-11,0
UCOTJtP0Z9DjpPU43B5m1V6A_2026-08-11,0
UCcNdwtZ7ulFFxngmnzsWQNA_2026-08-11,0
UCcvKf8NxAw9i09hZw1MQPBQ_2026-08-11,0
UCbItyvYa6cqvqtwlU2E9-wA_2026-08-11,0
UCcdlIcleb4oIK6of1ugSJ7w_2026-08-11,0
UCbIQGH_oFu0yfTWNPyquvpw_2026-08-11,0
UCkvz_CZlthtVo7E2sGa43cg_2026-08-11,1
UCCiKOocVSjyb2rsbL_Aanhw_2026-08-11,0
UCFHUplScMiWTjJrtv4hxWmg_2026-08-11,1
UCF7IBIvHZ2be4Ufo8i0uHBw_2026-08-11,0
UCFVRXOqBeh8ynDdYWztewXg_2026-08-11,0
UClWTMxooQefOLUV0TRcJ1Eg_2026-08-11,0
UCmZeuRfHYowZhf6odtoaNdg_2026-08-11,1
UClvMduw1MDMQ0PuH753-XSA_2026-08-11,0
UCnCFD3met1Ip7OngdF9TRDg_2026-08-11,0
UCGVy07wZs8W-EpKAGchrmCQ_2026-08-11,0
UCFsJVl9V9fSIZA1uS3gMu-w_2026-08-11,0
UC7SIaeUWuuIrWTIOBpayDVQ_2026-08-11,1
UCbFLnCfOet-u_kFyA7uX-9Q_2026-08-11,0
UCHYMpkGhNIr8A0m2H3lIjUA_2026-08-11,0
UC78d2aaqdrt02RfmtRLmlAw_2026-08-11,1
UCCs1YZHxUTIbLZd-xrvvMCw_2026-08-11,1
UCpwGBltfwjd_fIzp5cb5R0w_2026-08-11,1
UCI3DTtB-a3fJPjKtQ5kYHfA_2026-08-11,0
UCIOY-akTwtohcU0QB5ksjaA_2026-08-11,1
UC9DNu8JRIcE-rpo9eBx1ffw_2026-08-11,0
UCp9skQ2mP_DfVL8c3gZQUzg_2026-08-11,1
UCg5-nd3qoNnz5dzkX-O0b8A_2026-08-11,0
UCqRz_-l3GCmWb92u8P33RYQ_2026-08-11,0
UCroIk85IFzp6OZzKoJFDKuA_2026-08-11,0
UCtVBI7YLJyDvrx7iWAukx_Q_2026-08-11,0
UCpTNtH8yc1Kdl_YFfsQsTYA_2026-08-11,0
UCqlcSsDNMYxEsem7bWY-66Q_2026-08-11,0
UCvfEv6nBnL0QlKqyGmL0orQ_2026-08-11,0
UC_m_uqd_9s0hZvlgfvCzqbQ_2026-08-11,1
UCZFGZ_LhwgiTxaJzJ0QGdFw_2026-08-11,0
UCOaUB8RzbLXB7QZtCmMO-8A_2026-08-11,0
UCdXpKf3aIenvWkMbF3EvcQg_2026-08-11,1
UCgWOZQvFZhGuqBCtjmee0XQ_2026-08-11,1
UCE8JC9RAVSudDT_8Ji1fuPQ_2026-08-11,0
UCD9tj7ATjYkyPyWXK_ewNXQ_2026-08-11,0
UC_Xb6sEXAdNv9nHU4988vmg_2026-08-11,0
UCFJAOgvqcc3fPqdu7fTl-zA_2026-08-11,0
UCFCt5RYu41HTg4eX1jdHNxw_2026-08-11,0
UCg5Ew4lj74r_ohbc4AeQj1w_2026-08-11,0
UCABvetlXpdOwFz10fCpJkwQ_2026-08-11,1
UC6LLMkdyses2ugPRNEXutMQ_2026-08-11,0
UCcsC1X0SyiWcxBTbnjoZ9Ag_2026-08-11,1
UC_Cp4dXpd94km5Syq2x-xig_2026-08-11,0
UCe0loHR-Vltq0GPHgYyzmrQ_2026-08-11,0
UCADf92tisOOh90hrZee4-LA_2026-08-11,0
UCeiQKedLZob9Cb797XfsrRw_2026-08-11,1
UCCoU5ViXgoK-_2neelNhQaA_2026-08-11,0
UCX11f6rIVaoWGvFnKKyPBNQ_2026-08-11,0
UCIvLQ5lZ2kebqnLaGv_FP4w_2026-08-11,1
UCIxcZWLQpP-mUZC6_Uljc_Q_2026-08-11,0
UCWwbZhw5M-Q5dZtTK4nDWNw_2026-08-11,0
UCYMXFMiaGBnZ08-wBHS2MPQ_2026-08-11,0
UCRLoyYlPR9ufzlbeI9lLDqg_2026-08-11,1
UCU0-6z_KU9AShyR9J6gcFGw_2026-08-11,0
UCjOtzpfj5lF9erwTEQYkxtQ_2026-08-11,0
UC1dHu9GhbHH7RcHKyJdaOvA_2026-08-11,0
UCim7oePrB5hdfhcYwgUY6Jw_2026-08-11,0
UCw1DsweY9b2AKGjV4kGJP1A_2026-08-11,0
UCWq9wRjQXYC8i486uVLysUA_2026-08-11,0
UCXu_CcxBZA5S_iG33OzA9PQ_2026-08-11,1
UCJGww2K__Q3y-MtDi0XWH2w_2026-08-11,0
UCKYdD83f363lIzcAwwhB-_A_2026-08-11,0
UCKttwyzsHvW7bCo7YfTacVQ_2026-08-11,0
UCyaMGpNb-UiLHMY833ai7IQ_2026-08-11,0
UCz1Gc37nWsdF_jbJ_SvMl4g_2026-08-11,0
UCybn_0S0Ec6Il1ZhiQM1Vww_2026-08-11,0
UCL_IvtOZo6sONpiydbzzHpA_2026-08-11,0
UCMo4MnhHhSDkiUIXS6dytTQ_2026-08-11,0
UCyz5WVrb-cz3myY04x_kVYw_2026-08-11,0
UCyEIUlSKbzCt3ElAsPFb7EQ_2026-08-11,1
UCos3GN2gX0wLcfuhOAiMotQ_2026-08-11,0
UCuaizlkqA5hZ_Dt3kAQkW3g_2026-08-11,0
UCk1NTIlGP27bQEumkw6sDVA_2026-08-11,0
UCkNUuK9EfixaK2HbJYZ5YrQ_2026-08-11,1
UCoIEwIHhW-1_roLnb5nK_UA_2026-08-11,1
UCHJv9xBR9lkzGSIepie-T_A_2026-08-11,0
UC8E29ANOC3_OuB7_5EPY2xw_2026-08-11,0
UCIH7bdyhaJ0nD7jIcgqmQbQ_2026-08-11,0
UCq6bX1rAJqwt3LmYuHrDPqg_2026-08-11,0
UC2k1bSUZ4X02jMs_sTS9jiQ_2026-08-11,1
UCV6mNrW8CrmWtcxWfQXy11g_2026-08-11,0
UCYM01qjjE_hmqFQAmOo-lNg_2026-08-11,0
UCN5oT4zGJX-_H6pE5isAEeg_2026-08-11,0
UCK8iWEZupSV2pmDMxtwdAmA_2026-08-11,0
UCgjaQlejpAnIu0q-xtVfTEw_2026-08-11,0
UCMF3M48BakI-ptofqoUqdAA_2026-08-11,1
UCVWAdUQGUiY2Kzh0JoB5PtQ_2026-08-11,0
UCVZ0SJNurJAv-6hV5VEGB2A_2026-08-11,0
UChfs1dQ5phBDBWZJ1hHLbUA_2026-08-11,0
UCi8fe6P0_tLeZ1r31wOydvw_2026-08-11,0
UC0FUMakBJHsRrfKCGQuWnRA_2026-08-11,0
UC-okJdotaXPlzivRzHFqzuA_2026-08-11,0
UC-ntxe7eU_afJWEpcTNlVFA_2026-08-11,0
UC0vqyzJ-1l3AJl3IkKu0bhQ_2026-08-11,0
UC2_VPutZK0o_tG8ca_QrQRA_2026-08-11,0
UC2U8C7lmbQpfBeAW8fTP_jg_2026-08-11,1
UCJNEIbzzpRl-l1iGdD2BxGg_2026-08-11,1
UCW_Ptq0v8ck67w9oKiwXz2g_2026-08-11,0
UCUR5w0E-jQTOO8Q0FZ4ilYQ_2026-08-11,0
UCUPa-gJcbYG9Ql8b9H9FBbg_2026-08-11,0
UCR1ctqL11HoxQkbSkoUAYeA_2026-08-11,0
UCNrQ0VbdprXAur6OZKexjEw_2026-08-11,0
UC-Pn1i_ot4qmG4l7wMZPvyw_2026-08-11,1
UC-pobd8lZE33BSDz-iyHfJQ_2026-08-11,0
UCLbehOwlIi6QrfZNhC39t4Q_2026-08-11,0
UCKYqtXYbSqaEwBmX43Q13Tw_2026-08-11,1
UC-DpK48x4bltMjHHChZ4zBg_2026-08-11,0
UC141BuVRzSSXJX33Am9yxEA_2026-08-11,0
UCOLDn9gw0yegXRgjoi5MzNQ_2026-08-11,0
UCJA6MZLzTeljmGNFaugdoWQ_2026-08-11,0
UCTDBdmaY4m3ipZaLiYA6FWg_2026-08-11,1
UCyoKcrOcBEY4rmLYkDuXErA_2026-08-11,0
UCaCFlaIQAmiU_mLnZq5E-tA_2026-08-11,0
UCRltQqhqu9nXMRLaX0f8Cow_2026-08-11,1
UCi_lv3g-CPdKF6nd68lvN3A_2026-08-11,0
UCWVS5IJOkNnkKS5rjiAt9rw_2026-08-11,1
UCOwgg4IVhPQtq6qtxEeX3XA_2026-08-11,0
UChLqHuZV0PENIBYxDgXyPLQ_2026-08-11,0
UChfA8Yu8dk5k78UzaM6tsRw_2026-08-11,0
UCjiXXUsdl0F0aUkTbv8ZVTA_2026-08-11,0
UCTbwgCCBrI-4XU8b5B0uGPg_2026-08-11,0
UCVqmxk6oNOHj9RFVo4uP_lw_2026-08-11,1
UCah0w9n_eAyjUBG7eHbj8vw_2026-08-11,1
UCEGtfhdJiRgH98mVMEQZThQ_2026-08-11,0
UCElXDMEQqlUnuyDbChjARWQ_2026-08-11,0
UCqEoc6yuYRg5CFG4NIG8euQ_2026-08-11,0
UCqFmG6ofirSWvI9B8mwzvyA_2026-08-11,0
UCEebX3m88Arwc91LPmEmTYQ_2026-08-11,0
UCHZ9X2Nl3dq8ChEJgScmZCw_2026-08-11,0
UCG3uX-OwJ82T3L3EhC3GPXA_2026-08-11,0
UCtjlhCmFXYFXC4uqg1flTBg_2026-08-11,0
UC1q4Ihlv_YhLELw-ijE0Diw_2026-08-11,0
UCWZqSCSNZT3X8e_HyCJoXMg_2026-08-11,0
UCYGK33LxFlgh9QtmvCYMR3A_2026-08-11,0
UC0-ZCUCeCQBwKU15x0Aqk_g_2026-08-11,0
UCJZsABKjWUGbT0qf3MsXH8w_2026-08-11,1
UCyZtdaxIiGb4wp5AmkEMrwQ_2026-08-11,0
UCoqMTw0yGmjIjNayukuOg5Q_2026-08-11,0
UC1aBdmKvC6yAiq4xgPLOzKA_2026-08-11,0
UCdtV_sB8WUWo-P_q3OwNfcw_2026-08-11,0
UCj5Y6sl23ln9PL6OiDTL7Gg_2026-08-11,1
UCNOj6xtKWCtPbjJV8XPlbLg_2026-08-11,0
UCUae69frfqpKOB3BUMdX5Qw_2026-08-11,0
UCs7mzshFv0PbUMUM0x1Waug_2026-08-11,0
UCkrJBQAut47U8xMUuv8D_3g_2026-08-11,0
UC5pdoCANExIVI4yf6DVoxew_2026-08-11,0
UCPp6kLLWggTuACsQwFibg8A_2026-08-11,1
UC0-sEWFXIymAxx0InClynUA_2026-08-11,0
UCxtZZzggcfOmsW99gYkxsNA_2026-08-11,0
UCXg-6b0X0sIMBDHhbyBuOQg_2026-08-11,0
UC6aF-skLT_1X6cdPJxVJXxQ_2026-08-11,0
UCbvvdVOF0teLO-U6GWh1RKg_2026-08-11,0
UC9qwDE50UcXvdplRNZKEoPA_2026-08-11,1
UC3kVT7zilzGf_7fIEkc4dDA_2026-08-11,0
UC8IxyKkhu4YUYK_c76AdcDw_2026-08-11,0
UCeAsj1O73pcqd-xQ4AZbJeQ_2026-08-11,0
UCApYlKNymyHZ9dlOCImFVBg_2026-08-11,0
UC-2JsFNClcIesgd7UmtGnpw_2026-08-11,0
UCOKQpmfKrtu7Nu719CVSw1A_2026-08-11,0
UCKC4R6B8bTLIKH1V9PyD7Iw_2026-08-11,0
UCETJ2rkwgeYb0OojPNh-DRw_2026-08-11,0
UCZX4g_FvyOfyTIKxbMfKfIg_2026-08-11,1
UCCTw9N950kEoELFv3dRcWJQ_2026-08-11,1
UCD7D_WRXbei_g6xXOZIhQnQ_2026-08-11,0
UClSuqiIAACDUJrH3gb4JcLQ_2026-08-11,0
UC2ja61Zku_rw3ZBfDZi8cuQ_2026-08-11,0
UCSGKRGHGqP8W11G-SxsMaOw_2026-08-11,1
UCm1JuixwDoQEDi5RfcRuHJg_2026-08-11,0
UCl-VnCUwSxDr5zPu-YlDUYw_2026-08-25,0
UCnkytUgy0CtWd06up9CjNxg_2026-08-25,0
UCpI-AhCT02iQRGLC2ZcY0Jw_2026-08-25,0
UC9otskL_kd-0CDib_5Lj-mQ_2026-08-25,0
UCSzHok6X5qXEO7cjvVnE62g_2026-08-25,0
UCWU2V62eLE3oQ7AjIGS2STQ_2026-08-25,0
UCSfhr4gDPFsKuwdmTOWp2jw_2026-08-25,1
UCnhGcri8x6xhehanhAe9ipw_2026-08-25,0
UCoH2pCzAr6zWDG-LtUiLWRw_2026-08-25,0
UCUt2AEhC-OOC2EPCzj4DkCw_2026-08-25,0
UCrfB1-zWijAYkgfZW7Ehc8Q_2026-08-25,0
UCBTsPtRCh6ln3IRQFjhjh1A_2026-08-25,0
UCUbOogiD-4PKDqaJfSOTC0g_2026-08-25,0
UCnCH3Uhv_ynhTNKEH6ekRtg_2026-08-25,0
UCqIwPYLfMd3EoWYwvyTjPnA_2026-08-25,0
UCY_vDlvG-BTDRIOk_I9QQ6g_2026-08-25,1
UCZ-UuK86Bk5sGzQQ2cEglJQ_2026-08-25,0
UCv1tOT645xHOJrwdGlzjMaA_2026-08-25,0
UCuWDza8A_ntbjwBZgW0ZSNw_2026-08-25,1
UCrXfM4HsibSucC_NlIY7v0Q_2026-08-25,1
UCYGF_xk5RDpltyZDSx040uw_2026-08-25,0
UCZudBEEhIf6i8XIZZn3QDvA_2026-08-25,0
UCbFzvzDu17eDZ3RIeaLRswQ_2026-08-25,0
UCrY2B2XX41ReYh9DIWrFfCg_2026-08-25,0
UCyiKngyUPUb1bka4yFrn65g_2026-08-25,1
UCybfHuHkJRzGDymek2Dsqvw_2026-08-25,0
UCEuP8zMn3ln3ZqJa85dp9JQ_2026-08-25,0
UCvPDPTxTLitVEyGu4Xt6m8g_2026-08-25,0
UCDHGqgpiHQAsE0UiltRqhfQ_2026-08-25,0
UCJoWNCiFuiN4eZnB80WUf4Q_2026-08-25,0
UCLHwMFguUxHVSk91vzicEJw_2026-08-25,0
UCRpdlPk671uOMiBtf5HtB3Q_2026-08-25,0
UC5grrciAyUF4xjd42XhV-1Q_2026-08-25,0
UC783XWULPW-nDGv_0EYlB6Q_2026-08-25,0
UCJpAwvQaZyCI5spAz7tipGA_2026-08-25,0
UCNmN3W2H0r5_hV2drzbEn7Q_2026-08-25,0
UCi5yzN6jpdz2akGTm-mJSKQ_2026-08-25,0
UCjyXK9pWHwWR_-bRibFaWDg_2026-08-25,0
UCZPfs7xIjGmOGs9kvgGhUKQ_2026-08-25,0
UCepHesz_5Lwr7qRaqjB-p1A_2026-08-25,0
UCfIUuMA7U_jImP7oWfTe4Pw_2026-08-25,0
UCby0vMKcLR05ZdS90aZd5og_2026-08-25,1
UCQJuZxeDv2P05YHcC-tIEVQ_2026-08-25,0
UCp_jHNjcoiXC7SlElrBmzBA_2026-08-25,0
UC-2wa6jvprl7hfCpvw0ULzg_2026-08-25,0
UCvPGGL-OTEAQlwAUxbcJO8g_2026-08-25,0
UCEg24oF81p-THPtp3otdmTA_2026-08-25,0
UC-yb5eNBQyXBE9nZnht9u-g_2026-08-25,0
UCCMQyaKDjQJY79VimTdaYYQ_2026-08-25,0
UCO94iFhOhtdGb4Ze5DUAtbw_2026-08-25,0
UCQfd-b9GRBrUP0-wCqabLTA_2026-08-25,0
UCWH9vqm4yM9MHiSUPTfdJYg_2026-08-25,1
UCDBAVzfX3yZ1hah0FHnOoaA_2026-08-25,0
UCD2YO_A_PVMgMDN9jpRrpVA_2026-08-25,0
UCDYAog4sNhwQ5pXtAZiT0Og_2026-08-25,0
UCXS55IczImEf64aU16NzKlg_2026-08-25,0
UCab17MxxnFtAhGsJVTkSkCg_2026-08-25,0
UCQuY08EEKLFOp0D37Sfpd0A_2026-08-25,0
UCeiDuGZqWT4iiIXRTfhM3qQ_2026-08-25,0
UCdcjduaR6hyGHVNmpbJzSsw_2026-08-25,0
UCBvKuSAkXERBnGSQOH0Sarw_2026-08-25,0
UCdb5lyq0tWbY3jqH35SufmA_2026-08-25,0
UCaHIZAKows704_gk6bjdAog_2026-08-25,0
UC5RxNUZ9_c94ZEfJGnJZmTw_2026-08-25,1
UCb5NLtXAsTBrmaZVhyFa-Wg_2026-08-25,0
UC7nIK3KpkhbGee5K_sVBscQ_2026-08-25,0
UC7bcRlidTERRb_MKRHPVSnw_2026-08-25,0
UC4ncZM9bnBknxPkJbq4miHQ_2026-08-25,0
UC3Z9lUjG5BU60sce2-Axbjw_2026-08-25,0
UC3Oe-jfrIqEGygxYBYyN6jQ_2026-08-25,0
UCBtJuwDt6LlXp2YASC-ZMdA_2026-08-25,0
UC3hCAmwyYNgRuOOSFV7evVA_2026-08-25,0
UC3pTpoDKt17IrCDH60kSNPA_2026-08-25,1
UCkd3KAYGnTNPJZZrPOFeWhA_2026-08-25,0
UCsmsw8102lekPyVYwKMHxmA_2026-08-25,1
UCtLWxhEMKOio-GzdVJ1CVhg_2026-08-25,1
UCkrNv6xF8j7QZmWb3UeAH8A_2026-08-25,1
UCkoszQp0YiJa9lGm_wK0xGQ_2026-08-25,0
UCraf4ugZTyvFY6AJ0VjIxFA_2026-08-25,0
UCsuanL5kXO29Uzz3MWlBsMQ_2026-08-25,1
UCtGMgPWJNU2Aj-SNK0zg0Sg_2026-08-25,1
UCrExV5uWnC3-WUnUN2Ck8HA_2026-08-25,1
UCqyzJW0VRYRP_sFELZYdxGg_2026-08-25,0
UCK1aVlIbEBrdhv-gbSgGIkQ_2026-08-25,1
UCKrprPfevcAZpPuRnCO6xOA_2026-08-25,0
UCMAfHuocszM6UTORPwUmeNw_2026-08-25,1
UCM81CAJ2_Y42-bvK1OQnAAA_2026-08-25,0
UCQSEAbOs6vsJfy7WN7iYaGQ_2026-08-25,1
UCQzgMwT5Q6x-Mtq65HRS_0Q_2026-08-25,0
UCZ6mNZTiTUrUSbSYPlclI4A_2026-08-25,0
UCfjMjhfjRRy8B0mfqbO_43w_2026-08-25,0
UCfq-5-0b5Lzj7cKCrp6-flA_2026-08-25,1
UCgLFbrC7-g0ihBKB0obVPTg_2026-08-25,1
UC9vz3TBChrJmYbzUo-rqfSg_2026-08-25,0
UCSh__r5HS4Y1xBkccWnV0TA_2026-08-25,0
UCS-X1uBDTNwAYyydiXjcX9A_2026-08-25,1
UCSkCNddZwo__x-iUr-KDFWw_2026-08-25,0
UCSl8TBqqflby-ymdEQVfRNQ_2026-08-25,0
UCOgXOOKbZRtfQvlggBpN6zw_2026-08-25,1
UCPuD5ZRQWa_JCaY5NokNhtg_2026-08-25,0
UCcum1rCJ5GJeQ_xv0xrohqg_2026-08-25,0
UCZNTsLA6t6bRoj-5QRmqt_w_2026-08-25,0
UC_RRZdJk55ShXE-9d3deRUA_2026-08-25,0
UCPN9TrChCye1s97iEUOsIeA_2026-08-25,0
UCcstDLbuhxEbFKkPZ6wST2A_2026-08-25,0
UCBo7GIv99qTzHaa6ip09YLA_2026-08-25,1
UCTmniSiCVyG_UKVCEa9PNKA_2026-08-25,0
UCdQHEqTxcFzjFCrq0o4V7dg_2026-08-25,0
UCamHctB9_ZaFO9vZElnl_Yw_2026-08-25,1
UCa4clnMsHg6uJPpxKbxCEmA_2026-08-25,0
UCarBV0zWlC2k-HteyeKqfag_2026-08-25,0
UC3RzmV2LX3AmWhZVx0A7u0A_2026-08-25,0
UCeBa5aBvHvly34S0Uk9Wqig_2026-08-25,1
UCaY7wcqhFb_c2eQ1eRB8rOQ_2026-08-25,0
UCaj7p2XHGqfBYb2OI-7Q2DA_2026-08-25,0
UCuFguUhr9Wr0tFY85nDGk9w_2026-08-25,0
UCDLDbittWhk2KXvaCT0YpZQ_2026-08-25,0
UCD8r5Jgns2V64-NcUmXclpg_2026-08-25,0
UCtUHgx7SA_eZFssVODDh82A_2026-08-25,0
UCkphwoGMBs2_0raLOqu9aQw_2026-08-25,1
UCm6Y-gVqhlhX4FzrJCtsSzg_2026-08-25,0
UCmcBe97VA2LqVEQUeeZl6Ew_2026-08-25,0
UCEcRvF_6IRSux8FO-ogFZug_2026-08-25,0
UCGW76VChAJKee9kYzvyoycQ_2026-08-25,0
UC5WN-znPsJK0BbA8aHxZHWQ_2026-08-25,0
UCaova9Q4UZLPqFnSvq8VxzA_2026-08-25,0
UCaN3tSrrzIrXSDonEe7LK9A_2026-08-25,0
UCHCeN9BUgogMGrHBC6zKYvA_2026-08-25,0
UC6JTm9ObvQFuTEOxOsbmYwA_2026-08-25,0
UC7hwQp3F6P_OwyRM14p88iQ_2026-08-25,0
UC7wtTnMorJi_d93lb_P2Xow_2026-08-25,0
UCqPN9LAkx20aBWOafwvQB-Q_2026-08-25,0
UCnMshUhBxDsKFPnxBGmGEpg_2026-08-25,1
UCnju7ULBic4VgkCfDvVXCnA_2026-08-25,0
UCIsrVj53L57rcLAPOre4Xhg_2026-08-25,0
UCHbz27HAkCIQNw_G2Pa7XVg_2026-08-25,0
UC86GXx7Ap-Cahlb0r0xT-ZQ_2026-08-25,0
UCqVkQsNin4MdGFrWvzFVOKw_2026-08-25,0
UCp6n8d8Y8r3MwKNw_MMaouQ_2026-08-25,0
UCta3D5-EYqO-pduQLxQ8mNQ_2026-08-25,0
UCqjUPx-UAFHVvthd71bY7_g_2026-08-25,0
UCAenntxQB3F7AH637vySglg_2026-08-25,0
UCATlfGN7EDjXS_2ofklb3bw_2026-08-25,0
UCvagJYsZ_uvB3jJoNwuimZQ_2026-08-25,1
UCuZ862fZel1gq9RAf_OkvqA_2026-08-25,0
UCrxzkAOXEbflxcTbRYnCoTw_2026-08-25,0
UCk3w4CQ_SlLH4V0-V6WjFZg_2026-08-25,0
UClHTjLVog7CkRF8tYJuNXXQ_2026-08-25,0
UC_O4_e0nbsMoU1rg7JU_nwQ_2026-08-25,0
UCeB_ZeSo0xDL62wWlkTEtjA_2026-08-25,0
UCeRn_02zEifLqXxZkTpiXzA_2026-08-25,1
UCgO8sNnksVuKcuTVTQKSK3A_2026-08-25,0
UCOaUTqrtz1yBBiwziVJEAmQ_2026-08-25,0
UCJDXc9JWCZo-nLNKr_-L2Ng_2026-08-25,0
UCjsqgRBvkn8XadWraSQxTKQ_2026-08-25,1
UCjUnlBpn0Z1L450g79fniRg_2026-08-25,1
UCifCesg-EUkjKyQedaB3hRg_2026-08-25,0
UC0PMQXAwF6O6aeTpv962miA_2026-08-25,0
UC-S8JFhLkQ5enhB70c2CYIw_2026-08-25,0
UC-aXNBQ6nwMNeW2V8XB7sBg_2026-08-25,1
UCjBPx2oip2bKnnfqKyas0ew_2026-08-25,1
UCikKJvpU0Ylua4hRW6faQRg_2026-08-25,0
UCYJDUekoQz0-bo8al1diLWQ_2026-08-25,0
UCULRVjf5z_WoR106msn8HoA_2026-08-25,0
UCXCa03lRK6tlntZoJ7TUWRw_2026-08-25,0
UCXQoI3upwKr47JAiVaYkvIw_2026-08-25,0
UCYJ0Ucu9jPX5kn6SeDcNaIQ_2026-08-25,0
UCNymqCXr3sxL8dnmO_jScuA_2026-08-25,0
UC24GgPBq5W3v34z0p0uk1Ow_2026-08-25,1
UC0aKwoKNeqBaUwiEXmkQaGQ_2026-08-25,0
UC2WBkFH1nHcO6aFLWo6sZQg_2026-08-25,0
UC14G5tdSndPhP47RTVgMXcg_2026-08-25,0
UCJmnOEp1-OITEU0mk4icM5A_2026-08-25,0
UCJzfS-WmieHog0H2OQoXkeQ_2026-08-25,0
UCKUUL3fMVvYVZdGkKhhjP0A_2026-08-25,0
UCJj2vuQIpFnk5pbTAtCi3yw_2026-08-25,0
UCL2ZLyAV0H9Pvi46W7TGdHQ_2026-08-25,0
UCMZFHqDjg1IE5kzm9fZBOFw_2026-08-25,0
UChHxLcNi7e0zu-e33HM6v6A_2026-08-25,0
UChKYbZ9fSz8DMM6wU-t1lMQ_2026-08-25,0
UCwfbSsZ7_sccxcibe60mWlQ_2026-08-25,0
UCc1VJX_5Z2RdGi58XU4IfbA_2026-08-25,1
UCwBkHOTyu57NQi0syf5MLig_2026-08-25,0
UCT807kAu6fmwES8B5698e2w_2026-08-25,0
UCS7gEaMmBPAaI8dHNnrSofg_2026-08-25,0
UCd6CX2LiQE2dEAPXwk2N0jg_2026-08-25,0
UCcp8n8YZXg5qko87BgVwg1A_2026-08-25,0
UCcgkgKhXT6QwdGj9Nr8PBcg_2026-08-25,0
UCz5UFGucIyJGH0nf_8d0ghA_2026-08-25,0
UCxpXguPL_B5pz7Gq8ozfwlA_2026-08-25,1
UCyZXLzORHoh9QMwA7IwS0pA_2026-08-25,1
UCzDyC6JMEXEufozffWzI9Mg_2026-08-25,0
UCfcfymsN3OMo2cfmbpGTanw_2026-08-25,0
UCZPBWThSlgWT0DVaxxUEX4A_2026-08-25,0
UCTVkjiEiaiSbEq0Qwd5XTPA_2026-08-25,1
UCAEQiQ4Mg6fFkPshBMhPaxw_2026-08-25,1
UCcJliZnsRbNw4I4uWSGq_wA_2026-08-25,1
UCAaLhok91QDrweyuDRsmjqQ_2026-08-25,0
UCg80LjrsnWo0T3T3uYCPhrQ_2026-08-25,0
UCGi94VU356EAvQLgODywyrA_2026-08-25,0
UC9FRxVaiS2aY0ANaWLP8SMg_2026-08-25,0
UCHK-FRuAjk8g798dD7L7xqA_2026-08-25,0
UCH29Gz8a6veRLqUxzjBXHrQ_2026-08-25,0
UC9zmo9x1o7xAfgM1Fw3Dg4g_2026-08-25,1
UCA9f2-9fUklMMOaz8vKW7Jw_2026-08-25,0
UCcJ_oPUSkS_h96_PuizxMGA_2026-08-25,0
UCcHVk5SFxfYhCbbX8pWWuVg_2026-08-25,0
UCYTQCmuFcacJJ_Tad20qqEw_2026-08-25,0
UCjSNmS8qcD1jEdQhU5h-zKQ_2026-08-25,1
UCXqP0RsJo6-y-MrKz6k8H-g_2026-08-25,1
UCNNR1-x2NhZARsNGnQlh2sQ_2026-08-25,0
UCL3ooD3l7KEqb85EBZSEkZQ_2026-08-25,0
UCtjBNJ4UbuWGLe-415urMOw_2026-08-25,0
UCy8OX8RrstkjRrnM5hND_ug_2026-08-25,0
UCzT9VqGDsCxleSmXzJ80hBQ_2026-08-25,0
UCuWcjpKbIDAbZfHoru1toFg_2026-08-25,1
UClpc-7ejy_cntRdmrFLbOfg_2026-08-25,0
UCn3lLusvOTVdtxZi0EHlSTw_2026-08-25,1
UCoovEJW0dyTWwHiblWDWvyQ_2026-08-25,0
UCwlUB3goOsh4tpqZKIzUAbA_2026-08-25,0
UCZuT6NXrfZzYbqCG_RWgSgA_2026-08-25,1
UCE3q8VKqIT_vOL4b9Nl8chA_2026-08-25,0
UC1p5kp09LAS3kpQB3O8YQJw_2026-08-25,1
UCIzbqIyEUxtFLYh_sCDoXpw_2026-08-25,0
UCJJZkVUNIxq8XNDzHiAD-eQ_2026-08-25,0
UCh7XUfZEEV3pct5zDjx6OZA_2026-08-25,1
UCiVO_mThS9B3tNc_kzpn-3g_2026-08-25,0
UCVey3Q_CodrHAWBonTGbHFg_2026-08-25,0
UC0E_zsPAziGgkxaAtwvmFAA_2026-08-25,0
UCWjfI3wnNOgQCTu2SijfgMg_2026-08-25,0
UC1Il94cQwl93Zun8ax1Qjlw_2026-08-25,1
UCJENagCOfjMxdQUDxO4kq2Q_2026-08-25,1
UC2f8VfmEF2_0-rFN4RNHaNg_2026-08-25,0
UCzSODDx0zQF3nxXOZISCm_w_2026-08-25,0
UC0tmAwhgk_1ATJtFyVHrFxg_2026-08-25,0
UCKHx_yf3dI2ajWAjXRJ_9Rw_2026-08-25,0
UCKiCT33Gmj3mlJ5xh-9ZUqw_2026-08-25,0
UCz4b1O9sT73P8DWwx6OvQwg_2026-08-25,0
UCzps05UZ7XpX3SFoFyYIDow_2026-08-25,0
UCiE9ZR51IeGPRbD4_Px6_Fw_2026-08-25,0
UC2t5bjwHdUX4vM2g8TRDq5g_2026-08-25,0
UCKmOaDLQpgbsmGsHpV9688g_2026-08-25,0
UCYG8tuvbQzWsDeoADyJFU8Q_2026-08-25,0
UCPPuXI31ybWYB560T2uAeMg_2026-08-25,0
UCMgTCM5mGx3y4Hg0aMOXrbw_2026-08-25,0
UC_EEqHc75kYwzrN7L8T2Bfg_2026-08-25,0
UC7wosSPUA3os3b3-RMZZe6g_2026-08-25,0
UCC1veMJY2wElX0lpYOoNB1Q_2026-08-25,0
UC46X_E7jxvJ1O_3gnaeCxeg_2026-08-25,0
UCkmUJzaZfP7Wsb5-89pAK4Q_2026-08-25,0
UCkpKYfb8wM67QnKxBj9bZXA_2026-08-25,0
UCvuc6-wCcCeDrQ9dA52pBBQ_2026-08-25,1
UCktXAh1Sd7wf8eQHc029-8g_2026-08-25,0
UCklDsqQMGPYIMpIhQ5Jz6jA_2026-08-25,0
UCIQEX0V3QxP-tY_jpRT-waQ_2026-08-25,0
UCFvdXoI9LTADYG07s4pMnhg_2026-08-25,0
UCI4wEWWBEElIbp9jHcFllTw_2026-08-25,1
UCIXQkaLrM7_t87SEM_pmHpA_2026-08-25,0
UCgeazIBHz3JS7ft7_nyj-0A_2026-08-25,1
UCw55Gv3z7xgtG34fOP1-Aiw_2026-08-25,0
UCHoo90P0hvh2rrbGvX53G0A_2026-08-25,0
UC00raQBBBGagQthJ01ZYIIQ_2026-08-25,1
UCxDq2kGOt3h2_ilI0Wih5dw_2026-08-25,1
UCv0cBz_Vdmd84xYl7gKWwQA_2026-08-25,0
UCnDcpS7XLQ9KFPqULb9TH8g_2026-08-25,0
UCBkvEgeJ3_UMwbW7VCxzs8g_2026-08-25,0
UCms8Ge7H1ZGgw6nV94fUhUQ_2026-08-25,0
UC0wo7SwsC5dE0nSgBs2M-3A_2026-08-25,0
UCzHnjIeMxo1gViogzN9xMLw_2026-08-25,0
UCvrxJgD0T_TFvgsO2nA-fDQ_2026-08-25,0
UCtIbfg_6gjbdFqCqAiUcqyQ_2026-08-25,1
UCEJF0q0SqEJ64uA9LCXuSrQ_2026-08-25,1
UCaZv-jDn5Mq5KJ1buXDRd4w_2026-08-25,0
UC7gozbdUqpQOYN1og_d-J9g_2026-08-25,0
UCzVXdulvpgEoI8yuFMmhxJw_2026-08-25,1
UCDmmbxGg8g-EBkC_ku6vybg_2026-08-25,1
UCFiHjGyrJux8Rt4e6mUPU-w_2026-08-25,0
UCpAZLM9XMzIbqFucUBD8Jtg_2026-08-25,1
UCe-7GwWL1XNlCJyfqBhgrHA_2026-08-25,0
UCww3MeqGQnIatVvEr3pSjhA_2026-08-25,0
UCnCeDIkExSpULGqmpj5oafg_2026-08-25,1
UC2OFe8XUEqDT3eJGO-0EDNQ_2026-08-25,0
UC2YA1b6qKO2YteKYFuMiYPg_2026-08-25,0
UCA2ztZuXhSktpdxb419WvCQ_2026-08-25,1
UCW1FuNP_2X03y7H0HIujOTA_2026-08-25,0
UCGX5t-qAZjL4xl5xZ36Md5g_2026-08-25,0
UCvsw3aXHnikw3MVGSwOICxA_2026-08-25,0
UCHXhFmex5EkUy-fP2IMQ_Ug_2026-08-25,0
UCeOXoe4zJCBTBwHN1M_djUw_2026-08-25,0
UCmvMUe1GqpZFkj1e-V532LA_2026-08-25,1
UCXb8sP7slkJyunTEAsP-CiQ_2026-08-25,1
UCR0aLp4aIvxS07g6rGWZr_g_2026-08-25,0
UC6tlo9WajrgiX3Eej_jEr2A_2026-08-25,0
UC-StHq1pWM-t4XS9ycZpn9w_2026-08-25,0
UCE-6-bWkikwoP4_ooZNep3g_2026-08-25,0
UC8CX0LD98EDXl4UYX1MDCXg_2026-08-25,0
UC9M8GGVwPqc9ubNruArCNPg_2026-08-25,0
UCKY2DOkLOyPLlvGHI3XQw0Q_2026-08-25,0
UCLXI7tT4pHH222QgpvYx1jA_2026-08-25,0
UCo77zdYpvhgUsdP0Z0vmz2g_2026-08-25,1
UC2IYsRiATGe71sLIOlSXGuw_2026-08-25,1
UCaN1Qp37sHiCdQuSaXa3fVw_2026-08-25,1
UCdZrsVZ3QolU1TWFaDgN2ww_2026-08-25,1
UCEjXNNB9IKEa4HfLQVt8VEg_2026-08-25,0
UC4VWaR3R17Ruc7j1Cy1-PKQ_2026-08-25,1
UC3ozN5tHi449NhCDE6Xtmwg_2026-08-25,0
UC3gl4CHfNtAqNjju1goB0_w_2026-08-25,1
UC3_QWAvQRhPW4CDoQU8acKw_2026-08-25,0
UCAJ-meoCh1TrPZ7La3UpPrw_2026-08-25,0
UCpcTrCXblq78GZrTUTLWeBw_2026-08-25,0
UCqI5lyTpC79pOy2D-VXAMdA_2026-08-25,0
UCPI40-XQA9-GBGj2k8PPqfg_2026-08-25,0
UC8FErYSi74YwGUAoTpjvgzQ_2026-08-25,1
UCpX86JOUhnrzG7MK8e8Gjbw_2026-08-25,0
UCAtGPbK4AWmeoaREsNLLZhg_2026-08-25,0
UC8rbhIem-3aAsNXhTDI-nSA_2026-08-25,0
UCBY9rOZPo0fLE45mOV0s0cw_2026-08-25,1
UCS3_H_feQRm4QbXipKTvSrw_2026-08-25,0
UCVZI7eLie2UlZph6aiBRNrw_2026-08-25,0
UCnV5tUnOVGyT-Ncj0s0tPTw_2026-08-25,0
UC8CIM3d3zDYMk-3T5aAz0yw_2026-08-25,0
UC8CZL4cvFiKwKKDNCuM2lTA_2026-08-25,1
UCo33r3SAf5z9MS-lrXV2aOQ_2026-08-25,0
UCoSniqkitCpxlHrQd5L8A1w_2026-08-25,0
UC9jOsXFn3RwXEW3qUyySjAQ_2026-08-25,0
UCBA9XaL5wCdHnC5EmEzwrqw_2026-08-25,0
UCpCBP5cVIBvezPI1LKFMYjA_2026-08-25,0
UCt8CJiye87FMbEwt0npPMuQ_2026-08-25,0
UCAl4HWznMn7KhKBRFO5eiFA_2026-08-25,0
UCYooECrv-fIXlPaDwEIaveA_2026-08-25,0
UCvAetSOU_4lyjM5hVMNzN0Q_2026-08-25,0
UCtt0Hg9MhraTkzWwNQpplHg_2026-08-25,1
UCrR_fhiJjoW8OJFzUcmlMMA_2026-08-25,0
UCuwnt_REmD4YsCtFJRoqjFw_2026-08-25,0
UCrKSaegnzewdj9-YLsUhoZw_2026-08-25,0
UCabScupufwcOzAdcVXZrmlg_2026-08-25,0
UCYsRymb9vAsOOLBy-Wo1kRg_2026-08-25,0
UCZRH94I89Ps7giJYeK6DlWA_2026-08-25,0
UC3DYSay178fMMPaf3zHwECA_2026-08-25,0
UCDbOXmGL7EkmOcnUb5Kki4A_2026-08-25,0
UC08-hQbwh7eyr8PlaYG2-sQ_2026-08-25,0
UC-8S20Ll1gzPiu_YY8BgyaQ_2026-08-25,0
UC1dG3vI9FfHnH3YgyeKUz_A_2026-08-25,0
UC2NFRq9s2neD_Ml0tPhNC2Q_2026-08-25,0
UCI6Ro_MOr36re4Bhb7nCY7g_2026-08-25,1
UC6JB_a6rD1lZ_aZgQvORfrQ_2026-08-25,1
UCKVt3arMXfa6XZezR1UnjqQ_2026-08-25,0
UCTK7GGeH0c9INAEnV2EfD0Q_2026-08-25,0
UC3hqiw3lZAXaMwhQvMGZkdw_2026-08-25,0
UCvUKUkIM67eWFbQemjj2-eA_2026-08-25,0
UCzRPPKLkNxjD2of-0Xxfnjw_2026-08-25,0
UCw-JzmPsjRcbzJLncr4pIIA_2026-08-25,0
UCXAXCxTCCYYKsLJNzEvjqfw_2026-08-25,0
UC699Y51pMl0wWLPA4atcZjQ_2026-08-25,0
UCyAA-Vj4ORjXl5Ui2m6_Llw_2026-08-25,0
UCzDmGDR5RdahQkLCBoWlTEg_2026-08-25,0
UCJYdIDfGkqXTsQq5aW4md0Q_2026-08-25,0
UCNu00qhYj4nPeMNdxuwV6sg_2026-08-25,0
UCPJGXrPIVKBR8PJY7w33WZw_2026-08-25,0
UCmiTZyj9GwMjyznZxrgCH4Q_2026-08-25,0
UCaMV-CjrWYh2Aefg_8iLwJQ_2026-08-25,0
UCYjNEoVziojh1ZCum1q0PNQ_2026-08-25,0
UCXVVG5ZM3SJJCh94xatR8Dg_2026-08-25,0
UCd-Ziz8pAMZBWl7juEghsag_2026-08-25,0
UCN9VGDvz2M3vdR0czEUp6lQ_2026-08-25,0
UCN8L7Z-dyzu9FzT39RM0fvw_2026-08-25,0
UC_yxsHiFh1_j174x4AxICSg_2026-08-25,0
UCg7rkxrTnIhiHEpXY1ec9NA_2026-08-25,0
UCgWwo8FJL3MCxfd66ip7nFg_2026-08-25,0
UCyoSQyaCrZHro6F_nBiXIYg_2026-08-25,0
UCvjzWMh2bihwlIN-WRtddkg_2026-08-25,1
UCeG0ONJtjwE20ThR5iSYdsA_2026-08-25,0
UCd9oeoY-jLSkhd-J5y_1aYg_2026-08-25,1
UCePy6AqRuTfKDC4aTrqcAqQ_2026-08-25,1
UCbeQg95cAxVRsxxh6FyilxA_2026-08-25,0
UCO8ToDSM2Gvt3EZdOdosxTw_2026-08-25,0
UCMswODzU1ZjjrLyUk7NfwPA_2026-08-25,0
UCMpvRMwoq_WmradKdysk6Cg_2026-08-25,0
UCXYNuWjnQRSAXCGl9gv8Ncw_2026-08-25,0
UCSgvQDek_7CQj08fu7kp1Iw_2026-08-25,0
UC7loyhgCm1NRTtyF36hO-jA_2026-08-25,0
UC8x8GQmlxAIhHxzU61z0uLQ_2026-08-25,0
UCBW_PhuXoHk40xF6nO0Q64w_2026-08-25,1
UC9JlObZnbOirT4_iyPGrdcw_2026-08-25,0
UCB4YEVYp6LynBpz7bXyZsTg_2026-08-25,1
UCF-rFAdN7dzd-SI2T3rkCaQ_2026-08-25,0
UC027x98NgUBw9K4aPT8k0mg_2026-08-25,0
UCuCmLrNT5MbpqfrSSKHqTug_2026-08-25,0
UCCd3jyJmOFzkJEMj5Bp89rw_2026-08-25,0
UCGa52d8Qlv3THghuCAt_nXA_2026-08-25,0
UC-FiQR2gg8oiNw98ZdsSX6Q_2026-08-25,0
UCooLkG0FfrkPBQsSuC95L6w_2026-08-25,0
UCpn9dP1b5BhBsU9SduEz1hA_2026-08-25,0
UCCvEN8bTeF8Z2jcN513T1Gg_2026-08-25,0
UCBvkOBLsSj9kusGYlroQkBg_2026-08-25,0
UCQfISxq5legTqOt1h1us6lg_2026-08-25,1
UCdm06VHBWF5Mg5kYxffzikw_2026-08-25,1
UCQhIdo5nRQY9DB3uo7vawtw_2026-08-25,1
UCawK5EIfr66Z7fjAlZgfB2g_2026-08-25,0
UC4P7F8qenDo1O_5NvgBb_cg_2026-08-25,0
UC5H8Wt-1q_tnn-m4tDTqbUw_2026-08-25,0
UCQDGJQe8X9tbk_i8Na3VVXg_2026-08-25,1
UC8Xz3BKjDvQk7lKhH7Hi9nA_2026-08-25,0
UCF5RrlbsxJjAVLWgOCoNHMg_2026-08-25,0
UCC1LvVTX2ySKYjeIXkAtvsQ_2026-08-25,0
UCCW6uYIUP4YKKe50k-ktVAw_2026-08-25,0
UC5T_FfQwgy56XP0aEVHYULQ_2026-08-25,0
UC60HSePkZwGFzRj6VSDa6Ew_2026-08-25,1
UC72PuhDwKtZ5MikpGNhPAtA_2026-08-25,1
UC5bjQxLK_3XVzIOTQ04sYeg_2026-08-25,1
UC6oq8RPEH1BmtyldQgXVbJw_2026-08-25,1
UC5ScPjbt-a97AJO7SBj6nAg_2026-08-25,0
UC43hOVGChFuQRV47vxc_c-g_2026-08-25,1
UC5Yx9RlmznXDUEIrfoSqheA_2026-08-25,1
UC6YqXiwCBfPvPTs3wXgWElQ_2026-08-25,0
UC543-TDm6IvHHZXwdSFioMw_2026-08-25,0
UCk5mlvpbj8CZxD229CpiouA_2026-08-25,1
UCk5C4AR3uvmKwZYkIlSobbg_2026-08-25,0
UCkcaRxpTcisadUeCbHOYTFw_2026-08-25,1
UCs0LzOveQMLImmmTrMmP2sg_2026-08-25,0
UCkavlo6q2XfO_MA9Q24wRvw_2026-08-25,1
UCl402YYy7RcH7PBI3npmGPQ_2026-08-25,0
UCt15X5eHLwyP8PpNtQTkuDQ_2026-08-25,0
UCsRiYH-VrZ2mYsohk7GhLdQ_2026-08-25,0
UCt6Eo4xMTHhlOWg4_PAz_MA_2026-08-25,1
UCtRiSpvkhtRXaSjVjEB9LKg_2026-08-25,0
UCrD6viwK0DHbQuZSOZBbofg_2026-08-25,0
UCksGX0hODm1Ev6mysrToMqg_2026-08-25,0
UCV6mNrW8CrmWtcxWfQXy11g_2026-08-25,0
UCOTJtP0Z9DjpPU43B5m1V6A_2026-08-25,0
UCKttwyzsHvW7bCo7YfTacVQ_2026-08-25,0
UCK8iWEZupSV2pmDMxtwdAmA_2026-08-25,0
UCR1ctqL11HoxQkbSkoUAYeA_2026-08-25,1
UCQ5KMP03ifjJ8mDeyjWeZ7g_2026-08-25,0
UCRCK5FCJtomQT3b88jXI_DA_2026-08-25,0
UCRE-9quk3OT2OKgZFAgdN_g_2026-08-25,0
UCZ49HaU_D0Tlf1aDA2jU_Vg_2026-08-25,0
UC8aCmG_y4DqqVI9Xlcym1Jg_2026-08-25,1
UC59jWhPazXYi8Ny4vake45A_2026-08-25,0
UCSOeJWyByeoBHpmrm0NnlLw_2026-08-25,0
UCT-UsvGz4gm7lezXvCEex9A_2026-08-25,0
UCgT-gb3favw2jQgwxbbwwaA_2026-08-25,0
UCN8YcyYvYIrtLcwyT-KqbNg_2026-08-25,0
UC9nWoDbRAl3-fvreBNeStKQ_2026-08-25,0
UCAhmOb9JWkI2HV_KIe9X_3A_2026-08-25,1
UCTUnpbuKoOODvhLhCO_kO_A_2026-08-25,0
UCZ-B_El841ME7qGXvYinGmw_2026-08-25,1
UC9vI-9WYQLXKI6n9XdXXo3g_2026-08-25,0
UCAGUSx1hbPKDqzBZH7bTjiA_2026-08-25,0
UCB4gIGaPUiLtpPreFSf8fKQ_2026-08-25,0
UCNRnCc0hg3ZcKdOGXKKv5Ww_2026-08-25,1
UCPa8JSV9SPAjX7P2S-N5ssg_2026-08-25,0
UCS2OAdHoLt-9T6cG9A2H49Q_2026-08-25,0
UCSrQnB-Ip9hc0biFQ3HoKzg_2026-08-25,0
UCAVR6Q0YgYa8xwz8rdg9Mrg_2026-08-25,0
UCPpSXwAg3hkSpa85Ah-dpgA_2026-08-25,1
UCZHBZUrLKMoL6FxpvdRzhKA_2026-08-25,0
UC_9W6Z5Y3lDpLk47Y_y5ITQ_2026-08-25,0
UCPsZX-D7LW99PjZLA-UysPQ_2026-08-25,1
UCdF0eCyf5np3lPO4y1fJVdw_2026-08-25,0
UC_e83kYlGHWbsrr8QCfV_ag_2026-08-25,0
UC_8GOc5dWX2Kpb74_nQ7vSQ_2026-08-25,0
UCBidluUUxzT_5jVOI_2x2MQ_2026-08-25,0
UCdT2nXooUR-X_MdmbER25yQ_2026-08-25,0
UCb08r5yPoH-AqM7_XCL4Uhg_2026-08-25,0
UCcNdwtZ7ulFFxngmnzsWQNA_2026-08-25,0
UCcvKf8NxAw9i09hZw1MQPBQ_2026-08-25,0
UCbItyvYa6cqvqtwlU2E9-wA_2026-08-25,0
UCcdlIcleb4oIK6of1ugSJ7w_2026-08-25,0
UCbIQGH_oFu0yfTWNPyquvpw_2026-08-25,0
UCkvz_CZlthtVo7E2sGa43cg_2026-08-25,0
UCCiKOocVSjyb2rsbL_Aanhw_2026-08-25,0
UCFHUplScMiWTjJrtv4hxWmg_2026-08-25,0
UCF7IBIvHZ2be4Ufo8i0uHBw_2026-08-25,0
UCFVRXOqBeh8ynDdYWztewXg_2026-08-25,1
UClWTMxooQefOLUV0TRcJ1Eg_2026-08-25,0
UCmZeuRfHYowZhf6odtoaNdg_2026-08-25,0
UClvMduw1MDMQ0PuH753-XSA_2026-08-25,0
UCnCFD3met1Ip7OngdF9TRDg_2026-08-25,0
UCGVy07wZs8W-EpKAGchrmCQ_2026-08-25,0
UCFsJVl9V9fSIZA1uS3gMu-w_2026-08-25,0
UC7SIaeUWuuIrWTIOBpayDVQ_2026-08-25,0
UCbFLnCfOet-u_kFyA7uX-9Q_2026-08-25,0
UCHYMpkGhNIr8A0m2H3lIjUA_2026-08-25,0
UC78d2aaqdrt02RfmtRLmlAw_2026-08-25,1
UCCs1YZHxUTIbLZd-xrvvMCw_2026-08-25,0
UCpwGBltfwjd_fIzp5cb5R0w_2026-08-25,0
UCI3DTtB-a3fJPjKtQ5kYHfA_2026-08-25,0
UCIOY-akTwtohcU0QB5ksjaA_2026-08-25,0
UC9DNu8JRIcE-rpo9eBx1ffw_2026-08-25,0
UCp9skQ2mP_DfVL8c3gZQUzg_2026-08-25,1
UCg5-nd3qoNnz5dzkX-O0b8A_2026-08-25,0
UCqRz_-l3GCmWb92u8P33RYQ_2026-08-25,1
UCroIk85IFzp6OZzKoJFDKuA_2026-08-25,0
UCtVBI7YLJyDvrx7iWAukx_Q_2026-08-25,0
UCpTNtH8yc1Kdl_YFfsQsTYA_2026-08-25,0
UCqlcSsDNMYxEsem7bWY-66Q_2026-08-25,0
UCvfEv6nBnL0QlKqyGmL0orQ_2026-08-25,0
UC_m_uqd_9s0hZvlgfvCzqbQ_2026-08-25,0
UCZFGZ_LhwgiTxaJzJ0QGdFw_2026-08-25,0
UCOaUB8RzbLXB7QZtCmMO-8A_2026-08-25,0
UCdXpKf3aIenvWkMbF3EvcQg_2026-08-25,0
UCgWOZQvFZhGuqBCtjmee0XQ_2026-08-25,0
UC9bicYGdrx2YllCCg5H81Cw_2026-08-25,0
UCE8JC9RAVSudDT_8Ji1fuPQ_2026-08-25,0
UCD9tj7ATjYkyPyWXK_ewNXQ_2026-08-25,1
UC0FUMakBJHsRrfKCGQuWnRA_2026-08-25,0
UCVWAdUQGUiY2Kzh0JoB5PtQ_2026-08-25,0
UC-okJdotaXPlzivRzHFqzuA_2026-08-25,0
UCi_lv3g-CPdKF6nd68lvN3A_2026-08-25,0
UCU0-6z_KU9AShyR9J6gcFGw_2026-08-25,0
UCjOtzpfj5lF9erwTEQYkxtQ_2026-08-25,0
UCUPa-gJcbYG9Ql8b9H9FBbg_2026-08-25,0
UC-pobd8lZE33BSDz-iyHfJQ_2026-08-25,0
UCWVS5IJOkNnkKS5rjiAt9rw_2026-08-25,1
UCUR5w0E-jQTOO8Q0FZ4ilYQ_2026-08-25,0
UCX11f6rIVaoWGvFnKKyPBNQ_2026-08-25,0
UCXu_CcxBZA5S_iG33OzA9PQ_2026-08-25,1
UCVZ0SJNurJAv-6hV5VEGB2A_2026-08-25,0
UCYMXFMiaGBnZ08-wBHS2MPQ_2026-08-25,0
UCYM01qjjE_hmqFQAmOo-lNg_2026-08-25,1
UC2k1bSUZ4X02jMs_sTS9jiQ_2026-08-25,0
UCN5oT4zGJX-_H6pE5isAEeg_2026-08-25,0
UCNrQ0VbdprXAur6OZKexjEw_2026-08-25,0
UC0uQYROl6H_8-Lb2bFz6yyg_2026-08-25,1
UC2_VPutZK0o_tG8ca_QrQRA_2026-08-25,0
UC141BuVRzSSXJX33Am9yxEA_2026-08-25,0
UC0Zl_lyMoTbroBSNv7SpGuQ_2026-08-25,0
UC2U8C7lmbQpfBeAW8fTP_jg_2026-08-25,0
UCL_IvtOZo6sONpiydbzzHpA_2026-08-25,0
UCKYdD83f363lIzcAwwhB-_A_2026-08-25,0
UCNpcMizRJ73OJm48LszuytQ_2026-08-25,0
UC2ja61Zku_rw3ZBfDZi8cuQ_2026-08-25,0
UCJA6MZLzTeljmGNFaugdoWQ_2026-08-25,0
UCKC4R6B8bTLIKH1V9PyD7Iw_2026-08-25,1
UCJGww2K__Q3y-MtDi0XWH2w_2026-08-25,0
UCJN5mgLqkPCTVC5v-12gKjQ_2026-08-25,0
UCMF3M48BakI-ptofqoUqdAA_2026-08-25,0
UCIvLQ5lZ2kebqnLaGv_FP4w_2026-08-25,0
UCgjaQlejpAnIu0q-xtVfTEw_2026-08-25,0
UCi8fe6P0_tLeZ1r31wOydvw_2026-08-25,0
UChfs1dQ5phBDBWZJ1hHLbUA_2026-08-25,0
UCw1DsweY9b2AKGjV4kGJP1A_2026-08-25,0
UCdvY3MgO_BGrNbhbmxQC73Q_2026-08-25,1
UCeAsj1O73pcqd-xQ4AZbJeQ_2026-08-25,0
UCSGKRGHGqP8W11G-SxsMaOw_2026-08-25,0
UCos3GN2gX0wLcfuhOAiMotQ_2026-08-25,0
UCxVspLehsLr4bfqbJLFkS0w_2026-08-25,0
UCyz5WVrb-cz3myY04x_kVYw_2026-08-25,1
UCcoJiq6MyAqJeo3urxjDqrg_2026-08-25,1
UCyoKcrOcBEY4rmLYkDuXErA_2026-08-25,0
UC_Xb6sEXAdNv9nHU4988vmg_2026-08-25,0
UCFJAOgvqcc3fPqdu7fTl-zA_2026-08-25,0
UCFCt5RYu41HTg4eX1jdHNxw_2026-08-25,0
UCg5Ew4lj74r_ohbc4AeQj1w_2026-08-25,0
UCABvetlXpdOwFz10fCpJkwQ_2026-08-25,0
UC6LLMkdyses2ugPRNEXutMQ_2026-08-25,0
UCcsC1X0SyiWcxBTbnjoZ9Ag_2026-08-25,0
UC_Cp4dXpd94km5Syq2x-xig_2026-08-25,1
UCe0loHR-Vltq0GPHgYyzmrQ_2026-08-25,1
UCADf92tisOOh90hrZee4-LA_2026-08-25,0
UCeiQKedLZob9Cb797XfsrRw_2026-08-25,0
UCCoU5ViXgoK-_2neelNhQaA_2026-08-25,0
UCIxcZWLQpP-mUZC6_Uljc_Q_2026-08-25,0
UCWwbZhw5M-Q5dZtTK4nDWNw_2026-08-25,0
UCRLoyYlPR9ufzlbeI9lLDqg_2026-08-25,0
UC1dHu9GhbHH7RcHKyJdaOvA_2026-08-25,0
UCim7oePrB5hdfhcYwgUY6Jw_2026-08-25,0
UCWq9wRjQXYC8i486uVLysUA_2026-08-25,0
UCyaMGpNb-UiLHMY833ai7IQ_2026-08-25,0
UCz1Gc37nWsdF_jbJ_SvMl4g_2026-08-25,0
UCybn_0S0Ec6Il1ZhiQM1Vww_2026-08-25,0
UCMo4MnhHhSDkiUIXS6dytTQ_2026-08-25,0
UCyEIUlSKbzCt3ElAsPFb7EQ_2026-08-25,0
UCuaizlkqA5hZ_Dt3kAQkW3g_2026-08-25,0
UCk1NTIlGP27bQEumkw6sDVA_2026-08-25,0
UCkNUuK9EfixaK2HbJYZ5YrQ_2026-08-25,0
UCoIEwIHhW-1_roLnb5nK_UA_2026-08-25,1
UC9qwDE50UcXvdplRNZKEoPA_2026-08-25,0
UC5pdoCANExIVI4yf6DVoxew_2026-08-25,0
UCTbwgCCBrI-4XU8b5B0uGPg_2026-08-25,0
UCCTw9N950kEoELFv3dRcWJQ_2026-08-25,0
UC1q4Ihlv_YhLELw-ijE0Diw_2026-08-25,0
UCVqmxk6oNOHj9RFVo4uP_lw_2026-08-25,1
UCUae69frfqpKOB3BUMdX5Qw_2026-08-25,0
UC-Pn1i_ot4qmG4l7wMZPvyw_2026-08-25,1
UCXNh3eUHXEkL7h1w1KYQRKQ_2026-08-25,1
UCHJv9xBR9lkzGSIepie-T_A_2026-08-25,0
UC8E29ANOC3_OuB7_5EPY2xw_2026-08-25,0
UCIH7bdyhaJ0nD7jIcgqmQbQ_2026-08-25,0
UCq6bX1rAJqwt3LmYuHrDPqg_2026-08-25,1
UCTizVc_OD9jdhWZOnrQnUeQ_2026-08-25,0
UC-ntxe7eU_afJWEpcTNlVFA_2026-08-25,0
UC0vqyzJ-1l3AJl3IkKu0bhQ_2026-08-25,0
UCJNEIbzzpRl-l1iGdD2BxGg_2026-08-25,1
UCW_Ptq0v8ck67w9oKiwXz2g_2026-08-25,0
UCLbehOwlIi6QrfZNhC39t4Q_2026-08-25,0
UCKYqtXYbSqaEwBmX43Q13Tw_2026-08-25,1
UC-DpK48x4bltMjHHChZ4zBg_2026-08-25,0
UCOLDn9gw0yegXRgjoi5MzNQ_2026-08-25,0
UCTDBdmaY4m3ipZaLiYA6FWg_2026-08-25,0
UCaCFlaIQAmiU_mLnZq5E-tA_2026-08-25,0
UCRltQqhqu9nXMRLaX0f8Cow_2026-08-25,0
UCOwgg4IVhPQtq6qtxEeX3XA_2026-08-25,0
UChLqHuZV0PENIBYxDgXyPLQ_2026-08-25,1
UChfA8Yu8dk5k78UzaM6tsRw_2026-08-25,0
UCjiXXUsdl0F0aUkTbv8ZVTA_2026-08-25,1
UCah0w9n_eAyjUBG7eHbj8vw_2026-08-25,0
UCEGtfhdJiRgH98mVMEQZThQ_2026-08-25,0
UCElXDMEQqlUnuyDbChjARWQ_2026-08-25,0
UCqEoc6yuYRg5CFG4NIG8euQ_2026-08-25,0
UCqFmG6ofirSWvI9B8mwzvyA_2026-08-25,1
UCEebX3m88Arwc91LPmEmTYQ_2026-08-25,0
UCHZ9X2Nl3dq8ChEJgScmZCw_2026-08-25,0
UCG3uX-OwJ82T3L3EhC3GPXA_2026-08-25,1
UCtjlhCmFXYFXC4uqg1flTBg_2026-08-25,0
UCfHlKp8w7IxpObWnHJtYRnQ_2026-08-25,0
UCWZqSCSNZT3X8e_HyCJoXMg_2026-08-25,0
UCYGK33LxFlgh9QtmvCYMR3A_2026-08-25,0
UC0-ZCUCeCQBwKU15x0Aqk_g_2026-08-25,1
UCJZsABKjWUGbT0qf3MsXH8w_2026-08-25,1
UCyZtdaxIiGb4wp5AmkEMrwQ_2026-08-25,0
UCoqMTw0yGmjIjNayukuOg5Q_2026-08-25,0
UCLuDznROytXtnMSDwo5aGJQ_2026-08-25,0
UC1aBdmKvC6yAiq4xgPLOzKA_2026-08-25,0
UCsbo5VemDR505Etd5ZKnWNA_2026-08-25,0
UCuetAJhNx1unKTXo7e1c0xQ_2026-08-25,0
UCdtV_sB8WUWo-P_q3OwNfcw_2026-08-25,1
UCj5Y6sl23ln9PL6OiDTL7Gg_2026-08-25,0
UCNOj6xtKWCtPbjJV8XPlbLg_2026-08-25,0
UCs7mzshFv0PbUMUM0x1Waug_2026-08-25,0
UCkrJBQAut47U8xMUuv8D_3g_2026-08-25,0
UCPp6kLLWggTuACsQwFibg8A_2026-08-25,0
UCpnnUKmAQKgVinEV-lV-N2g_2026-08-25,0
UC4OsulKlyGi0wY5h9D4JjBw_2026-08-25,1
UC6NXJtCn3p-actkvBUlHwDA_2026-08-25,0
UCb3wpKfVlnPx2bym2Tivbzw_2026-08-25,0
UCxtZZzggcfOmsW99gYkxsNA_2026-08-25,0
UCrdRt77s53QWevhMYX-8UPg_2026-08-25,0
UCm1JuixwDoQEDi5RfcRuHJg_2026-08-25,0
UC0-sEWFXIymAxx0InClynUA_2026-08-25,0
UCop7QCLcdzTpcYZzMu1mFAg_2026-08-25,0
UCApYlKNymyHZ9dlOCImFVBg_2026-08-25,0
UC8IxyKkhu4YUYK_c76AdcDw_2026-08-25,0
UCbvvdVOF0teLO-U6GWh1RKg_2026-08-25,0
UCppLE7C1TC4ovrGbRoTzsmg_2026-08-25,0
UC6aF-skLT_1X6cdPJxVJXxQ_2026-08-25,0
UCXg-6b0X0sIMBDHhbyBuOQg_2026-08-25,0
UClHGjnruf4A9Us7CHVgLIEQ_2026-08-25,1
UC3kVT7zilzGf_7fIEkc4dDA_2026-08-25,0
UCAgZP6qUjcVjZsGWtW-l6lw_2026-08-25,0
UCjk9szhhsAO76PdH450mZNg_2026-08-25,0
UCd4PDK0JYfPf0DUeYZThguw_2026-08-25,0
UCm-Yd-aYSagMqVdMZSYiKLQ_2026-08-25,0
UCAZVLirygDNDfCNfyIVnTWA_2026-08-25,0
UCZX4g_FvyOfyTIKxbMfKfIg_2026-08-25,0
UCOKQpmfKrtu7Nu719CVSw1A_2026-08-25,0
UC-2JsFNClcIesgd7UmtGnpw_2026-08-25,0
UCijUV3SuVe_qErzBpdOmKIA_2026-08-25,0
UCETJ2rkwgeYb0OojPNh-DRw_2026-08-25,0
UCCrqkpYfyGX5UBFyPx6bqKA_2026-08-25,1
UCxPMcxq7WJ32M3lnFn58Cpg_2026-08-25,0
UCD7D_WRXbei_g6xXOZIhQnQ_2026-08-25,0
UClSuqiIAACDUJrH3gb4JcLQ_2026-08-25,0
UCNZiNM2pP6uhIlTQVS2Q5fA_2026-08-25,0
UCL3gnarNIeI_M0cFxjNYdAA_2026-08-25,0
