video_id,app_id,matched_alias,match_method,confidence
--0LsFjsPNs,271590,gta 5,title,0.85
-04xqnY2bbA,578080,배틀그라운드,title,0.85
-0gqp7AFBBg,1091500,사이버펑크,title,0.85
-0uCnYp6HIk,578080,배그,title,0.85
-3RDQRdQST8,1599340,로아,title,0.85
-4IRRkD8SvY,271590,gta 5,title,0.85
-4fwXwq_5pM,271590,gta 5,title,0.85
-7Ni0W5-e1s,271590,gta5,title,0.85
-7mwGIAwA6w,1623730,팰월드,title,0.85
-7ulfUPJ7J4,578080,배그,title,0.85
-BA2PDXOXbA,1794680,뱀서,title,0.85
-CES_Ox4gBs,271590,gta 5,title,0.85
-DF_B1XoMVc,578080,배그,title,0.85
U-SXq6yJ0TM,271590,gta 5,title,0.85
U0CNWrbPrZE,1290000,시티즌 슬리퍼,title,0.85
U0LmzVSnS0Q,578080,배그,title,0.85
U146KZyEwTY,578080,배그,title,0.85
U28E_0YvvVI,271590,gta5,title,0.85
U6NT6CAHG_I,271590,gta 5,title,0.85
U9g6RC7P8V8,1245620,엘든링,title,0.85
UAILZbMCZJ0,271590,gta 5,title,0.85
UCu5A_j4ido,271590,gta 5,title,0.85
UDX-1Ti7JBs,578080,배그,title,0.85
UESSqRX5Iho,271590,gta 5,title,0.85
UEjiRuwwVQE,578080,배그,title,0.85
UG_JUnao3Xk,1599340,로스트아크,title,0.85
UIDVcyaPEMw,578080,배그,title,0.85
UJf6JzA1y4I,578080,배그,title,0.85
kw1qLgUizQE,578080,배그,title,0.85
kwgZ7388ToE,271590,gta 5,title,0.85
kwypG6Bhc5s,578080,배틀그라운드,title,0.85
kyEz9KMwMz0,271590,gta5,title,0.85
l2v-mkvHrwo,271590,gta5,title,0.85
lBxDrJzjLt8,1599340,로스트아크,title,0.85
sSeDlRA4Z1U,578080,배그,title,0.85
sSxRxPW5eZ8,578080,배그,title,0.85
sTCx_2mHATI,578080,배그,title,0.85
sUuIH5fKA-k,578080,배그,title,0.85
sY5JqyQvJBQ,578080,배틀그라운드,title,0.85
sZjQ41YBc0s,578080,pubg,title,0.85
sbbLR40so6E,271590,gta 5,title,0.85
seHzRhaLjT0,1245620,elden ring,title,0.85
sfxYz8bc6qM,271590,gta 5,title,0.85
sjJEkHpfujE,1599340,로스트아크,title,0.85
sk5xJatXO00,271590,gta 5,title,0.85
skEzd1h6tqQ,578080,배그,title,0.85
Z0EvJS1VlW0,578080,배그,title,0.85
Z0_iMdZa0UE,271590,gta 5,title,0.85
Z4LGrvjL_t8,578080,배그,title,0.85
Z5ygE2qkM0M,1245620,elden ring,title,0.85
Z6VPLXyTzZo,271590,gta 5,title,0.85
Z8RiAOV4KeA,578080,pubg,title,0.85
Z9ksRYGUIpI,271590,gta 5,title,0.85
ZA5EmEYSvZg,578080,배그,title,0.85
ZBm3DAO4oCA,578080,배그,title,0.85
ZCFN5j4tRfc,271590,gta 5,title,0.85
ZCyLNx5kdLs,271590,gta5,title,0.85
ZHtJUZk9HFk,1599340,로스트아크,title,0.85
PmnrbWPpuLU,271590,gta 5,title,0.85
Pn8fGC_MM0Q,1599340,로스트아크,title,0.85
PnCrGHNx6oc,1245620,elden ring,title,0.85
PnI2u_965pE,271590,gta5,title,0.85
PnusjuyAZGU,1599340,로스트아크,title,0.85
Pr7lcr95yX8,1245620,엘든링,title,0.85
PwSOF7peOKQ,578080,배그,title,0.85
D-7TH4ytpNQ,1623730,팰월드,title,0.85
D0jTqCFNvZ8,1599340,로스트아크,title,0.85
D12Nxlz9XBE,578080,배그,title,0.85
D3-XjY1xP0I,578080,배그,title,0.85
D5y3pLMnQFA,1599340,로스트아크,title,0.85
cc_cj8lcHgU,271590,gta 5,title,0.85
cdFgfpNAegI,1623730,팰월드,title,0.85
ciQ1E45wHKM,271590,gta5,title,0.85
coCZF9AQDik,271590,gta 5,title,0.85
L99REoPZpZc,1599340,로스트아크,title,0.85
L9Qu60wVkoo,578080,배그,title,0.85
LC5U4wuNvxM,578080,배틀그라운드,title,0.85
LEcbLpCX91w,1245620,엘든링,title,0.85
LImzJQOFqtE,578080,배그,title,0.85
6gFXGzZYioA,271590,gta 5,title,0.85
6i_NChI-txc,271590,gta 5,title,0.85
6iu_gKW6eN4,271590,gta 5,title,0.85
6p5R6polBV8,252490,러스트,title,0.85
6rDeLJlSmHs,578080,배그,title,0.85
2tjpf77NiHk,1623730,palworld,title,0.85
2vsWa8UCfM0,578080,pubg,title,0.85
2wfK5UcnuQw,578080,배그,title,0.85
3-cadPmjemA,381210,데바데,title,0.85
32WqZ6psCl8,1599340,로스트아크,title,0.85
wQoxi-4HfWY,578080,배그,title,0.85
wQvd2_un_Kg,2358720,검은신화,title,0.85
wSrKOtaeLis,271590,gta5,title,0.85
wYYrjeGGHes,238960,poe,title,0.85
w_01aZ3Fmx4,578080,배그,title,0.85
wabOW47ftt4,381210,데바데,title,0.85
wd5uIwii2mo,1599340,로스트아크,title,0.85
wdWFl96sB6o,271590,gta 5,title,0.85
A--nZPoeSqE,271590,gta 5,title,0.85
A-0lxe5G_5E,578080,배틀그라운드,title,0.85
A-AFPIz-a0s,578080,배그,title,0.85
A4o-SdbiV90,271590,gta5,title,0.85
A5OhAQhLgSg,578080,배그,title,0.85
AAAQzSQ0xIU,1599340,로스트아크,title,0.85
AE9Eg4zNn_E,1599340,로스트아크,title,0.85
AEzPFru1k4g,1245620,elden ring,title,0.85
AIsbAMckXrQ,1091500,사이버펑크,title,0.85
AJ0mUk_Oeh4,271590,gta 5,title,0.85
AJ1KbyrwDS0,2358720,오공,title,0.85
AKo8pu625nw,578080,배그,title,0.85
AL1cIW2KA1k,578080,배그,title,0.85
ALm1uJ5bBZU,578080,배그,title,0.85
AMObS_MKdBc,1623730,팰월드,title,0.85
AMwWaUFhhoo,271590,gta5,title,0.85
gHRWKV3UJZI,1599340,로스트아크,title,0.85
gIP-Uxwiyso,271590,gta 5,title,0.85
gIoHcREsRco,271590,gta5,title,0.85
gKlZbQ18ZiQ,1623730,팰월드,title,0.85
gLs9rKh_Fog,271590,gta5,title,0.85
gNKWUQWImxw,271590,gta5,title,0.85
gNzqw-7SOig,271590,gta5,title,0.85
gREtph8hjzo,578080,배그,title,0.85
gRM6yyO-tkQ,1599340,로스트아크,title,0.85
gT4ZDKEhYZI,578080,배그,title,0.85
gUrs74l_NZE,1599340,로스트아크,title,0.85
gVKrvXULks8,1599340,로스트아크,title,0.85
gWH75mp5gfU,271590,gta 5,title,0.85
gWZ8yGhqrpM,1245620,elden ring,title,0.85
gXwuGXWxJ9Y,271590,gta 5,title,0.85
ohm98cTiPHI,271590,gta5,title,0.85
okLD_d-tJng,271590,gta5,title,0.85
omQ0u2HiH0g,1599340,로스트아크,title,0.85
opHDj7gIKTk,1599340,로스트아크,title,0.85
orvobVSbuCM,578080,배그,title,0.85
otlxpMcgUqE,271590,gta5,title,0.85
H-coItDD0JM,271590,gta 5,title,0.85
H-pl_Cvi9e8,578080,pubg,title,0.85
H10shdcSFeg,271590,gta 5,title,0.85
H2MnsNAeXsI,1599340,로아,title,0.85
H2vux5tKWWY,578080,배그,title,0.85
H2xRrEKZIe8,1599340,로스트아크,title,0.85
H3OEOzmbC4E,271590,gta 5,title,0.85
H5A_5SUMi9w,271590,gta 5,title,0.85
H71eySMNITA,1623730,팰월드,title,0.85
HB_goZsHujw,578080,배그,title,0.85
HENgijGuWbo,578080,pubg,title,0.85
HFCD0meWAbQ,1599340,로스트아크,title,0.85
N_FZTnK3KBQ,271590,gta 5,title,0.85
N_s-mlX4wY0,271590,gta5,title,0.85
NdVzd51MHzk,271590,gta 5,title,0.85
Nk7DhcmyXy4,1245620,elden ring,title,0.85
NmF9VgeX8OE,271590,gta 5,title,0.85
Nn4BXi7P3pw,1599340,로스트아크,title,0.85
Nq_9RXSoNXA,271590,gta 5,title,0.85
WTUGmbXs700,1599340,로스트아크,title,0.85
WUZvUDMV240,578080,배그,title,0.85
WXWzY7r7sVY,271590,gta 5,title,0.85
WYnNi5i8K3Q,271590,gta 5,title,0.85
WZoRc4nDLZ0,271590,gta 5,title,0.85
W_IVipmCgH4,271590,gta5,title,0.85
Wb7ojOlSAOc,578080,배틀그라운드,title,0.85
Wg160ZvN1c8,1599340,로아,title,0.85
WgLqe9iVb34,271590,gta 5,title,0.85
Wi15ZIJTv0A,578080,pubg,title,0.85
Wj0cJ8g8Wqo,1599340,로스트아크,title,0.85
Wj3Uw-oDfgw,381210,데바데,title,0.85
S37maBJ_TYg,578080,배그,title,0.85
S4FRayDEBtE,578080,배틀그라운드,title,0.85
S8Z3N76busQ,1599340,로스트아크,title,0.85
S8r-crinU_Q,578080,배그,title,0.85
S9VMOTfc9gQ,271590,gta5,title,0.85
S9qM9y1LyXo,1623730,팰월드,title,0.85
SDqspfkxtSE,271590,gta5,title,0.85
SEeSTv14_78,1623730,팰월드,title,0.85
aQ2DPFx_yh4,578080,배그,title,0.85
aUQW49azUlA,271590,gta5,title,0.85
aXRQ4kakZYI,1599340,로스트아크,title,0.85
aX_9Zb5cX1A,1599340,로스트아크,title,0.85
aXpoA5soAzs,1290000,시티즌 슬리퍼,title,0.85
aZeagFqOwJ0,1599340,로스트아크,title,0.85
aaj1-Lo4TUw,1623730,팰월드,title,0.85
abyaXrwyESI,1623730,팰월드,title,0.85
afUOTrTrS9E,578080,배그,title,0.85
ibU1Ghl3U2s,271590,gta5,title,0.85
idMpGX8zGGo,271590,gta 5,title,0.85
idi9EEGC5E4,578080,배그,title,0.85
ieObPtTy1PQ,578080,배그,title,0.85
iej9oFIs9dQ,271590,gta5,title,0.85
iez84zIi_Ck,271590,gta5,title,0.85
ihRompHxxG8,1623730,팰월드,title,0.85
ih_LOAprfw4,271590,gta5,title,0.85
ihafthmK69s,578080,배그,title,0.85
iie0pPL4OIY,1290000,시티즌 슬리퍼,title,0.85
im522Mex0pg,271590,gta v,title,0.85
iseRk6dGMcE,271590,gta 5,title,0.85
F40IACovXLs,578080,배그,title,0.85
F69Qr-u3H08,1599340,로스트아크,title,0.85
F8g-AOMDKgE,1599340,로스트아크,title,0.85
F8vs-x_Lx2o,271590,gta5,title,0.85
F9_sj8bJbyE,578080,배그,title,0.85
F9eLhmOqNrU,578080,배틀그라운드,title,0.85
FCSP0zd84TY,578080,pubg,title,0.85
FCXqCA5Fk5M,1599340,로아,title,0.85
FJhMKsfDb4w,271590,gta v,title,0.85
ugABltWStbg,271590,gta5,title,0.85
uiMmsMLT94A,578080,배그,title,0.85
ukWpozbbJEc,1599340,로스트아크,title,0.85
updC5K4Sr60,1245620,elden ring,title,0.85
uq0GAMlY4lE,578080,배그,title,0.85
mrRxOub_zWA,578080,배그,title,0.85
msZ7cSLBZmU,271590,gta5,title,0.85
my8TP3yrkCo,238960,poe,title,0.85
n-bzWoeS_LE,238960,패스오브엑자일,title,0.85
n1GvYusD4sY,578080,pubg,title,0.85
0qJyjqfuyo0,1599340,로스트아크,title,0.85
0t0RsrMeu24,578080,배틀그라운드,title,0.85
0tCnLtllkVQ,1599340,로스트아크,title,0.85
0tcedD43j2g,578080,배그,title,0.85
0xDu9HztQe0,578080,배그,title,0.85
0zehXXJ0OCE,1599340,로스트아크,title,0.85
12Ptx_6691s,1599340,로스트아크,title,0.85
ebSG-39ZDC8,578080,배그,title,0.85
ejxR3JqwUtI,271590,gta 5,title,0.85
elAvqNWrG4U,578080,배그,title,0.85
enIWErG7700,578080,배그,title,0.85
endvwVy2Lhg,271590,gta 5,title,0.85
engUH2js1co,271590,gta 5,title,0.85
8VdBTS6-0FY,1599340,로스트아크,title,0.85
8bhp16HGrgo,1245620,엘든링,title,0.85
BUcWhTCrm5w,271590,gta 5,title,0.85
BV6l-HnCpgk,1599340,로스트아크,title,0.85
BW0q078Y0hc,271590,gta 5,title,0.85
BZ9Y0wHBxwI,271590,gta 5,title,0.85
BZAiM21uuSY,578080,배그,title,0.85
B_e6FCYQdmo,1599340,로스트아크,title,0.85
XkHQQcaUyok,1599340,로스트아크,title,0.85
XlJfNyzBsTw,1245620,엘든링,title,0.85
XoNQssHU6IA,1599340,로스트아크,title,0.85
Xolxtj7SQ8I,578080,배그,title,0.85
XsW3moYSyiA,578080,배그,title,0.85
XtT8Rdzf8_c,1599340,로아,title,0.85
XxSFOEdJ72Q,271590,gta v,title,0.85
Xxl9yH69IH4,1623730,팰월드,title,0.85
Y1Jm1QA8QxU,1245620,엘든링,title,0.85
Y35PTSf1FjM,271590,gta 5,title,0.85
Y52WelWew3g,1245620,elden ring,title,0.85
yJvqHNt8VWU,1623730,팰월드,title,0.85
yPGY9Emnv-0,578080,배틀그라운드,title,0.85
yQsz5pSfvbs,578080,배그,title,0.85
yRVabZe6s9Q,1599340,로스트아크,title,0.85
yRhADGMeBPE,578080,배그,title,0.85
yShXvFcerHI,1091500,사이버펑크,title,0.85
yXY3r_epi3M,1599340,로스트아크,title,0.85
J-h4_senmZo,1245620,elden ring,title,0.85
J0poSzW7asA,271590,gta 5,title,0.85
J3dIXySsLCU,1599340,로스트아크,title,0.85
J4s0r85yjeU,578080,배그,title,0.85
J9ECVkXvEmA,1599340,로스트아크,title,0.85
J9OBMKfmCGM,271590,gta5,title,0.85
4kKQphknDMk,271590,gta 5,title,0.85
4kOwKLmKQaE,1245620,elden ring,title,0.85
4lCFiBpcFYk,1245620,elden ring,title,0.85
4lv447mJsgQ,1599340,로스트아크,title,0.85
4obE7ohLCVY,1599340,로스트아크,title,0.85
4opWkRgvct8,1599340,로스트아크,title,0.85
4weMNco2J3M,271590,gta5,title,0.85
VEYchafq7OQ,271590,gta 5,title,0.85
VGvqXNUZiMM,271590,gta 5,title,0.85
VK5ZzWP3-mA,578080,배그,title,0.85
VMdM_kUBwqc,578080,배틀그라운드,title,0.85
VNec0dxuCp4,1599340,로스트아크,title,0.85
VOcWlEGaqik,271590,gta5,title,0.85
VOqlRHb7HGk,271590,그타,title,0.85
VRjnxf2L3_A,578080,배틀그라운드,title,0.85
VSO6FyoO-VM,1623730,팰월드,title,0.85
VUCqCAllzOk,1599340,로스트아크,title,0.85
VWD5mu35GUw,1599340,로스트아크,title,0.85
VWSZ4Mk0LL8,271590,gta 5,title,0.85
VXJtd9MVBEY,1599340,로스트아크,title,0.85
VXh71kr9gXI,1623730,팰월드,title,0.85
qa1WlVhbaJw,1599340,로스트아크,title,0.85
qbPzR135fok,271590,gta 5,title,0.85
qbSz00eh_as,1245620,elden ring,title,0.85
qefQ1Neics8,1599340,로아,title,0.85
qkFkVd3wVDA,1599340,로스트아크,title,0.85
ql8Rrg00x3Y,1599340,로스트아크,title,0.85
qn21yfQeO2w,2358720,검은 신화,title,0.85
tX2dfKtIyco,1599340,로스트아크,title,0.85
tXA6cfzF82k,271590,gta 5,title,0.85
tXCMYcRP1-I,271590,gta 5,title,0.85
tYlVPhkvLEE,578080,배그,title,0.85
tZ7ruuUnVqk,271590,gta 5,title,0.85
tiT0MJHxvdM,271590,gta 5,title,0.85
tjLQG7a1cME,1599340,로스트아크,title,0.85
tjTVQa5Vq08,271590,gta 5,title,0.85
tkfhXgTfdRk,1623730,팰월드,title,0.85
jr3ZIv9f73Q,1245620,엘든링,title,0.85
jrvhKk_wmmU,271590,gta5,title,0.85
jvdRpUst6jg,1599340,로스트아크,title,0.85
jzRTV_INSqw,271590,gta 5,title,0.85
k-qzKnINE50,271590,gta 5,title,0.85
k0LH6AoKi_s,1599340,로스트아크,title,0.85
k2BUmF4zaFM,271590,gta 5,title,0.85
k2fR5yv06W0,271590,gta 5,title,0.85
_CYfDNFOi_U,1599340,로스트아크,title,0.85
_CwodWXN6o8,1599340,로스트아크,title,0.85
_KF3Q6XYGKw,1599340,로스트아크,title,0.85
_M5B1OJnx9o,578080,배그,title,0.85
_MHO2xY2gac,271590,gta 5,title,0.85
_O3JdnU-F5k,1599340,로스트아크,title,0.85
_QqV_vBXw4M,1623730,팰월드,title,0.85
MIM4vmUyTtk,578080,배그,title,0.85
ML-T5BYZj_M,578080,pubg,title,0.85
MMjRTXVPTeU,271590,gta 5,title,0.85
MMlpZ5upAKw,578080,배그,title,0.85
MNQ7J0vIGv4,578080,배그,title,0.85
MOMmgcKJj9I,271590,gta 5,title,0.85
MOxLWyI-FXw,271590,gta5,title,0.85
MPaLStJU3E4,271590,gta v,title,0.85
MRyuCGa3FxA,271590,gta 5,title,0.85
MTg4W27L94I,578080,배그,title,0.85
MUDSgi24qxU,271590,gta 5,title,0.85
MV53WgfX-rk,1599340,로스트아크,title,0.85
OjjXRYunRTE,1245620,엘든링,title,0.85
OjmHEPXN-vg,271590,gta 5,title,0.85
OlQBIAQ-e1A,271590,gta5,title,0.85
OlTLdd7_ivw,578080,pubg,title,0.85
OmREti9P248,271590,gta 5,title,0.85
OneSidMK6ww,1599340,로아,title,0.85
Or9e8jk9yOg,1599340,로스트아크,title,0.85
Osg7He2kzyM,413150,스타듀밸리,title,0.85
Ot4bfK_0_x0,578080,배그,title,0.85
OxtFnRCXS34,578080,배그,title,0.85
OzZDlLitDV0,578080,배그,title,0.85
hRZBBQzEY8o,578080,pubg,title,0.85
hSGXDReUKu4,271590,gta 5,title,0.85
hSVrIEEaUlk,578080,배그,title,0.85
hTW2dAvST4U,271590,gta 5,title,0.85
hXYTIGQhVKg,271590,gta 5,title,0.85
h__ickLVKwY,271590,gta 5,title,0.85
haJsX8ISYp8,578080,배그,title,0.85
hbn7KdeWavA,105600,테라리아,title,0.85
hdhdyNs3f8w,578080,배그,title,0.85
hdwMdYrg59A,578080,배그,title,0.85
E3lxAi7a60c,413150,스타듀밸리,title,0.85
E40iJHkbZ4g,238960,poe,title,0.85
EDWKk7iL0Zs,271590,gta5,title,0.85
EE7vaGM5HH0,271590,gta5,title,0.85
EEnO55AhnLU,1599340,로스트아크,title,0.85
EG8gRywVx1g,271590,gta 5,title,0.85
QvugmzcdeCo,271590,gta5,title,0.85
R0QD-HE2ewc,578080,배틀그라운드,title,0.85
R3dGZHQdWeM,1245620,elden ring,title,0.85
R4mTZdeiUhk,1245620,엘든링,title,0.85
R5dXHj62Edg,271590,gta 5,title,0.85
R6BZogz87X0,271590,gta 5,title,0.85
R6cQp1VzqBA,578080,배그,title,0.85
R717cFQL268,1245620,엘든링,title,0.85
T428HAgkEMI,1623730,팰월드,title,0.85
T4AKvnhfJbk,1794680,뱀서,title,0.85
T69ufjn9x3E,578080,배틀그라운드,title,0.85
T6EZbMSuy3U,271590,gta 5,title,0.85
T6Mq8VNq3u8,1599340,로스트아크,title,0.85
TCCtXZq1xgE,1245620,elden ring,title,0.85
TEZHOR7ZfeM,578080,배그,title,0.85
TH-WlxjzPJk,578080,배그,title,0.85
TI-qLtOsMxk,1245620,엘든링,title,0.85
dbOkvxmlUrg,271590,gta 5,title,0.85
dcCUVwAUsb0,578080,pubg,title,0.85
dcIkXS6548A,271590,gta5,title,0.85
ddXIeSD-w_4,1245620,elden ring,title,0.85
dgBGkbMxotE,271590,gta 5,title,0.85
dhus5JFhabg,271590,gta 5,title,0.85
djjoqcvwe2s,1599340,로스트아크,title,0.85
dl9bxioaknk,271590,gta 5,title,0.85
dogpTQSuh0k,271590,gta5,title,0.85
dqdFpvIc1PY,578080,배틀그라운드,title,0.85
dqzh28QxOFA,1623730,팰월드,title,0.85
1r4KLLipYv4,271590,gta 5,title,0.85
1raA3xGCpl4,271590,gta5,title,0.85
1wYaRT1cvAA,271590,gta 5,title,0.85
1xo2nbT_zx0,271590,gta v,title,0.85
21yRor_NP0c,578080,배그,title,0.85
K88uxSHZfiI,105600,테라리아,title,0.85
K9w4EH0XT7s,578080,배그,title,0.85
lyz-kudmt4Y,271590,gta 5,title,0.85
lzYO0IdyoBI,1599340,로스트아크,title,0.85
m0MQmvkf_mE,1599340,로아,title,0.85
m0R5X66gVN0,578080,배그,title,0.85
m2fW33qm3AE,578080,배틀그라운드,title,0.85
m3Kwd5FHB60,578080,배그,title,0.85
m4ossJCGDec,1599340,로아,title,0.85
m6Cfkr-taMQ,578080,배그,title,0.85
m7rktvBXEg0,1599340,로스트아크,title,0.85
mA9AL9_h7nw,1599340,로스트아크,title,0.85
mADvLAMPiAA,578080,배그,title,0.85
fWCvFV1pb4s,578080,배그,title,0.85
fY-F0V-zGt4,271590,gta5,title,0.85
fYSupCWPdq0,271590,gta 5,title,0.85
f_IVn_KfWJA,578080,배그,title,0.85
fcMNJWccxTU,271590,gta5,title,0.85
fdQ3Cu7gNpw,1599340,로스트아크,title,0.85
bgIH3OwF3eY,578080,배그,title,0.85
bghr9RhQq9A,578080,배틀그라운드,title,0.85
bgjN5ZVBKPc,1623730,팰월드,title,0.85
bhbKZN5x68M,271590,gta 5,title,0.85
bjl4wTEeUiA,1599340,로스트아크,title,0.85
bnYTdUvpLvA,271590,gta5,title,0.85
botffkIYJAo,578080,배그,title,0.85
bpZXMkNC8ug,1245620,elden ring,title,0.85
veB4mcbU9cM,578080,배그,title,0.85
veOpuF6ryfo,271590,gta5,title,0.85
velu2-HtsKQ,1599340,로스트아크,title,0.85
vfVZHx5EObc,271590,gta 5,title,0.85
vihXZkFxc2M,578080,배그,title,0.85
vkxYKMS52Sw,271590,gta 5,title,0.85
vlZou4G2qPM,271590,gta 5,title,0.85
-zOnVGyJZEo,271590,gta 5,title,0.85
00-jmDmFCr4,271590,gta 5,title,0.85
01MSbIguAhE,578080,배그,title,0.85
I2SPGTu5gec,1599340,로스트아크,title,0.85
I4YB4lmHQCM,578080,배그,title,0.85
I5eRtgjtLOc,578080,배그,title,0.85
I7HsWqNfcgk,1174180,레데리,title,0.85
IA0p8jGiz0Q,1599340,로스트아크,title,0.85
IAIJqoaILXw,271590,gta5,title,0.85
pa6QiAaP2z8,1599340,로스트아크,title,0.85
pa9AHjRQVaI,271590,gta5,title,0.85
pe1xzrz5RdE,271590,gta 5,title,0.85
pfHGbRB3Qpo,271590,gta 5,title,0.85
pg8NbeywwMI,271590,gta5,title,0.85
pgrQ2NXfB6U,1245620,elden ring,title,0.85
pjHJGHw5hfM,1245620,엘든링,title,0.85
pkNNoAmxeHI,1599340,로스트아크,title,0.85
plDC_I3lVO4,1599340,로스트아크,title,0.85
xPjHJQuxDu0,1599340,로스트아크,title,0.85
xPvqiDY6Szg,1599340,로스트아크,title,0.85
xRS01DjNc2Y,1599340,로스트아크,title,0.85
xTdG6Guxp9c,271590,gta 5,title,0.85
xU44-uAF7vg,578080,배그,title,0.85
xW2hfRuRpfg,1599340,로스트아크,title,0.85
xYRwjsXZ2gI,381210,데바데,title,0.85
xZa5fv_5eeI,1599340,로스트아크,title,0.85
xahsh6qI9Ks,105600,테라리아,title,0.85
xbnmAGVnaNk,578080,배그,title,0.85
5j6gIV_tW-A,1599340,로스트아크,title,0.85
5jN2y8rgPsM,578080,배틀그라운드,title,0.85
5jtBjCwS9k8,271590,gta 5,title,0.85
5jvBp1mb9Tk,1245620,elden ring,title,0.85
5vlgFwM5U40,1599340,로스트아크,title,0.85
nl3z2EpXtpE,271590,gta 5,title,0.85
nm5zKX0YGfg,1599340,로아,title,0.85
nm5zKX0YGfg,1623730,팰월드,title,0.85
nnzLD_6O-bM,271590,gta 5,title,0.85
noSo5T89sfk,1599340,로스트아크,title,0.85
noiX7erw6AM,271590,gta 5,title,0.85
npEiq_uGFXk,1623730,팰월드,title,0.85
nqH8lH55Gsk,1599340,로아,title,0.85
nqgylaqCbls,1599340,로스트아크,title,0.85
nqzQH_nrWwA,1599340,로스트아크,title,0.85
nra8kqsO1W8,271590,gta 5,title,0.85
nryn5RViu80,1599340,로스트아크,title,0.85
nupAQuo_i7M,1599340,로스트아크,title,0.85
rXQdu6f4geI,1245620,엘든링,title,0.85
rXT6_gmXH0Y,1623730,팰월드,title,0.85
rY4VSKracbw,271590,gta 5,title,0.85
rZn_hscWurM,578080,배그,title,0.85
rcBYfVItJBc,271590,gta5,title,0.85
rceqyOarq68,105600,테라리아,title,0.85
rdAL_2z7Ye8,1599340,로스트아크,title,0.85
ri-phgzERZs,1599340,로스트아크,title,0.85
riN9M11Ywnw,271590,gta 5,title,0.85
G7iDtVhl6Ck,578080,배그,title,0.85
G9An8w8eY9E,271590,gta 5,title,0.85
GAE3B2lGaY0,1599340,로스트아크,title,0.85
GE4CKRFoyyg,271590,gta5,title,0.85
GHlK4X4_u3M,271590,gta5,title,0.85
GJtxrTDjINE,1623730,palworld,title,0.85
7axm5Wz5nJw,578080,배그,title,0.85
7dJ5Pxb3YGY,1245620,elden ring,title,0.85
7gGvcboip3g,578080,pubg,title,0.85
7gfZynLm7wc,1599340,로스트아크,title,0.85
7hNP2jhAbok,1245620,elden ring,title,0.85
7it0Re8jmDo,271590,gta 5,title,0.85
7j08nQ3zY-4,1245620,elden ring,title,0.85
7jiOlFYH5hs,271590,gta 5,title,0.85
7jmrAp-qkNY,578080,배그,title,0.85
7jqRBLzS4q0,271590,gta 5,title,0.85
zGcnnaeikjU,271590,gta5,title,0.85
zLmVUSyPWaU,1599340,로스트아크,title,0.85
zMIJN2Y6p8c,271590,gta5,title,0.85
zNNmRzTiAmM,578080,배그,title,0.85
zR2iyxLDO4w,271590,gta 5,title,0.85
zTkV4tI_1_A,271590,gta5,title,0.85
9G-nwwIKGGk,271590,gta5,title,0.85
9HbKACovhOM,271590,gta 5,title,0.85
9JYGpyOL9ng,1245620,elden ring,title,0.85
9MexqaVRji4,1599340,로스트아크,title,0.85
9NgXd1i0etU,1623730,팰월드,title,0.85
9TmxSWrkfq4,271590,gta5,title,0.85
9UdFzzeOJTc,578080,배그,title,0.85
9VhEKPVExvM,271590,gta5,title,0.85
9XUwjXf7cZk,271590,gta 5,title,0.85
9_0Y0zad0lc,1599340,로스트아크,title,0.85
9_GFhEd2fnA,271590,gta 5,title,0.85
9aNx3qFF9_s,271590,gta 5,title,0.85
Ai0V4kyaocM,271590,gta 5,title,0.85
Am7a6uhFINQ,271590,gta 5,title,0.85
Awi8uuVfh6Q,578080,배그,title,0.85
AxLdwfmNxcI,1599340,로스트아크,title,0.85
Ay9nwsdYajo,578080,배그,title,0.85
B-1WpFDUye8,578080,배그,title,0.85
B-AtUDyOn4U,271590,gta 5,title,0.85
B-itljQjVMA,1599340,로스트아크,title,0.85
B-sMkKHx8yE,578080,배그,title,0.85
CF9eZg8DQjQ,271590,gta 5,title,0.85
CJFRPdVEKT0,1599340,로스트아크,title,0.85
CQ3wHqmH0ho,578080,배그,title,0.85
CQ58guckeug,1245620,elden ring,title,0.85
CQGIB2OcB4c,578080,배그,title,0.85
CQbwSRTsT0c,271590,gta 5,title,0.85
CWoAjyNiuTI,578080,배틀그라운드,title,0.85
CYQxP8l_KNI,271590,gta5,title,0.85
CZgQ4W2BOH0,271590,gta 5,title,0.85
3lkNuEWu5QQ,105600,테라리아,title,0.85
3mUrsAAf6S0,271590,gta 5,title,0.85
3p7PGYLbfwQ,1599340,로스트아크,title,0.85
3pnlJo00CNo,271590,gta5,title,0.85
N-9Cn0_sZ0s,271590,gta5,title,0.85
N15eeEofHmg,1599340,로아,title,0.85
N2gTiajps0Y,1599340,로아,title,0.85
N2gTiajps0Y,1623730,팰월드,title,0.85
N47IXfrwRJQ,1245620,elden ring,title,0.85
N678RgiOYDU,1599340,로스트아크,title,0.85
NBJl0tWJtnA,1599340,로스트아크,title,0.85
NBhg5P1W2Lg,271590,gta 5,title,0.85
NDDHmGw9i4A,578080,배그,title,0.85
NEOZemDu0eQ,271590,gta5,title,0.85
NFBV_7_9b1c,271590,gta5,title,0.85
NFJ9i1JnFuk,1599340,로아,title,0.85
NFZjDIZdp6Q,1245620,elden ring,title,0.85
NFnEQPWWMhI,271590,gta 5,title,0.85
NG6uOWGSMt0,1245620,엘든링,title,0.85
_pENuh9-kjk,271590,gta 5,title,0.85
_rTdc0olqnQ,271590,gta5,title,0.85
_tP69rNWGfA,1623730,팰월드,title,0.85
_ucLP6dMV2Y,578080,배그,title,0.85
_ul8nqF8Auk,578080,배틀그라운드,title,0.85
_xt0zz3myLU,1245620,엘든링,title,0.85
a-dq89C7Y9s,1245620,엘든링,title,0.85
a0SCMWSu6q4,271590,gta 5,title,0.85
a1T_Ww4xxGI,1599340,로스트아크,title,0.85
a1lkSbpaRoc,271590,gta 5,title,0.85
VqSyrjnxVxc,238960,패스오브엑자일,title,0.85
Vr0CBOWAl9M,1599340,로스트아크,title,0.85
Vr0CBOWAl9M,1623730,팰월드,title,0.85
VtQ4EcIZhqs,271590,gta 5,title,0.85
Vv3T4onKuG8,578080,배그,title,0.85
Vv_x1AK_9V0,578080,배그,title,0.85
VwvE5c3FlGY,578080,배그,title,0.85
VxeW35B0LVs,578080,배그,title,0.85
W-jPh2zvCg0,1599340,로스트아크,title,0.85
W7Vrl6rRtsM,578080,배그,title,0.85
W7o7eIS9QFc,578080,배그,title,0.85
W9K4DIbFUA8,1794680,뱀서,title,0.85
UeMT7HBCEKw,271590,gta 5,title,0.85
UfT74AQEIHo,1623730,팰월드,title,0.85
UfhRUqUzi1k,271590,gta 5,title,0.85
Ug-D_RvAEek,1245620,엘든링,title,0.85
UkE0JTCO2bw,271590,gta5,title,0.85
UkMUmu19VlM,1599340,로스트아크,title,0.85
Uqzd11rWpOE,578080,배그,title,0.85
UsCQ3Vd5FZs,578080,배그,title,0.85
UsbxnT9Q3vw,578080,배그,title,0.85
Uto3-cDLjpA,1245620,엘든링,title,0.85
UtweJcaujeY,1599340,로아,title,0.85
Uu-wGRhZ6LE,271590,gta v,title,0.85
UupyF1EvofQ,271590,gta5,title,0.85
Ld1TO8AUKWY,271590,gta 5,title,0.85
Lg0wH0NyIJE,271590,gta 5,title,0.85
LgShanUPJFk,1623730,팰월드,title,0.85
Li2r0hY1Bmg,578080,배그,title,0.85
LiIKgftNyC0,1599340,로스트아크,title,0.85
LkyyWRvFs3g,271590,gta 5,title,0.85
LpjRgr5AWug,271590,gta 5,title,0.85
Lq0rdm-OB8c,578080,배그,title,0.85
Lqk5zOGTJ1g,271590,gta 5,title,0.85
Lv7YZ1-0hwY,1623730,팰월드,title,0.85
XB6ZzLgrn5E,1599340,로스트아크,title,0.85
XC7-6Wr34bs,238960,poe,title,0.85
XGCT_GULohc,271590,gta 5,title,0.85
XGgA6ZQbMmo,252490,러스트,title,0.85
XH0k25pVqGY,271590,gta5,title,0.85
XH7e0Q7A8zY,1599340,로스트아크,title,0.85
XJKAdQbxc2A,1599340,로스트아크,title,0.85
XLzCcs_PLqg,578080,pubg,title,0.85
XNTkXQtz87k,578080,배그,title,0.85
XP57tQzPlcw,271590,gta5,title,0.85
XRd8_LVBfQo,578080,배그,title,0.85
XScDstCP38E,578080,배그,title,0.85
YQQFEUVMZxE,271590,gta5,title,0.85
YR_V2J63LOI,1599340,로아,title,0.85
YU6l8gxETvo,578080,배그,title,0.85
YWUqawmSmOo,578080,배그,title,0.85
YYkuvYaoXK8,271590,gta 5,title,0.85
YZSTnsO4I7w,578080,배그,title,0.85
Y_6EQZCkHWg,578080,배그,title,0.85
YaJkbkCd-Mo,1245620,엘든링,title,0.85
Ybpo1S9Qw4w,271590,gta5,title,0.85
Ycr1Von59XY,1599340,로스트아크,title,0.85
Yd0OnZDrU_U,271590,gta 5,title,0.85
YfWmsGIP0fo,578080,배그,title,0.85
EY2MJoIaolg,578080,배그,title,0.85
E_-stQBwA7o,271590,gta 5,title,0.85
Ea5QacUgYT8,271590,gta v,title,0.85
Ed0CPR2gPZY,578080,배그,title,0.85
Ed4XVs_kqYs,1091500,사이버펑크,title,0.85
Egh3UJOxeCc,578080,배그,title,0.85
EiQ_Q3wvmP8,578080,배그,title,0.85
EjI9uDmqGKw,271590,gta 5,title,0.85
EmpQwqNPD8w,1599340,로스트아크,title,0.85
PNhXMgcvbp8,271590,gta5,title,0.85
PP5fZVm3wp4,271590,gta5,title,0.85
PPEXG_EgA0Y,1245620,elden ring,title,0.85
PPz1PRwhngU,1599340,로스트아크,title,0.85
PQgnwzLVGsw,271590,gta 5,title,0.85
PSDE70DNVNs,238960,패스오브엑자일,title,0.85
PSNuanmUsCo,271590,gta 5,title,0.85
PTIl3KMnXvU,271590,gta5,title,0.85
j91FEYIipwc,578080,pubg,title,0.85
jDMv_ORwlks,271590,gta5,title,0.85
jEn8aKox7FU,1599340,로스트아크,title,0.85
jG6doHtn6e0,1245620,elden ring,title,0.85
jH3ueltDLYg,271590,gta5,title,0.85
jJIvDKSLJWM,1599340,로아,title,0.85
jQGhQi-uqvY,1599340,로스트아크,title,0.85
u94qaWeV-nc,1245620,elden ring,title,0.85
uCQ82OY0_j4,578080,배그,title,0.85
uELVqeyFj6Y,271590,gta 5,title,0.85
uGYj9kaVYsU,1623730,팰월드,title,0.85
uIJ1jKBr_ic,1599340,로아,title,0.85
uMm8vAI3iYw,578080,배그,title,0.85
Zf0HknD2Occ,1599340,로스트아크,title,0.85
Zfdu7vuVtCk,1599340,로스트아크,title,0.85
ZhvACwuXiOA,578080,배그,title,0.85
ZkEsw2wEMZw,1091500,사이버펑크,title,0.85
ZlClQ9u41t8,1623730,팰월드,title,0.85
ZlYmL_kmu-8,271590,gta v,title,0.85
Zn98B_S_e44,578080,배그,title,0.85
ZnpxHaO2pig,271590,gta 5,title,0.85
O8c7Z-EbU5s,1623730,팰월드,title,0.85
OFppeF8tt5Q,271590,gta 5,title,0.85
OHgkz1UUqZs,1599340,로스트아크,title,0.85
OIDpftUcSMg,271590,gta 5,title,0.85
OIMMUu8KFlE,271590,gta 5,title,0.85
OJElm7p5obk,578080,배그,title,0.85
OL4YKHwm8l0,1245620,엘든링,title,0.85
OLy4sKWb56E,1599340,로스트아크,title,0.85
OOUn8xybX-w,578080,배그,title,0.85
OOfxi9wRr2A,578080,배그,title,0.85
OQ8c5YeatJI,578080,배틀그라운드,title,0.85
OQI_DOgekkg,271590,gta 5,title,0.85
kPOIk2suI74,1245620,엘든링,title,0.85
kSJUakaBUCM,578080,배그,title,0.85
kSiIwzwGe1g,292030,위쳐,title,0.85
kVgA-GMqymA,1599340,로스트아크,title,0.85
kVvtP5BsweU,271590,gta 5,title,0.85
kaF0W0jPatY,1599340,로스트아크,title,0.85
kbnbH2R6H_U,578080,배그,title,0.85
kcFQ7RC-v4c,578080,배그,title,0.85
kdu_vtYReLM,271590,gta 5,title,0.85
i7v5_uk5-OI,1623730,팰월드,title,0.85
iDrpF60uUkw,1599340,로스트아크,title,0.85
iEpeCJTlV0o,271590,gta 5,title,0.85
iGxeJdwYEj0,1245620,엘든링,title,0.85
JX1hLR8vQ-g,578080,배그,title,0.85
J_QpwXoOUTg,578080,배그,title,0.85
JaXOr2BBiGo,271590,gta 5,title,0.85
JcJ8no6lso4,578080,배그,title,0.85
JeDfqocXLh8,1245620,엘든링,title,0.85
Jf-jOHGZ9us,1245620,엘든링,title,0.85
JfZPolmEh9k,1599340,로스트아크,title,0.85
JgESdDELZIs,1599340,로아,title,0.85
JjxCo6CHwG0,271590,gta 5,title,0.85
Jk-R-Mgbxfo,1623730,팰월드,title,0.85
aybt8WItV7E,271590,gta5,title,0.85
aznVLGQUsZc,271590,gta v,title,0.85
b2oFjK8I7_I,1599340,로스트아크,title,0.85
b3203hxWbSs,1599340,로스트아크,title,0.85
b4jqPTEvtgs,1599340,로스트아크,title,0.85
b6nKprQmhcc,1245620,엘든링,title,0.85
b6sdkktzmRM,1599340,로스트아크,title,0.85
bHLQsC7s3kg,578080,배그,title,0.85
RQ5zb_EBc9A,578080,배틀그라운드,title,0.85
RS9Bxy5Ufok,578080,배그,title,0.85
RU5Vxg1krmI,271590,gta v,title,0.85
RZYVup0Tjlw,578080,배그,title,0.85
ReWiw3LViW8,578080,배그,title,0.85
Rg24-f5jI-k,578080,배그,title,0.85
HZ98YtuyeWc,271590,gta 5,title,0.85
HaUl79tjcnk,271590,gta 5,title,0.85
Hg8B4aGD6CY,271590,gta 5,title,0.85
HifNw-QSM6o,1623730,팰월드,title,0.85
HijiCNUmpfY,1245620,엘든링,title,0.85
HjY9qzopVHQ,578080,배그,title,0.85
HkeB8nfIp1o,1623730,팰월드,title,0.85
HkkGbB-ywXY,271590,gta 5,title,0.85
HlXlMHL4-uE,578080,배그,title,0.85
t0CXi95Jnno,271590,gta 5,title,0.85
t1KbERv9xM0,578080,배그,title,0.85
t86FmqefANI,271590,gta 5,title,0.85
t8UPjECKomc,1599340,로스트아크,title,0.85
tDHRlFzG5fY,1245620,elden ring,title,0.85
tFfNk918R6s,271590,gta 5,title,0.85
5FuyAAghJdA,271590,gta 5,title,0.85
5HYglwik1dQ,271590,gta5,title,0.85
5KweFpRWlgU,271590,gta 5,title,0.85
5M0RTdGQEUU,578080,pubg,title,0.85
5PttP4wDv94,271590,gta5,title,0.85
5PuyImRWkcg,271590,gta5,title,0.85
gqRfCrx0UFE,271590,gta5,title,0.85
h--b_9dK6_o,271590,gta 5,title,0.85
h-X4rKDEI2s,1245620,엘든링,title,0.85
h13LDRy8xp8,271590,gta 5,title,0.85
h5MfN95Bypk,271590,gta 5,title,0.85
h5tn6tDcDJM,578080,배그,title,0.85
KWyb26GRwi0,1599340,로스트아크,title,0.85
KXCSf0VIWu8,578080,배틀그라운드,title,0.85
KZw8GOj47AQ,1623730,팰월드,title,0.85
K_I3QPaeXI4,578080,배그,title,0.85
KbCFRVLw2nU,578080,배그,title,0.85
Kg25D-UAYZ4,578080,배틀그라운드,title,0.85
QO-q86RNXsQ,578080,배그,title,0.85
QSf5qMyO1qs,292030,위쳐,title,0.85
QTCSYbTxy3I,1599340,로스트아크,title,0.85
QUzjMAZMEQY,271590,gta v,title,0.85
QVvnRfyKHGo,1599340,로스트아크,title,0.85
QYsD6jhbF6k,1245620,엘든링,title,0.85
c84A-ukHXAU,578080,배그,title,0.85
c9d1QCziTlY,271590,gta 5,title,0.85
cA8znhn6BFA,578080,배그,title,0.85
cCERTLYY2aI,271590,gta5,title,0.85
cCRhG1n6Qz4,271590,gta 5,title,0.85
cCj3hggjTfI,271590,gta 5,title,0.85
cFgaU5cijrs,271590,gta 5,title,0.85
cGLCC1wE1ns,1599340,로스트아크,title,0.85
cIwSjd12gIY,578080,배그,title,0.85
ysIUGimMo88,1245620,elden ring,title,0.85
yus6UA1r05w,271590,gta 5,title,0.85
yvB5M2nepaE,271590,gta5,title,0.85
yvG2odgSLOs,271590,gta5,title,0.85
yx3XmtT18uA,271590,gta 5,title,0.85
yxy1S8YC97U,578080,배그,title,0.85
yz6YupR6jbU,1599340,로스트아크,title,0.85
yz6sv7ByDnc,271590,gta5,title,0.85
z1SYcAjUEe0,578080,배그,title,0.85
x-EAKXXq1jU,578080,배그,title,0.85
x-xah5TcHIc,271590,gta 5,title,0.85
x0lwZjN6Sfw,578080,배그,title,0.85
x0s3a3XoS7w,578080,배그,title,0.85
x7aMIZzohqo,1245620,elden ring,title,0.85
x8iIrjIhquA,578080,배틀그라운드,title,0.85
x8xiDgoyJ4s,1623730,팰월드,title,0.85
x9OvyUDSTjo,271590,gta 5,title,0.85
x9YWQ1fwC8E,1245620,엘든링,title,0.85
oB31cbkMWZs,1599340,로스트아크,title,0.85
oG3uzXx9T9s,271590,gta5,title,0.85
oGdMsbqt8Fw,271590,gta 5,title,0.85
oLeiq7kyHr8,1623730,팰월드,title,0.85
e67W7-ZyMqI,1599340,로스트아크,title,0.85
e6SD102ta7c,578080,배틀그라운드,title,0.85
eAJ0fO3cy8U,271590,gta 5,title,0.85
eE3pUbY-DlE,271590,gta 5,title,0.85
eHK6nwEWJ1Q,1245620,엘든링,title,0.85
eIf3tPUDSYs,1599340,로스트아크,title,0.85
eJjBZiz_LE0,271590,gta 5,title,0.85
eJwAWgCwJoI,578080,배그,title,0.85
DX8Uo6qIC8s,1599340,로스트아크,title,0.85
D_393Q2UoHU,271590,gta5,title,0.85
D_j5RYtpglE,578080,배그,title,0.85
DduCkAjY0SI,271590,gta 5,title,0.85
DfzaUILeM2o,1599340,로스트아크,title,0.85
DgvX6rmgfRg,1599340,로아,title,0.85
DjeSvMjV7ds,271590,gta5,title,0.85
-Wp-mL9bxNg,271590,gta 5,title,0.85
-WwvmWgHcwI,1245620,엘든링,title,0.85
-XiueqJ9OU8,252490,러스트,title,0.85
-ZubqGV6iyA,271590,gta 5,title,0.85
-a8Z2DIhFQ8,1599340,로스트아크,title,0.85
-aUm9gaEvqg,578080,배틀그라운드,title,0.85
-cvXxXC-jfk,1623730,팰월드,title,0.85
-f3SVo4OYQc,578080,pubg,title,0.85
-f925bc0Rmw,578080,배그,title,0.85
-jXYJ2dFxsg,578080,배틀그라운드,title,0.85
FadAu2OPsig,1623730,팰월드,title,0.85
FbP3y62jAyI,1623730,팰월드,title,0.85
Fg9zcDXv2hI,271590,gta5,title,0.85
Fh597rB1iz0,578080,배그,title,0.85
FhX4dR5pOoQ,271590,gta 5,title,0.85
FhebubZ9oOc,578080,배그,title,0.85
FjolEriaxE0,578080,배틀그라운드,title,0.85
Fke7QplvtB8,271590,gta 5,title,0.85
s0FZpL8p6lo,381210,데바데,title,0.85
s4WtB1RRfOc,1599340,로스트아크,title,0.85
s4X2lHchhvc,271590,gta5,title,0.85
s5JcTrGUnh4,578080,배그,title,0.85
s8VDX0Umryc,1290000,시티즌 슬리퍼,title,0.85
s9HuqGp3xTY,271590,gta5,title,0.85
f3MGOMmrHwA,578080,배그,title,0.85
f454ZBV381U,578080,배그,title,0.85
f4uu1FmL858,271590,gta5,title,0.85
f557U1j4w0Y,2358720,검은 신화,title,0.85
f94FZP__mXI,1599340,로스트아크,title,0.85
fAQtOEtN56M,271590,gta 5,title,0.85
fBPbtgFX1bo,271590,gta5,title,0.85
dBKvK4H9edo,578080,배그,title,0.85
dEK2gHz1rmE,578080,배그,title,0.85
dEYnwOYn168,1599340,로스트아크,title,0.85
dIyKomm-20k,271590,gta v,title,0.85
dL7V29815rU,578080,배그,title,0.85
3NeYbptSzVE,578080,배그,title,0.85
3Nq-3V2ENAg,1599340,로스트아크,title,0.85
3P1y6xvOn2g,271590,gta5,title,0.85
3PG0SQ8qLTE,578080,배그,title,0.85
3PhahvSf8QU,578080,배틀그라운드,title,0.85
3Srsj6-Cuv0,578080,배그,title,0.85
3TdflveqlLw,271590,gta5,title,0.85
SVUetMUNA2k,271590,gta 5,title,0.85
Scr9-yAYvCY,1599340,로스트아크,title,0.85
SdVOp1cMUMM,271590,gta5,title,0.85
SeHcSO7bI0k,578080,배그,title,0.85
SfPrwuAUbz4,578080,pubg,title,0.85
Si1UIX-Z_Oo,271590,gta5,title,0.85
SipJ38aL6hs,578080,배그,title,0.85
SivMh-VBdr8,1599340,로아,title,0.85
lUoI6ycXGY4,578080,배그,title,0.85
lUqSX7n7R3U,578080,배그,title,0.85
lVEm1F4kYII,271590,gta 5,title,0.85
lVoJlTUdZFk,1623730,팰월드,title,0.85
lXZyfJHscw0,271590,gta5,title,0.85
lZwZFtfhGkc,271590,gta 5,title,0.85
l_4aowDOkEQ,1599340,로스트아크,title,0.85
l_mMXr8UN0A,1245620,엘든링,title,0.85
lbhK-Dlwrfw,578080,배그,title,0.85
levQfzskbuQ,271590,gta 5,title,0.85
lgVhDgMZKmA,271590,gta5,title,0.85
2PdG2yt077s,1245620,elden ring,title,0.85
2XZt8J50_xs,271590,gta 5,title,0.85
2atPVgn6FYE,271590,gta v,title,0.85
p52TeDyq3Ko,271590,gta 5,title,0.85
p7xhNmdSKnE,271590,gta 5,title,0.85
pDV4IiBdgmY,578080,배그,title,0.85
pFii7Z19hJA,271590,gta 5,title,0.85
pGVXg3t0-aQ,1599340,로스트아크,title,0.85
pIljHxawN3c,271590,gta 5,title,0.85
q5lHUfouS5k,1245620,엘든링,title,0.85
q8vbksA7_go,1599340,로스트아크,title,0.85
q9Z-vx0Xw1o,1245620,엘든링,title,0.85
q9nGapOmmj4,271590,gta 5,title,0.85
qHXUS96HPv0,1599340,로스트아크,title,0.85
qKF2moMlcJA,578080,배그,title,0.85
0UEvMgJv-qs,1599340,로스트아크,title,0.85
0UiZv83eZ3Q,1599340,로스트아크,title,0.85
0UlJq5XX2KA,578080,배그,title,0.85
0YFNdXXvhwc,1245620,엘든링,title,0.85
xtUKb5l9lLU,1245620,elden ring,title,0.85
xuzjN_f0pN0,578080,배그,title,0.85
xwaqegx5GRk,578080,배그,title,0.85
xz8nCCvc_ss,578080,배그,title,0.85
y3Ly4flflOM,271590,gta 5,title,0.85
y4BbueXsYwE,1623730,팰월드,title,0.85
1QwN3TZwTpM,578080,배그,title,0.85
1RQlSMQnI9I,578080,배그,title,0.85
1TpMDcZLaBA,578080,배그,title,0.85
TZHjTvDTPr0,578080,배그,title,0.85
TZRtM6aJNf4,271590,gta5,title,0.85
T_PAwWEY6Ik,271590,gta5,title,0.85
Ta9dQarxo_o,271590,gta5,title,0.85
TbD8jNEiNCM,578080,배그,title,0.85
TcM1N3dKjIc,1623730,팰월드,title,0.85
TcbehWGdTlc,1245620,elden ring,title,0.85
TdffcbyiBqI,2358720,오공,title,0.85
Te_Nuuwm09w,271590,gta 5,title,0.85
Tfan_U-RFEQ,271590,gta5,title,0.85
ThHmVmseYJI,271590,gta5,title,0.85
Tj9ahqXg-1w,271590,gta 5,title,0.85
BnjGME5yHk8,578080,배틀그라운드,title,0.85
BrYgCbpQEqA,578080,배그,title,0.85
BrcWLVYOSms,1599340,로스트아크,title,0.85
BroBTbXnoNY,271590,gta 5,title,0.85
Bw0wS2rbxp0,1599340,로아,title,0.85
By8BN-M6WNo,271590,gta 5,title,0.85
TP0RTJrpGig,1245620,elden ring,title,0.85
TR7bzao34iY,578080,배그,title,0.85
TSbtBzkzKQg,1599340,로스트아크,title,0.85
TVUl2s10fJY,578080,배그,title,0.85
xhp5dtn7_js,1599340,로스트아크,title,0.85
xlOTUkhMmds,1599340,로스트아크,title,0.85
xo1xKSazZSA,1599340,로스트아크,title,0.85
1bzwpYZa8ZQ,1599340,로스트아크,title,0.85
1feMDD1hauI,1599340,로스트아크,title,0.85
1g3gAi_1VTk,1245620,엘든링,title,0.85
1gKdzpyvb-0,1599340,로아,title,0.85
1qVR5fe5Zu8,271590,gta5,title,0.85
8cl3WNI8fRo,578080,배그,title,0.85
8d4UpLdcSWw,578080,배틀그라운드,title,0.85
8fpM03YAHwA,1599340,로스트아크,title,0.85
8fsqolmYpgI,578080,배그,title,0.85
8jxgw_qvYLw,1245620,엘든링,title,0.85
8kDjLZUuieU,1599340,로스트아크,title,0.85
8kacLz5hg5A,578080,배그,title,0.85
8n9A43wEKtw,271590,gta 5,title,0.85
8nO_FYidY5k,271590,gta5,title,0.85
8pDFUbb_cOM,578080,배그,title,0.85
924CxdQcUCk,271590,gta v,title,0.85
94KRZ6UCybc,578080,배그,title,0.85
98onoAIQCak,271590,gta5,title,0.85
9B8K-arvOYU,578080,pubg,title,0.85
9BJHDXEXi2E,1245620,엘든링,title,0.85
9BrBeSTkWEo,271590,gta5,title,0.85
19vREW8IbEw,271590,gta 5,title,0.85
1B5aEDqPxGk,271590,gta5,title,0.85
1DwbHX7vV0w,271590,gta 5,title,0.85
1EDiCVU5CXc,578080,배그,title,0.85
5V55uglQtuE,271590,gta5,title,0.85
5W0jZN7ykW8,578080,배그,title,0.85
5_q42NeAcxw,578080,배그,title,0.85
5ahw8B0mUAU,271590,gta 5,title,0.85
5cxae6Lg_tY,1245620,elden ring,title,0.85
5gpmObsd-KE,271590,gta5,title,0.85
IHiTlkwDvD0,2358720,검은 신화,title,0.85
IIoRg51xN5U,271590,gta 5,title,0.85
IMeh1X-bd0k,578080,배그,title,0.85
INOnIAshqsw,578080,배틀그라운드,title,0.85
IOk0tBduxZk,1245620,엘든링,title,0.85
IOmhp1jjfno,271590,gta 5,title,0.85
IPgR1TyCUb4,1623730,팰월드,title,0.85
IR8A46Yahk0,2358720,검은신화,title,0.85
IRwdVkB1awQ,271590,gta 5,title,0.85
eLMa9jiQGBI,1599340,로스트아크,title,0.85
eMN_8PpiTn4,271590,gta5,title,0.85
eQLZ30dht6I,1623730,팰월드,title,0.85
eREGv2O_lgw,1623730,팰월드,title,0.85
eRYBQsPWSz0,271590,gta5,title,0.85
eSZtCColTm8,271590,gta 5,title,0.85
eSkWlwsvmOw,271590,gta5,title,0.85
eTMQRRbEAkM,578080,배그,title,0.85
z4FNghRvrac,578080,배그,title,0.85
z4wRcXNfQG8,271590,gta5,title,0.85
zBCiPQRgNjQ,271590,gta5,title,0.85
zELVfJDOfLc,271590,gta 5,title,0.85
xBPN141rtPE,578080,pubg,title,0.85
xCtMMVv032I,1599340,로스트아크,title,0.85
xIEfUmCwU0g,271590,gta5,title,0.85
xJuF1P5EcvA,578080,배그,title,0.85
xNNgylbrQ6Y,271590,gta 5,title,0.85
xNwlI0FgC8w,271590,gta 5,title,0.85
xO7TsdgRV8E,271590,gta5,title,0.85
6u-MHsd8DUE,578080,배그,title,0.85
6xmhMYUNG2o,578080,배그,title,0.85
6yjSiJzr0BE,271590,gta5,title,0.85
7-8X4xTNNHI,578080,배그,title,0.85
7-PWwbiJUUU,1623730,팰월드,title,0.85
72yANTgOsfQ,1623730,팰월드,title,0.85
FwiBzkpeKcM,1599340,로스트아크,title,0.85
G-SeU60iB10,271590,gta 5,title,0.85
G1L2njQYdcs,578080,배그,title,0.85
G2j6NTPkCrY,578080,pubg,title,0.85
nvJgcyIVGXw,1623730,팰월드,title,0.85
nx8c-8t7e5A,1599340,로스트아크,title,0.85
o0OgT2JUTMQ,271590,gta 5,title,0.85
o1j3wNCLJqI,271590,gta 5,title,0.85
o5e9HvTAXec,578080,배틀그라운드,title,0.85
o6UkD7sgwJo,271590,gta 5,title,0.85
o8V9IMlgzXg,271590,gta 5,title,0.85
oAivrwktzD4,1245620,엘든링,title,0.85
qMJ8Goswdr8,271590,gta 5,title,0.85
qNaJDNnUNDo,1599340,로스트아크,title,0.85
qNlnCyl7mHU,1245620,elden ring,title,0.85
qO219FUdxU4,238960,패스오브엑자일,title,0.85
qPGzkS1GaMs,271590,gta5,title,0.85
qQEfHH-sCjY,271590,gta 5,title,0.85
qV0PVqHuyog,271590,gta 5,title,0.85
qVzdH2CWTX4,1290000,시티즌 슬리퍼,title,0.85
qWNZGgjvUdM,271590,gta5,title,0.85
qWRb31cX-0k,1245620,엘든링,title,0.85
qWW3Lxj3nRs,1623730,팰월드,title,0.85
qWlXGuehyu0,578080,배그,title,0.85
qYrPVjQ-Y8w,578080,배그,title,0.85
qZ7p9LRGoMY,271590,gta5,title,0.85
Cc-KftCpz0c,1599340,로스트아크,title,0.85
Cda8O8VIiWc,578080,배그,title,0.85
Cf0ZoovfdAE,271590,gta 5,title,0.85
CgHhJOOWYkw,271590,gta 5,title,0.85
CnhfPBKnSNA,578080,배그,title,0.85
ppgK5Sr1ICE,271590,gta5,title,0.85
pq35wgnMBN0,1599340,로아,title,0.85
pvpHHe6eL6Q,1599340,로스트아크,title,0.85
pwd0CZNcXI8,578080,배그,title,0.85
py3C3pAgMaM,271590,gta 5,title,0.85
q-60Ar8zyqM,271590,gta5,title,0.85
q0ACr4UwkgQ,381210,데바데,title,0.85
q3mnP4-07yY,1599340,로아,title,0.85
q3mnP4-07yY,1623730,팰월드,title,0.85
-lzfBdAuXwc,271590,gta 5,title,0.85
-oOJ3etmY_g,271590,gta5,title,0.85
-uwxzvDDk_Y,271590,gta 5,title,0.85
EoAsqwKOPQ0,271590,gta 5,title,0.85
Ep-683YG5cA,1623730,팰월드,title,0.85
Epv-4r1Zqv8,578080,배그,title,0.85
Er9vR6SFU4M,271590,gta 5,title,0.85
ErdkemWzixw,578080,배그,title,0.85
EtTgetu3FQc,271590,gta 5,title,0.85
ExocICI5y5w,578080,배틀그라운드,title,0.85
F0YuPMibtEk,271590,gta5,title,0.85
F1BSNa8M9bg,578080,배그,title,0.85
F1V3F0JxAX4,578080,배그,title,0.85
F1yLV5cGiC8,271590,gta 5,title,0.85
F2KcuLJ-BPg,271590,gta5,title,0.85
F3qopLV4QHc,271590,gta5,title,0.85
9cC9wsg2A1k,271590,gta5,title,0.85
9dnoAqwNip4,271590,gta5,title,0.85
9ftfx2cYdZI,1599340,로스트아크,title,0.85
9gUjSCL2Zyo,1599340,로스트아크,title,0.85
9gsdHEWKBio,271590,gta 5,title,0.85
9hvTHA7Qx9A,271590,gta 5,title,0.85
9qAJ2d9lIpU,578080,배그,title,0.85
9tk2MEkqw0U,271590,gta 5,title,0.85
9uvXv7nOhEg,1599340,로스트아크,title,0.85
9z1ggwFsfQg,1245620,엘든링,title,0.85
Q4Z_xidLcaM,271590,gta5,title,0.85
Q81ghj9NGwU,578080,배그,title,0.85
QEVV-zUaM0Q,1623730,팰월드,title,0.85
QIomSFpSRCk,578080,배그,title,0.85
5zYjY_fanBA,578080,배그,title,0.85
6-VLdCR4ElU,271590,gta v,title,0.85
6-iYlm_bIz0,271590,gta 5,title,0.85
65-gFtKADDg,271590,gta 5,title,0.85
6ADGYGJEaSQ,1245620,elden ring,title,0.85
tK7TU07vP8I,578080,배그,title,0.85
tKbY6DqbgGs,271590,gta 5,title,0.85
tLQHQDThLQA,1599340,로스트아크,title,0.85
tMfFuJ1N6_U,1599340,로스트아크,title,0.85
tNd8KjQWfj8,271590,gta5,title,0.85
tQfFaIDbEIE,1599340,로아,title,0.85
tT0dOrCf-8I,578080,배그,title,0.85
tTiRGJHgpjo,271590,gta 5,title,0.85
tU159cTYmUY,1290000,시티즌 슬리퍼,title,0.85
tUkdVX-3_Vk,381210,데바데,title,0.85
tWNexnmBtEY,271590,gta 5,title,0.85
ANDOQHI2HhI,271590,gta 5,title,0.85
ANr9zKy44nw,1599340,로스트아크,title,0.85
AV0SP-af7Tg,271590,gta5,title,0.85
AWhwU18Nfew,271590,gta 5,title,0.85
AXZ_dracQCM,271590,gta 5,title,0.85
A_5zCRkZxBk,1623730,팰월드,title,0.85
A_sxs0UtM0U,1599340,로스트아크,title,0.85
AdCSmN14bJE,578080,배그,title,0.85
AeCvr-SfJ8Q,1245620,elden ring,title,0.85
AhdmKDnmBOw,271590,gta 5,title,0.85
DIknP3nti78,271590,gta 5,title,0.85
DJ_tH4n2Kcg,578080,배틀그라운드,title,0.85
DNt0WOj8BR4,578080,배틀그라운드,title,0.85
DPIjgbQcn_Y,1599340,로스트아크,title,0.85
DQbwcVMtPHE,1599340,로스트아크,title,0.85
DQbwcVMtPHE,1623730,팰월드,title,0.85
DRI9nrgi9r4,578080,배그,title,0.85
DTOpe315Nzg,271590,gta5,title,0.85
DUs4by04RZA,1245620,엘든링,title,0.85
4-wSFv5tX_4,271590,gta 5,title,0.85
40SJDyYJD9Q,578080,배틀그라운드,title,0.85
455P2ZUonQM,578080,배그,title,0.85
46sukyo2_C4,1599340,로스트아크,title,0.85
4DAzRUd9600,1623730,팰월드,title,0.85
PY9OFb0IEMc,271590,gta 5,title,0.85
PYhSYmC2faM,1245620,엘든링,title,0.85
Pa3Vq1PFcYY,578080,pubg,title,0.85
PactKlMT4v8,1599340,로스트아크,title,0.85
Pdi-EtF83o8,271590,gta 5,title,0.85
PeDYGAOlups,578080,배틀그라운드,title,0.85
PfFvDP93eYc,1599340,로스트아크,title,0.85
PgNYBrgjAqM,1290000,시티즌 슬리퍼,title,0.85
PicUoiIOErU,271590,gta5,title,0.85
PkQ5v1S40V0,271590,gta 5,title,0.85
PlKfxSnys9E,271590,gta 5,title,0.85
fLvOXnTe_9M,1245620,엘든링,title,0.85
fMPEvEWSULQ,1599340,로스트아크,title,0.85
fOLmDesKPNI,578080,배그,title,0.85
fUBT2VgtkwU,271590,gta 5,title,0.85
dP-79ORa7Zs,1245620,elden ring,title,0.85
dPL6ZQPk3aw,271590,gta5,title,0.85
dQgmGEr2qb4,1245620,elden ring,title,0.85
dRrpYzDwgSY,578080,배틀그라운드,title,0.85
dSGCD3uFRMQ,1623730,팰월드,title,0.85
dVfIO24OSu0,1599340,로스트아크,title,0.85
dWzg_41y1iw,1599340,로스트아크,title,0.85
dY6OLlIvN_M,1245620,elden ring,title,0.85
dZdtILAfdys,578080,배틀그라운드,title,0.85
daqroIPHqck,578080,배틀그라운드,title,0.85
28TOjp_Vo3Q,578080,배그,title,0.85
28r4xMjX5gs,578080,배틀그라운드,title,0.85
29439eNsOUU,1599340,로스트아크,title,0.85
29TP7LiFAeU,1623730,팰월드,title,0.85
29Ux3TH7D94,1245620,엘든링,title,0.85
2AM2k7AEVMU,1245620,엘든링,title,0.85
2H2COWgf7Jg,578080,배그,title,0.85
2KHD2_bl3MY,578080,배그,title,0.85
2Kxn-XihCFM,578080,배그,title,0.85
2MIJPIemiDQ,578080,배그,title,0.85
2Mg8aUVKE04,1599340,로스트아크,title,0.85
2NYnup1usA4,1599340,로스트아크,title,0.85
2OqSPffCdpg,578080,배그,title,0.85
DoGSvZA6gig,1623730,팰월드,title,0.85
DoTHZBpIGnY,578080,배틀그라운드,title,0.85
DqYuIHT1Lyw,578080,배그,title,0.85
Dt42mWOepi4,271590,gta 5,title,0.85
DtOSgO6MwDY,1599340,로스트아크,title,0.85
DtqUoIj7G6U,271590,gta5,title,0.85
0eH5Fv5S9GM,578080,배그,title,0.85
0eQTECL-GhE,1245620,elden ring,title,0.85
0jOCzLwIpu8,1599340,로스트아크,title,0.85
0mIF7wzixzE,271590,gta v,title,0.85
0nysA5CxYiM,1599340,로스트아크,title,0.85
0pQvT44VAjU,1599340,로스트아크,title,0.85
378gYonw7_U,1623730,팰월드,title,0.85
38RJcRBDc_g,271590,gta 5,title,0.85
397mOXs1drY,1623730,팰월드,title,0.85
3BZ3-iMnoEw,578080,pubg,title,0.85
3EJSZs9IGb0,271590,gta v,title,0.85
3ELqV5amILE,1599340,로아,title,0.85
3ERHzaR3xRQ,1245620,elden ring,title,0.85
3GZdi4JYSV8,1623730,팰월드,title,0.85
sF3Re6bLIm4,271590,gta5,title,0.85
sFAzitbKZFs,578080,배그,title,0.85
sGfBaTBU5lY,271590,gta5,title,0.85
sGjCfwW1j7Y,578080,배틀그라운드,title,0.85
sGrsp1DLMu0,578080,배그,title,0.85
sIkTAPNP1zM,578080,배그,title,0.85
sM6O19th3is,1623730,팰월드,title,0.85
sNbTjleX-_8,1245620,엘든링,title,0.85
sPajvUB4v2U,1599340,로스트아크,title,0.85
6XbijVBaGIQ,271590,gta 5,title,0.85
6Y69my7Cujw,271590,gta5,title,0.85
6YOKxGNLf20,578080,배그,title,0.85
6ZcrkBhzrtU,271590,gta 5,title,0.85
6dayZ8dTSw4,238960,poe,title,0.85
6dlnCRQ9vAs,271590,gta 5,title,0.85
6eklzWN9cRA,578080,배틀그라운드,title,0.85
vrYeqalYkVI,271590,gta5,title,0.85
vujMwpA4fvU,578080,배그,title,0.85
vwKk2qubM3Y,271590,gta 5,title,0.85
vx65iKjBoDQ,578080,배그,title,0.85
2bjRK1wLgDQ,271590,gta5,title,0.85
2cwPSBqzmJU,1245620,엘든링,title,0.85
2dKRrti1XWE,1245620,elden ring,title,0.85
2fuJtW7Gyrg,271590,gta5,title,0.85
2hO20c6oUyI,1599340,로스트아크,title,0.85
uu0bEVdcCrM,1599340,로스트아크,title,0.85
uwFTpd4jCJU,578080,배그,title,0.85
v1IHJtoGUus,1599340,로스트아크,title,0.85
v2kht_7-gJQ,381210,데바데,title,0.85
v3wTSxq0nr0,271590,gta 5,title,0.85
lCGYfPq1w6E,1623730,팰월드,title,0.85
lD33k2j7cps,271590,gta 5,title,0.85
lG73voqu5nw,578080,배그,title,0.85
lGyJPAOPejQ,381210,데바데,title,0.85
lK9xMLX-D8w,1245620,elden ring,title,0.85
lKAtS9o-ExY,578080,배그,title,0.85
lPgI5VeRbCo,271590,gta5,title,0.85
lQ0HcHbf0mE,578080,배그,title,0.85
vPft_TVbEEI,271590,gta5,title,0.85
vTIuPGNmUB8,578080,배그,title,0.85
vUpQoWqkVNs,1599340,로스트아크,title,0.85
Jmm08M1QRF4,578080,배틀그라운드,title,0.85
Jr2VAsHR5LA,578080,배그,title,0.85
Jt927gmK0rU,271590,gta 5,title,0.85
Juh-VDAXSqI,1599340,로스트아크,title,0.85
Jur-z4mD6bY,271590,gta5,title,0.85
Jv7F1r6dydg,271590,gta5,title,0.85
JzaRC_vcsJQ,578080,배그,title,0.85
y7mJ2JT_DEo,271590,gta 5,title,0.85
y9kOX47TLWg,1599340,로스트아크,title,0.85
yANQea5tbhY,1599340,로스트아크,title,0.85
rjDXv1Z_9EM,578080,배그,title,0.85
rnQ1V3SFaaY,271590,gta5,title,0.85
rnzIMm6Tl7k,578080,배그,title,0.85
rpcKhMyC4mg,1245620,엘든링,title,0.85
rv0u3mwvaFI,271590,gta 5,title,0.85
rvPUArbORH0,578080,배틀그라운드,title,0.85
rvZ12LRvI9o,578080,배틀그라운드,title,0.85
fheM13PLmwI,1623730,팰월드,title,0.85
fhm5cTxoY_Q,578080,배그,title,0.85
fkRLT6PD7vY,578080,배그,title,0.85
fmCD2DFOht8,1599340,로스트아크,title,0.85
fsFQUgMf4Ko,271590,gta 5,title,0.85
cOi3oLfqKrQ,1245620,엘든링,title,0.85
cP7W4zQEFug,271590,gta 5,title,0.85
cUjg4GVZ52A,1599340,로스트아크,title,0.85
cWBmiZ-2zGI,1599340,로스트아크,title,0.85
cWdsPgv9ATA,271590,gta 5,title,0.85
cYMKrwiY3os,578080,배그,title,0.85
n4bHdW9xq-g,271590,gta 5,title,0.85
nB9TlvvQfro,578080,배틀그라운드,title,0.85
nCeYVdM_RhY,578080,배그,title,0.85
mBlT6wSxoW8,271590,gta 5,title,0.85
mCkLijNXWq0,578080,배그,title,0.85
mCogOO8v4tg,578080,배그,title,0.85
mDXzD0Ir444,271590,gta 5,title,0.85
mDcC3_a4Joo,578080,배틀그라운드,title,0.85
mDmLfPToREg,271590,gta 5,title,0.85
mGzcZJonyA8,271590,gta5,title,0.85
mNWyxnTzS3s,1245620,elden ring,title,0.85
GPUkaWQiMvk,1245620,elden ring,title,0.85
GQwKnsE1Q7Q,1599340,로스트아크,title,0.85
GUTBtf0D8cQ,271590,gta5,title,0.85
GVAM9rfNwRU,1599340,로아,title,0.85
whgihkv8DL8,578080,배그,title,0.85
wiZih0Byi00,1623730,팰월드,title,0.85
wkChFWAGf84,578080,배그,title,0.85
wlSnU7pt-XQ,1245620,엘든링,title,0.85
wp51yuWMFhI,1599340,로스트아크,title,0.85
wqgn8uHYUho,578080,pubg,title,0.85
wqyhmZ-IXuk,578080,배그,title,0.85
wrhA7M6gFfE,1245620,엘든링,title,0.85
wtAQhYjtyR0,1245620,elden ring,title,0.85
wtbEIL7XHS8,271590,gta5,title,0.85
TpHVpzMjQ68,1599340,로스트아크,title,0.85
TpJW478iNHI,271590,gta 5,title,0.85
Trn4k4JccOU,271590,gta 5,title,0.85
TutTwJuHw9A,271590,gta5,title,0.85
TuwjIla2GhM,271590,gta 5,title,0.85
TvY4Wue_Bn4,238960,poe,title,0.85
7mFv-tQlyiE,578080,배틀그라운드,title,0.85
7mkLBEBjwX8,271590,gta5,title,0.85
7piMhG9ADNE,1245620,elden ring,title,0.85
7u4MIf8tzQY,1599340,로스트아크,title,0.85
7ugqfKRLEgU,271590,gta 5,title,0.85
7vAFZij9cOg,578080,배틀그라운드,title,0.85
7xX7x8fPNi4,271590,gta 5,title,0.85
7ygbC4bydOM,271590,gta v,title,0.85
nGq3OqYadds,271590,gta 5,title,0.85
nNGzj6_3s4M,1599340,로아,title,0.85
nQCirA6GKPc,1599340,로스트아크,title,0.85
nSskxPwWj6Q,271590,gta 5,title,0.85
nTljLHJPLeY,578080,배그,title,0.85
nWMK8Hcjf1g,271590,gta 5,title,0.85
nYI6ivsQxfs,1599340,로스트아크,title,0.85
nZH5u4HwwcQ,271590,gta 5,title,0.85
n_S4V7Q6eMI,1599340,로스트아크,title,0.85
ndCdAbSufDg,578080,배그,title,0.85
ndwYMGhhmBs,1623730,팰월드,title,0.85
ndywWNjwWXQ,271590,gta 5,title,0.85
neA2k2kdsMk,271590,gta5,title,0.85
IjMsADLditQ,1623730,팰월드,title,0.85
Isq-GLyc_uQ,578080,배그,title,0.85
IvAXlWDtVEE,1599340,로스트아크,title,0.85
Ivw1YRxEiaQ,1245620,elden ring,title,0.85
0EBF4RoXdxM,578080,배틀그라운드,title,0.85
0FBDCAcHSTE,578080,배그,title,0.85
0HYeuWW_WWk,1599340,로스트아크,title,0.85
0H_iDhp_p9s,271590,gta 5,title,0.85
0LblGkmttqA,1245620,엘든링,title,0.85
0N-k--zZu9U,271590,gta5,title,0.85
pLNwNRDzG4k,578080,배그,title,0.85
pS-Q6mfP9x0,578080,배그,title,0.85
pUoWR8XETMo,1599340,로스트아크,title,0.85
7zTkZtA2tr0,1599340,로스트아크,title,0.85
8-n0MKNpPhQ,578080,배그,title,0.85
80RugV9cqbo,271590,gta 5,title,0.85
844Rt4HU9KA,1599340,로스트아크,title,0.85
84YYmqRDVOA,1245620,elden ring,title,0.85
884EnKVLAUs,578080,배그,title,0.85
89kL2VOL5T4,271590,gta 5,title,0.85
8M6k7QDoXlg,1245620,엘든링,title,0.85
HskLpXmCSsc,578080,배그,title,0.85
HuKqdcCpT9E,271590,gta5,title,0.85
HwFRTfu3ue4,578080,배그,title,0.85
HxHKBN2otiw,578080,배틀그라운드,title,0.85
I-6LylxDRZM,271590,gta v,title,0.85
3cAWm_sfMKk,578080,배그,title,0.85
3cj-97ma3zU,578080,배그,title,0.85
3htUwK0q7t4,271590,gta5,title,0.85
3i7yNorGVTY,1599340,로스트아크,title,0.85
4W5Q-MQCOJQ,271590,gta5,title,0.85
4XmGlUbCNSo,1245620,elden ring,title,0.85
4bM20WuoLG4,578080,pubg,title,0.85
4dsn8EensSY,1245620,엘든링,title,0.85
4fHwzqwBk6s,578080,배그,title,0.85
4fsv7fw75aU,1599340,로스트아크,title,0.85
4ges_EP6IBM,1091500,사이버펑크,title,0.85
w1fXqschK6c,271590,gta 5,title,0.85
w1yJCqhI86o,1599340,로아,title,0.85
w4aVLDAw3oE,1245620,elden ring,title,0.85
w68uVJMyEnY,271590,gta 5,title,0.85
wAXZ5P4rGeg,578080,배그,title,0.85
wBIFzNw6Up4,271590,gta 5,title,0.85
wBmRwe8rFIQ,578080,배그,title,0.85
lied-uFGPSk,271590,gta 5,title,0.85
llnidmybZYQ,271590,gta5,title,0.85
lmiSqFPDgzA,1794680,뱀서,title,0.85
lnR4KDD8Tuw,1599340,로스트아크,title,0.85
locjKo2a5CA,271590,gta 5,title,0.85
lqX6SyFPZN8,578080,배그,title,0.85
lvZ6VBS-Ii8,1599340,로스트아크,title,0.85
MeEtTJQZrSE,271590,gta 5,title,0.85
MkJl98sIDZc,1599340,로스트아크,title,0.85
Mnpfzztg9Qk,1599340,로스트아크,title,0.85
MnzulfNw6og,578080,배그,title,0.85
Mp01kgVq6Gs,1245620,엘든링,title,0.85
MtpxfbmFRyk,271590,gta 5,title,0.85
Mw-JVCulu28,1599340,로스트아크,title,0.85
MwMPnqbshpg,1599340,로아,title,0.85
MzJ7fohTGCg,1599340,로스트아크,title,0.85
MzLzpwdqxf8,1290000,시티즌 슬리퍼,title,0.85
rK7imHkfep0,1599340,로스트아크,title,0.85
rNZWoYkkE1s,1599340,로스트아크,title,0.85
rU9U_tKLEGY,1599340,로스트아크,title,0.85
rVWHUkUbDU4,578080,배틀그라운드,title,0.85
SF8VcZbW8AU,271590,gta5,title,0.85
SG_bTlSmhbw,578080,배그,title,0.85
SJ2-jfSUtvs,1599340,로스트아크,title,0.85
SLUKUrSIjPQ,381210,데바데,title,0.85
SLvc6DMSJkg,271590,gta 5,title,0.85
SO6dgnAIB5E,1599340,로아,title,0.85
jUTIGjdbDKg,271590,gta5,title,0.85
jatLsxhi4lU,578080,배그,title,0.85
jc2cT6sCDPc,1599340,로스트아크,title,0.85
je7t1y0r5fU,578080,배그,title,0.85
jf3kkw4sufk,271590,gta 5,title,0.85
jglXSARC2lE,1245620,엘든링,title,0.85
jhBrZne_odM,1599340,로스트아크,title,0.85
jizimbG39Cs,578080,배틀그라운드,title,0.85
jjw0WZ-Kv6A,578080,배그,title,0.85
iMjx8On7Yqk,271590,gta 5,title,0.85
iOKtbDIC1qU,578080,배그,title,0.85
iRD-Rxdn3d0,271590,gta5,title,0.85
iSNZEG9at7k,1599340,로스트아크,title,0.85
iSryuqhu8BA,578080,pubg,title,0.85
iTZ7tDH747Y,271590,gta5,title,0.85
i_yIbBkJ6bY,1599340,로스트아크,title,0.85
Wr3n-6mvOfk,1245620,엘든링,title,0.85
Wsx5CMcKZZE,1599340,로스트아크,title,0.85
Wu2vPIbbSVs,578080,배틀그라운드,title,0.85
WxP9qO7tAU4,1245620,elden ring,title,0.85
Wy-O-dEHWLc,1599340,로스트아크,title,0.85
Wy7BjYI7tc4,271590,gta 5,title,0.85
WzPaIFeYGpo,271590,gta 5,title,0.85
X3D3GVH1pl8,271590,gta 5,title,0.85
X3iT2YlBJNM,578080,배그,title,0.85
X4DXGVAXU3U,578080,배틀그라운드,title,0.85
X5QG3cNFFMw,1245620,elden ring,title,0.85
X5b0CN5pbVA,578080,배그,title,0.85
X77lvD6V4JA,271590,gta 5,title,0.85
X7gdboBphK4,271590,gta 5,title,0.85
X9bk9cTtNwY,1245620,엘든링,title,0.85
X9uheuqgZW0,1599340,로아,title,0.85
dsoZOgiSU6I,271590,gta 5,title,0.85
dti88oJaEX0,271590,gta5,title,0.85
duFa9jrqS3w,271590,gta 5,title,0.85
dv0ZIRcBXtw,578080,배그,title,0.85
e-5j1jlkH8M,271590,gta 5,title,0.85
e-koTohxnHk,271590,gta 5,title,0.85
e2rGcIikpgw,578080,배그,title,0.85
e2vX7rszRBc,578080,배그,title,0.85
e2wp6Z6OGrI,271590,gta 5,title,0.85
e4vOqLIrzkg,578080,배그,title,0.85
P0e8tqPQRJ4,1599340,로스트아크,title,0.85
P1TJtciP_dk,578080,배그,title,0.85
P4uJThuT7mA,578080,배그,title,0.85
P5DyGhTG4Fc,1599340,로스트아크,title,0.85
P7lJ7Wy1_n8,271590,gta v,title,0.85
PFXMCBcyjsE,1623730,palworld,title,0.85
PFfONBfJNIs,271590,gta 5,title,0.85
r2rjCNGSxSc,271590,gta5,title,0.85
r3L1Z1esneQ,271590,gta 5,title,0.85
r8yun0ANuxM,578080,배그,title,0.85
UM4-GlRXX3c,271590,gta5,title,0.85
UOJ8Ax5-Q9w,271590,gta5,title,0.85
UOU9lH72zwc,578080,배틀그라운드,title,0.85
UTxNtdEXHJs,578080,배그,title,0.85
UV7eUbcnquc,271590,gta5,title,0.85
UVfIGm5SfXo,271590,gta5,title,0.85
U_Ats3xvsnc,271590,gta 5,title,0.85
KjNzt_VkzIQ,271590,gta 5,title,0.85
KlU0vyIuXSk,578080,pubg,title,0.85
KnqfL3bxSak,271590,gta 5,title,0.85
Kp7vFA2Fjp4,271590,gta5,title,0.85
Kpgq_USJI1Q,271590,gta5,title,0.85
KvV8ygXoCjc,271590,gta 5,title,0.85
KwcmUpUfviw,271590,gta 5,title,0.85
hBPKPgN-KZg,578080,배그,title,0.85
hGyf1KUqYDc,578080,배그,title,0.85
hI-SegUs26Q,578080,배그,title,0.85
hLTpTGU0sls,1599340,로스트아크,title,0.85
hOyVFIpxepk,1599340,로스트아크,title,0.85
6CaJ3zHQKyM,1599340,로스트아크,title,0.85
6Cd0EiDEQtc,1599340,로스트아크,title,0.85
6DduWjW0g-U,271590,gta 5,title,0.85
6F3m0qjqn50,1599340,로스트아크,title,0.85
6HyfMUi3Riw,578080,배틀그라운드,title,0.85
BAZh8fF41Uc,271590,gta5,title,0.85
BBuFWoja9HI,271590,gta 5,title,0.85
BD_udLAOWH8,1245620,엘든링,title,0.85
BE4SYQEAf00,1599340,로스트아크,title,0.85
BEXdmOrZwMY,271590,gta5,title,0.85
BEsxjIDfVeQ,1599340,로스트아크,title,0.85
BFlneJ4x2tg,1623730,팰월드,title,0.85
BHLZDL9gORM,1245620,엘든링,title,0.85
BHyS0H6WOsw,578080,배그,title,0.85
BJMWb1nl-FY,578080,배틀그라운드,title,0.85
BJoa6U_di4o,1599340,로스트아크,title,0.85
BK0mAeNjPAM,271590,gta 5,title,0.85
BKHwuN1bs7U,1599340,로스트아크,title,0.85
BLtDGjqQpg8,271590,gta5,title,0.85
JPedNXGJEDw,271590,gta 5,title,0.85
JPsf5mxMG44,271590,gta 5,title,0.85
JPyrUPOPMxA,578080,배그,title,0.85
JQGOQjhpD3M,271590,gta 5,title,0.85
JRGHo0OsjGQ,578080,배그,title,0.85
JTBU-343iG8,271590,gta 5,title,0.85
JTM2GxnMYOM,1599340,로스트아크,title,0.85
JUKmP8QnVxM,1623730,팰월드,title,0.85
a713MEQcvr0,271590,gta5,title,0.85
a84rY2j3JiI,578080,배그,title,0.85
aBMIGuEhRE0,1599340,로스트아크,title,0.85
aFdYdIlp8kU,105600,테라리아,title,0.85
aKaOcSjwqsQ,271590,gta5,title,0.85
aLXULM9PoM8,271590,gta5,title,0.85
y_RpC75O43g,1245620,엘든링,title,0.85
ybHVQh9zUjg,1245620,elden ring,title,0.85
yb_4gLKgyeU,1245620,elden ring,title,0.85
ydeqpmDukIw,578080,배그,title,0.85
ydiGk0rOHZY,578080,배그,title,0.85
yhNmbkTDknY,578080,pubg,title,0.85
yhT6b5b48SA,1623730,팰월드,title,0.85
yjWiRVWaigA,1245620,엘든링,title,0.85
hlFvvQ5yh9c,578080,배그,title,0.85
hmvHcpQaiPo,578080,배그,title,0.85
hrdWzEy53j0,271590,gta 5,title,0.85
hwxVowJxJtk,578080,배그,title,0.85
hyhacl_qew0,578080,배틀그라운드,title,0.85
tqEIn6qARcs,578080,배그,title,0.85
trUXgyF02Is,271590,gta5,title,0.85
tsR3xMfvSO0,1599340,로스트아크,title,0.85
tt-IzS7nKn4,271590,gta 5,title,0.85
tyxaQ-iufFM,238960,path of exile,title,0.85
tzVo0NBfNAA,1245620,엘든링,title,0.85
u-nBqkubNTM,1599340,로아,title,0.85
u1fV8gX3H6A,271590,gta 5,title,0.85
u4uaFpjhIz8,578080,배그,title,0.85
Y858z4s72Oo,1599340,로스트아크,title,0.85
YA3-E2KQuxU,1599340,로스트아크,title,0.85
YDMUdg-qA2k,578080,배그,title,0.85
YFWGLopNbs0,2358720,오공,title,0.85
YIS7P2Ijvdo,1599340,로아,title,0.85
YMjHmiyKbTI,271590,gta5,title,0.85
Sn9golUvbK8,271590,gta5,title,0.85
SnqoW4MudGc,578080,배그,title,0.85
SpJPEUDK7mo,271590,gta5,title,0.85
SwgH_br9dss,271590,gta 5,title,0.85
Sx9e9HVC8hY,578080,배그,title,0.85
T11cdA5aP8A,1245620,엘든링,title,0.85
T1hwDVI-BBc,1091500,cyberpunk,title,0.85
-IpErmLKxNc,578080,배그,title,0.85
-Kvbxbt_wvs,578080,배그,title,0.85
-N71Yaup01M,1599340,로스트아크,title,0.85
-OtczbFMKr8,271590,gta 5,title,0.85
-P1y0Rfo1_0,578080,배그,title,0.85
HK-ufKfklRM,271590,gta5,title,0.85
HM76ePeiMHc,271590,gta 5,title,0.85
HMgks3j7D7M,271590,gta 5,title,0.85
HQgMzsa4hBQ,1245620,elden ring,title,0.85
HS6RifoYMZc,578080,배그,title,0.85
HSYfLENBWhc,1599340,로스트아크,title,0.85
HUDmsJO9NkE,1599340,로스트아크,title,0.85
HUqGcxnnVrA,578080,배그,title,0.85
HVrE5oo7PWY,578080,배그,title,0.85
HWMMpKmq5To,578080,배그,title,0.85
HYTDdLh8CWM,271590,gta 5,title,0.85
HYjgbzcXRL0,1623730,팰월드,title,0.85
LK7aBr3LS48,271590,gta 5,title,0.85
LKL9mLBslvI,1245620,엘든링,title,0.85
LNoKz1Ig178,271590,gta5,title,0.85
LS3VW34tpWs,271590,gta 5,title,0.85
LX49M9t9VR8,271590,gta5,title,0.85
Lb3FhQ2KZyw,578080,배그,title,0.85
oSmUYFhMSBc,1290000,시티즌 슬리퍼,title,0.85
oUob71oVV6c,271590,gta5,title,0.85
oVFNZgnkUZA,271590,gta 5,title,0.85
oXPx32JyzDM,271590,gta 5,title,0.85
oXuD2dvfH58,271590,gta5,title,0.85
oYqblwBwtUQ,578080,배그,title,0.85
oZw9fXnTMzg,1599340,로스트아크,title,0.85
o_bMfXU4Lo4,271590,gta 5,title,0.85
obNX2xuwI1c,271590,gta 5,title,0.85
obeKxrG5ZFM,271590,gta5,title,0.85
ocK8jS1ZFFU,271590,gta5,title,0.85
zfch89nR5Vc,578080,배그,title,0.85
zoPb90BbkyU,578080,배틀그라운드,title,0.85
zw8QZVPmNhg,1599340,로스트아크,title,0.85
zwPZRdpsEiY,1245620,elden ring,title,0.85
zz3tsy8yj1g,1623730,팰월드,title,0.85
QdIT7q-4rOk,271590,gta5,title,0.85
Qdv-fipu75M,578080,배그,title,0.85
QlNvLPevboU,271590,gta v,title,0.85
Qo7KUz1R6qU,271590,gta5,title,0.85
QrQZd0s8KaQ,578080,배그,title,0.85
OQ_6JVf6N5c,271590,gta5,title,0.85
ORAjps3bSMA,271590,gta 5,title,0.85
ORPkTXVPceo,578080,배그,title,0.85
ORXsR7zsRRI,271590,gta 5,title,0.85
OSGq118a6hg,1245620,엘든링,title,0.85
OTvfS5TVi8o,1599340,로스트아크,title,0.85
OUubrzdWC3o,1245620,elden ring,title,0.85
OVAwjSXxqxc,578080,배그,title,0.85
OVS_CUe8fhI,1245620,elden ring,title,0.85
OWVbv1BQOnI,271590,gta5,title,0.85
OYj1NayKiqM,1245620,엘든링,title,0.85
OZPrIkZNPwo,1245620,elden ring,title,0.85
O_Z-r9XFy8w,578080,배그,title,0.85
OcSJHL6WH_0,271590,gta 5,title,0.85
OeUOdk1dqK0,271590,gta 5,title,0.85
g_0_MmI8LPQ,271590,gta5,title,0.85
g_FDMvdJaKk,271590,gta 5,title,0.85
gapl6GmWsZU,271590,gta5,title,0.85
gcdcltSwors,271590,gta 5,title,0.85
giyEtnni82g,413150,스타듀,title,0.85
VXylL1EailA,578080,배그,title,0.85
VYfprIFBDIY,578080,배그,title,0.85
VZa7Uzrv8jw,1599340,로스트아크,title,0.85
Va7dbCjzuzk,271590,gta 5,title,0.85
VfdhRluorw0,381210,데바데,title,0.85
VhqoWCR4rW4,271590,gta5,title,0.85
VkNzvzz-CHY,578080,배그,title,0.85
VkOH-mYkowQ,1623730,팰월드,title,0.85
VkaL50mtQvI,1599340,로스트아크,title,0.85
Vl-DFm4Qees,271590,gta5,title,0.85
VlCYnph-wx0,578080,배그,title,0.85
VnaWalx1_VA,271590,gta 5,title,0.85
agFB_j6RkSA,1245620,엘든링,title,0.85
akgoB21G9FI,578080,배그,title,0.85
apl1lp7ZKxA,578080,배그,title,0.85
arhj8xHHnHQ,1599340,로아,title,0.85
atFvx-_l1dc,238960,패스오브엑자일,title,0.85
atiY6wkkVYE,271590,gta 5,title,0.85
au-9UPFtODk,578080,배그,title,0.85
axw8j_GMgdw,271590,gta5,title,0.85
Rj-c9Uau3Zc,271590,gta5,title,0.85
RlpEEMTQW9s,578080,배틀그라운드,title,0.85
Rr3Qqn9oYCQ,578080,배틀그라운드,title,0.85
RsNDiSuF4ZE,1599340,로스트아크,title,0.85
RxmR0LCt_fE,271590,gta5,title,0.85
RyhifuyYJMs,578080,배틀그라운드,title,0.85
RzFN_436Awg,271590,gta5,title,0.85
RznczcstFhs,271590,gta 5,title,0.85
_SbeG5TqnQ0,1245620,elden ring,title,0.85
_V5-eRN0Gf8,381210,데바데,title,0.85
_ZgHueF-fsI,1599340,로스트아크,title,0.85
__edo5IZiHo,578080,배틀그라운드,title,0.85
_jqVUnqIiEs,271590,gta 5,title,0.85
_ksALr7oeDU,1599340,로스트아크,title,0.85
eq-55hcOFsM,271590,gta5,title,0.85
erOWsnhKtGE,578080,pubg,title,0.85
etLY2VW6ZpY,1245620,엘든링,title,0.85
etkRVXF1Pa4,271590,gta5,title,0.85
ev0Pwu_bg30,1599340,로스트아크,title,0.85
eviNfsz64wg,1599340,로아,title,0.85
f13XVayA0SM,578080,배그,title,0.85
Nrxj0LT3YGw,1623730,팰월드,title,0.85
Ntvu2AUwQQI,1623730,팰월드,title,0.85
NuG6toVGTFY,578080,배그,title,0.85
NvMXTDOWzXQ,271590,gta 5,title,0.85
NvNgCZ2NzUA,578080,배그,title,0.85
NyXehZBrZoI,578080,배그,title,0.85
NydJz8ARp40,1599340,로스트아크,title,0.85
O-OkzX5spOQ,271590,gta 5,title,0.85
O0ve8n3My_g,271590,gta5,title,0.85
O6CW0ma7Z5M,271590,gta5,title,0.85
ivuIDPYpJyc,578080,배틀그라운드,title,0.85
ivz22QtOT8c,578080,배틀그라운드,title,0.85
ixqdlV-oZsQ,2358720,검은 신화,title,0.85
iznEynbRGFI,1599340,로스트아크,title,0.85
j0McQTRJy2U,578080,배그,title,0.85
j4TluvFIbp8,578080,배틀그라운드,title,0.85
j7os2ycWvNQ,1599340,로스트아크,title,0.85
M-R6q9NJNMM,1794680,뱀서,title,0.85
M0DG-Bg5raU,271590,gta 5,title,0.85
M14VMwgvNPo,271590,gta5,title,0.85
M464WPW_gek,1623730,팰월드,title,0.85
M6yYSBBsAuI,1599340,로스트아크,title,0.85
MCabx9Ik-2w,578080,배그,title,0.85
MEwTNUWEJRw,578080,배틀그라운드,title,0.85
MEyN_1TXVOk,1599340,로스트아크,title,0.85
MFZ6p_Tf2cI,578080,배그,title,0.85
ftVrIL_NlrA,578080,배틀그라운드,title,0.85
fumQP7LfPx0,1599340,로스트아크,title,0.85
fvWm3szctDU,1599340,로스트아크,title,0.85
fwu5TTGXiro,1290000,시티즌 슬리퍼,title,0.85
g0HsKGGsk7s,271590,gta5,title,0.85
g1UK52wzWRY,578080,배그,title,0.85
g2EMdVecXYc,1599340,로스트아크,title,0.85
WA0Qg0YP_5k,1599340,로스트아크,title,0.85
WA10OKDSK9c,271590,gta 5,title,0.85
WCChhpl5D9U,271590,gta5,title,0.85
WCh4RQnwCKU,578080,배그,title,0.85
WCk8HrzEk4k,1623730,팰월드,title,0.85
WDWX3H-3mlQ,1599340,로스트아크,title,0.85
WE-QX_xpo7U,1794680,뱀서,title,0.85
WFynPYS5vMU,271590,gta 5,title,0.85
WI5k-7B5Mq0,578080,배그,title,0.85
WLnVq4sCir0,1599340,로스트아크,title,0.85
WP31GLKpfDM,271590,gta 5,title,0.85
WQP5UdoH214,271590,gta 5,title,0.85
WRoIDUcNlsY,1245620,elden ring,title,0.85
IXPyGvvz0w0,271590,gta5,title,0.85
I_TXvPutJw8,578080,배그,title,0.85
IbLTtKBNT68,2358720,오공,title,0.85
IblHCJhqKl4,1599340,로스트아크,title,0.85
IcKKQPdPgzo,1245620,elden ring,title,0.85
IcpOCBMf5y4,578080,배그,title,0.85
IhylNsdRsmg,578080,배그,title,0.85
slxVWy2EOS4,578080,배그,title,0.85
svrDa33Q6i8,271590,gta 5,title,0.85
sz7E9S2QYB8,1245620,엘든링,title,0.85
Gc0SgghEVsg,578080,배그,title,0.85
GcwttNmIkF8,578080,배그,title,0.85
GdrPpSOWgYg,1623730,팰월드,title,0.85
GefgP1cw6VE,578080,배그,title,0.85
GfsnwXaNXek,578080,배그,title,0.85
ZLUC5JcKpg4,271590,gta5,title,0.85
ZMNuUZ6GSas,1599340,로아,title,0.85
ZNxEyB2XUAo,271590,gta5,title,0.85
ZX6UTNIFEps,1599340,로스트아크,title,0.85
ZYvKxtWXUDA,271590,gta 5,title,0.85
Z_pbj3t-WfA,578080,배틀그라운드,title,0.85
4HQfrEsBfsM,1245620,elden ring,title,0.85
4L3G8odG4g8,271590,gta 5,title,0.85
4NR9jXeVIsE,578080,배그,title,0.85
4PbKY1jeXV4,1245620,엘든링,title,0.85
4R9SV8OQmH8,578080,배틀그라운드,title,0.85
4RrCsjT72PA,578080,배그,title,0.85
4SlvNSeu-bU,271590,gta 5,title,0.85
uO8yGZ15wgY,271590,gta 5,title,0.85
uRLAh-KFHKU,1599340,로스트아크,title,0.85
uVHMiVrHVQo,271590,gta 5,title,0.85
ufZydCBa9FA,1599340,로스트아크,title,0.85
k76XnLHAJv8,1599340,로아,title,0.85
k7DuSHPzzko,1245620,엘든링,title,0.85
kAef1qRUJ5U,578080,pubg,title,0.85
kD79YCKLeFY,1599340,로스트아크,title,0.85
kH4j4ebFOPs,413150,스타듀밸리,title,0.85
kLrW3Ki0wCo,578080,배그,title,0.85
54fIGDsSj7g,578080,배틀그라운드,title,0.85
54y4TkUcGAI,1623730,팰월드,title,0.85
551JqKy6Pzk,271590,gta 5,title,0.85
5686DoeQqXg,1245620,elden ring,title,0.85
8qIg2iH7Db8,1599340,로아,title,0.85
8qdSjIbAPac,2358720,검은 신화,title,0.85
8tECTv0L-t0,271590,gta 5,title,0.85
8vCGti3bHmU,578080,배그,title,0.85
8wUTNBGvKuU,1599340,로아,title,0.85
8wppVfJ8pQQ,578080,배그,title,0.85
8ypvt2vNdUw,1599340,로스트아크,title,0.85
8z5kL_fqFDA,271590,gta 5,title,0.85
9-KwRmhRSGc,578080,배틀그라운드,title,0.85
9-NkBVgVJ5w,1599340,로아,title,0.85
FL10QD3_ALU,578080,배그,title,0.85
FLerBL5Cc10,1599340,로아,title,0.85
FR6tQAKJLEU,1086940,발더스게이트,title,0.85
FWyXSzlXOns,271590,gta 5,title,0.85
FY82rG9UQ9Y,1599340,로스트아크,title,0.85
FYhB_jgOz_Q,1245620,elden ring,title,0.85
bMuCXxBF6LY,271590,gta5,title,0.85
bPGgbTOm8rY,271590,gta 5,title,0.85
bW5vZP0BkqA,1245620,엘든링,title,0.85
bXw3H1aTxtM,578080,배틀그라운드,title,0.85
bYLSCv-UxF0,1599340,로스트아크,title,0.85
bcCSFerdcLM,271590,gta5,title,0.85
Zpx4vV5wR-4,271590,gta 5,title,0.85
ZqeVdKeY8-M,271590,gta5,title,0.85
ZrJA4OctQoU,578080,배그,title,0.85
Zu2kL9E91sc,1245620,엘든링,title,0.85
_18AQxyTQGI,271590,gta5,title,0.85
_298u5mG_4w,271590,gta 5,title,0.85
mR5-HHHQ1F8,271590,gta 5,title,0.85
mT0ggdp3v_g,578080,배그,title,0.85
mT3fj8ifVfQ,1245620,elden ring,title,0.85
mTATAZxX920,271590,gta5,title,0.85
mUTCtLQtvU8,271590,gta5,title,0.85
mUZiKXhvp3o,1623730,팰월드,title,0.85
mVuWlzDyrSU,271590,gta5,title,0.85
mWgFHv2bpQQ,578080,배그,title,0.85
NGm_KOIZr70,271590,gta 5,title,0.85
NIoZITFuumY,578080,배그,title,0.85
NLymXQPPNpo,271590,gta 5,title,0.85
NMLoejSjqcY,1599340,로스트아크,title,0.85
NMjZM_Gj2FM,578080,배그,title,0.85
NO75FPEbtx4,578080,배틀그라운드,title,0.85
NOPWLRwEfxo,1599340,로스트아크,title,0.85
NQk1CmLx0MI,1599340,로스트아크,title,0.85
brLuluxBePg,381210,데바데,title,0.85
bt58TZNUKqg,578080,배그,title,0.85
btagO1eMESQ,271590,gta5,title,0.85
bu6XYInYAMU,1245620,엘든 링,title,0.85
buo5IMZ9mdU,1245620,elden ring,title,0.85
bwuAkD6wbjs,1599340,로스트아크,title,0.85
bzcwd7P8UGc,578080,배그,title,0.85
c3c7XAT2X5w,271590,gta 5,title,0.85
c46jYRXJJwA,1599340,로스트아크,title,0.85
c4OoT6XfLXo,271590,gta5,title,0.85
R98mPvP2Tok,271590,gta 5,title,0.85
REUOrB2uUVo,271590,gta 5,title,0.85
RHi4lxCGyBI,1290000,시티즌 슬리퍼,title,0.85
RHqRcYAMz7M,271590,gta 5,title,0.85
RIW02b60koc,578080,배틀그라운드,title,0.85
RLGNWAVEPXM,271590,gta 5,title,0.85
RMhaw9gWTnY,578080,배그,title,0.85
vB2nG_VwfQs,578080,배그,title,0.85
vFCD6ANBi00,578080,배그,title,0.85
vGVlXSzSJYM,578080,pubg,title,0.85
vJAFiIuKmMQ,271590,gta 5,title,0.85
vJPwXVscd50,271590,gta5,title,0.85
vMgUNbEF5v8,1623730,팰월드,title,0.85
vMhvJ47J_D4,1599340,로스트아크,title,0.85
crA2wlpfHu4,271590,gta 5,title,0.85
czQ0HpFQuQw,578080,배틀그라운드,title,0.85
czZQjGefio8,271590,gta 5,title,0.85
d1eKKqsUQAU,1623730,팰월드,title,0.85
d2qxzMiU-D4,271590,gta 5,title,0.85
d2tAF6wiSTo,578080,배틀그라운드,title,0.85
7EC3DvKe5Ag,578080,배그,title,0.85
7HWKyd9HmKs,1599340,로스트아크,title,0.85
7JnlASoa6Gs,271590,gta 5,title,0.85
Yk2ui2PFDHQ,271590,gta5,title,0.85
YmdzFCwUJVU,2358720,검은 신화,title,0.85
Ymg6p2wcP9A,271590,gta 5,title,0.85
YqS5zWLotow,1245620,elden ring,title,0.85
Yr_Jop8PahM,578080,배그,title,0.85
YtU0jxyOfVU,578080,배그,title,0.85
YvEtxI2660I,271590,gta 5,title,0.85
Yy71_0YiM4I,1599340,로스트아크,title,0.85
kfg8bhDzl7E,271590,gta v,title,0.85
kfjoJvPLFF0,578080,배그,title,0.85
kgqMKwz4PKo,271590,gta 5,title,0.85
kj4zGFgHrXs,271590,gta 5,title,0.85
kjYH_MXWkwg,578080,배틀그라운드,title,0.85
klN6Z7c0yWQ,578080,배그,title,0.85
EIOGLaqp7-c,1623730,팰월드,title,0.85
EKVt3mW8hiw,578080,pubg,title,0.85
ELpF4vHJV58,1086940,발더스,title,0.85
ENZkMu-bGDw,1599340,로스트아크,title,0.85
EVD8mCxfHaU,1623730,팰월드,title,0.85
EVlcaZj95pI,1599340,로스트아크,title,0.85
EVrJDkKz0Ho,1623730,팰월드,title,0.85
KLWUpyA22qA,271590,gta 5,title,0.85
KOxuBJR_25k,271590,gta 5,title,0.85
XV3IElM8WOc,1623730,팰월드,title,0.85
XVnwazz2Y2U,271590,gta 5,title,0.85
XaltIA7tEZU,1599340,로스트아크,title,0.85
Xaxj0puhzN4,1599340,로스트아크,title,0.85
XdbQkZVDXGM,1599340,로스트아크,title,0.85
XfUPVlIosFc,271590,gta 5,title,0.85
XfieNTANbLA,1623730,팰월드,title,0.85
V4IQzOeLPnU,1623730,팰월드,title,0.85
V7Gq2l_T_GE,271590,gta 5,title,0.85
V7MhVPbO6ME,271590,gta 5,title,0.85
V99Lw2nIRZo,578080,배그,title,0.85
V9I4aqJg_qI,578080,배그,title,0.85
VAc9cuAHTc4,1245620,엘든링,title,0.85
VBuQNMJi8Y8,1599340,로스트아크,title,0.85
VDOnHyXOMVw,578080,배그,title,0.85
CpCeKOgRfHE,1599340,로스트아크,title,0.85
CpLxLsl4r_E,578080,배틀그라운드,title,0.85
CwpT__daxW4,578080,배그,title,0.85
Cyo0-pHqBI0,578080,배틀그라운드,title,0.85
wG1deTQ1fjc,271590,gta 5,title,0.85
wJHUoOpe_o8,578080,배틀그라운드,title,0.85
wK2_vDH0BNw,1599340,로아,title,0.85
wOdvKD-xnc8,578080,배그,title,0.85
wOnvsEamDso,578080,배그,title,0.85
g4GRkL3BdVA,271590,gta5,title,0.85
g552s2aFDxE,1599340,로아,title,0.85
g6HZJrNAfPw,1290000,시티즌 슬리퍼,title,0.85
g940a5R6Qyk,578080,배그,title,0.85
gACGkcbFSoA,578080,배그,title,0.85
gBrR-TRi7og,578080,배그,title,0.85
gF2T3_cnMj8,578080,배틀그라운드,title,0.85
gGGNkXbXVbo,271590,gta 5,title,0.85
ouaH4lMqFRY,271590,gta v,title,0.85
oyeqgaLJ8WQ,271590,gta 5,title,0.85
p-0YOT-l5DM,271590,gta5,title,0.85
p-rD7owJjXc,381210,데바데,title,0.85
p0xEfyOg8ck,578080,배그,title,0.85
p4PzEEgj09I,271590,gta 5,title,0.85
GpWsAu8s53o,271590,gta5,title,0.85
Gqh-tSLmB2c,271590,gta5,title,0.85
GrzCzeHqpqY,578080,배그,title,0.85
GsK7aUa5vac,578080,배그,title,0.85
Gxp__gpOUI0,271590,gta 5,title,0.85
C4Km8jNQ3P8,271590,gta5,title,0.85
C4Q4RiGjfkc,578080,배그,title,0.85
CA2GXYt_Qsk,271590,gta 5,title,0.85
CCBTiKYR9aY,1599340,로스트아크,title,0.85
CCDGxyEeEJA,271590,gta5,title,0.85
CCU2vtYN7xk,271590,gta5,title,0.85
CCt18UtBpPY,413150,스타듀,title,0.85
qreNFHQfSvM,271590,gta5,title,0.85
qyOv-wsaUFc,578080,배틀그라운드,title,0.85
qzjLyYS3HK0,1245620,elden ring,title,0.85
7NET_8gPDlg,271590,gta 5,title,0.85
7OorlHXGnZw,271590,gta5,title,0.85
7RdHwusdQ5c,578080,배틀그라운드,title,0.85
7YEx6uWNmtY,271590,gta 5,title,0.85
7Yi8R5SzVNg,1245620,elden ring,title,0.85
mc6CVDSVEXI,271590,gta 5,title,0.85
mhV1YD3TMXk,271590,gta 5,title,0.85
mjTXhwsqXVs,578080,배그,title,0.85
mkNI5IUBUAo,1245620,엘든링,title,0.85
mmdbdytxvNw,271590,gta5,title,0.85
mn-qKRW-Fac,271590,gta5,title,0.85
mnhs8kT-F0k,1245620,elden ring,title,0.85
mnlYNPsUMZg,271590,gta 5,title,0.85
BfAvCg2KECA,578080,배그,title,0.85
Bfdkfa8vl_0,1091500,사이버펑크,title,0.85
BiEKb_OWu1Q,1599340,로스트아크,title,0.85
BjoN53Krf-Q,271590,gta5,title,0.85
Bk77_1F2Ivo,578080,배그,title,0.85
