row_id,prediction
UCl-VnCUwSxDr5zPu-YlDUYw_2026-09-01,0.20172910662824206
UCnkytUgy0CtWd06up9CjNxg_2026-09-01,0.0196926032660903
UCpI-AhCT02iQRGLC2ZcY0Jw_2026-09-01,0.09702209414024976
UC9otskL_kd-0CDib_5Lj-mQ_2026-09-01,0.11767531219980787
UCSzHok6X5qXEO7cjvVnE62g_2026-09-01,0.059558117195004805
UCWU2V62eLE3oQ7AjIGS2STQ_2026-09-01,0.29827089337175794
UCSfhr4gDPFsKuwdmTOWp2jw_2026-09-01,0.9937560038424591
UCnhGcri8x6xhehanhAe9ipw_2026-09-01,0.09365994236311238
UCoH2pCzAr6zWDG-LtUiLWRw_2026-09-01,0.07204610951008646
UCUt2AEhC-OOC2EPCzj4DkCw_2026-09-01,0.20461095100864554
UCrfB1-zWijAYkgfZW7Ehc8Q_2026-09-01,0.02785782901056676
UCBTsPtRCh6ln3IRQFjhjh1A_2026-09-01,0.02113352545629203
UCUbOogiD-4PKDqaJfSOTC0g_2026-09-01,0.021613832853025938
UCnCH3Uhv_ynhTNKEH6ekRtg_2026-09-01,0.1820365033621518
UCqIwPYLfMd3EoWYwvyTjPnA_2026-09-01,0.09798270893371758
UCY_vDlvG-BTDRIOk_I9QQ6g_2026-09-01,0.931316042267051
UCZ-UuK86Bk5sGzQQ2cEglJQ_2026-09-01,0.020172910662824207
UCv1tOT645xHOJrwdGlzjMaA_2026-09-01,0.11671469740634005
UCuWDza8A_ntbjwBZgW0ZSNw_2026-09-01,0.8314121037463976
UCrXfM4HsibSucC_NlIY7v0Q_2026-09-01,0.9548511047070125
UCYGF_xk5RDpltyZDSx040uw_2026-09-01,0.08789625360230548
UCZudBEEhIf6i8XIZZn3QDvA_2026-09-01,0.08837656099903939
UCbFzvzDu17eDZ3RIeaLRswQ_2026-09-01,0.0014409221902017292
UCrY2B2XX41ReYh9DIWrFfCg_2026-09-01,0.24543707973102788
UCyiKngyUPUb1bka4yFrn65g_2026-09-01,0.9514889529298752
UCybfHuHkJRzGDymek2Dsqvw_2026-09-01,0.07300672430355427
UCEuP8zMn3ln3ZqJa85dp9JQ_2026-09-01,0.18972142170989434
UCvPDPTxTLitVEyGu4Xt6m8g_2026-09-01,0.13208453410182516
UCDHGqgpiHQAsE0UiltRqhfQ_2026-09-01,0.1138328530259366
UCJoWNCiFuiN4eZnB80WUf4Q_2026-09-01,0.05139289145052834
UCLHwMFguUxHVSk91vzicEJw_2026-09-01,0.06099903938520653
UCRpdlPk671uOMiBtf5HtB3Q_2026-09-01,0.12247838616714697
UC5grrciAyUF4xjd42XhV-1Q_2026-09-01,0.24975984630163306
UC783XWULPW-nDGv_0EYlB6Q_2026-09-01,0.07636887608069164
UCJpAwvQaZyCI5spAz7tipGA_2026-09-01,0.004322766570605188
UCNmN3W2H0r5_hV2drzbEn7Q_2026-09-01,0.074447646493756
UCi5yzN6jpdz2akGTm-mJSKQ_2026-09-01,0.2920268972142171
UCjyXK9pWHwWR_-bRibFaWDg_2026-09-01,0.0984630163304515
UCZPfs7xIjGmOGs9kvgGhUKQ_2026-09-01,0.3256484149855908
UCepHesz_5Lwr7qRaqjB-p1A_2026-09-01,0.06964457252641691
UCfIUuMA7U_jImP7oWfTe4Pw_2026-09-01,0.0038424591738712775
UCby0vMKcLR05ZdS90aZd5og_2026-09-01,0.9759846301633045
UCQJuZxeDv2P05YHcC-tIEVQ_2026-09-01,0.1373679154658982
UCp_jHNjcoiXC7SlElrBmzBA_2026-09-01,0.2175792507204611
UC-2wa6jvprl7hfCpvw0ULzg_2026-09-01,0.07252641690682037
UCvPGGL-OTEAQlwAUxbcJO8g_2026-09-01,0.014409221902017292
UCEg24oF81p-THPtp3otdmTA_2026-09-01,0.053314121037463975
UC-yb5eNBQyXBE9nZnht9u-g_2026-09-01,0.22910662824207492
UCCMQyaKDjQJY79VimTdaYYQ_2026-09-01,0.022574447646493755
UCO94iFhOhtdGb4Ze5DUAtbw_2026-09-01,0.21373679154658984
UCQfd-b9GRBrUP0-wCqabLTA_2026-09-01,0.27521613832853026
UCWH9vqm4yM9MHiSUPTfdJYg_2026-09-01,0.7680115273775217
UCDBAVzfX3yZ1hah0FHnOoaA_2026-09-01,0.0033621517771373678
UCD2YO_A_PVMgMDN9jpRrpVA_2026-09-01,0.0004803073967339097
UCDYAog4sNhwQ5pXtAZiT0Og_2026-09-01,0.08117195004803074
UCXS55IczImEf64aU16NzKlg_2026-09-01,0.25408261287223827
UCab17MxxnFtAhGsJVTkSkCg_2026-09-01,0.2857829010566763
UCQuY08EEKLFOp0D37Sfpd0A_2026-09-01,0.1431316042267051
UCeiDuGZqWT4iiIXRTfhM3qQ_2026-09-01,0.23631123919308358
UCdcjduaR6hyGHVNmpbJzSsw_2026-09-01,0.24159462055715655
UCBvKuSAkXERBnGSQOH0Sarw_2026-09-01,0.1829971181556196
UCdb5lyq0tWbY3jqH35SufmA_2026-09-01,0.15706051873198848
UCaHIZAKows704_gk6bjdAog_2026-09-01,0.07156580211335255
UC5RxNUZ9_c94ZEfJGnJZmTw_2026-09-01,0.9269932756964457
UCb5NLtXAsTBrmaZVhyFa-Wg_2026-09-01,0.03314121037463977
UC7nIK3KpkhbGee5K_sVBscQ_2026-09-01,0.16522574447646493
UC7bcRlidTERRb_MKRHPVSnw_2026-09-01,0.036983669548511046
UC4ncZM9bnBknxPkJbq4miHQ_2026-09-01,0.12343900096061479
UC3Z9lUjG5BU60sce2-Axbjw_2026-09-01,0.2795389048991354
UC3Oe-jfrIqEGygxYBYyN6jQ_2026-09-01,0.21565802113352547
UCBtJuwDt6LlXp2YASC-ZMdA_2026-09-01,0.3078770413064361
UC3hCAmwyYNgRuOOSFV7evVA_2026-09-01,0.12439961575408261
UC3pTpoDKt17IrCDH60kSNPA_2026-09-01,0.9344380403458213
UCkd3KAYGnTNPJZZrPOFeWhA_2026-09-01,0.15033621517771373
UCsmsw8102lekPyVYwKMHxmA_2026-09-01,0.9140249759846301
UCtLWxhEMKOio-GzdVJ1CVhg_2026-09-01,0.978386167146974
UCkrNv6xF8j7QZmWb3UeAH8A_2026-09-01,0.9068203650336214
UCkoszQp0YiJa9lGm_wK0xGQ_2026-09-01,0.3016330451488953
UCraf4ugZTyvFY6AJ0VjIxFA_2026-09-01,0.2886647454370797
UCsuanL5kXO29Uzz3MWlBsMQ_2026-09-01,0.9882324687800192
UCtGMgPWJNU2Aj-SNK0zg0Sg_2026-09-01,0.9226705091258406
UCrExV5uWnC3-WUnUN2Ck8HA_2026-09-01,0.94716618635927
UCqyzJW0VRYRP_sFELZYdxGg_2026-09-01,0.212776176753122
UCK1aVlIbEBrdhv-gbSgGIkQ_2026-09-01,0.978866474543708
UCKrprPfevcAZpPuRnCO6xOA_2026-09-01,0.2929875120076849
UCMAfHuocszM6UTORPwUmeNw_2026-09-01,0.8222862632084533
UCM81CAJ2_Y42-bvK1OQnAAA_2026-09-01,0.040345821325648415
UCJJZkVUNIxq8XNDzHiAD-eQ_2026-09-01,0.05811719500480308
UCcstDLbuhxEbFKkPZ6wST2A_2026-09-01,0.14793467819404418
UCULRVjf5z_WoR106msn8HoA_2026-09-01,0.04130643611911623
UCcJliZnsRbNw4I4uWSGq_wA_2026-09-01,0.8813640730067243
UCJmnOEp1-OITEU0mk4icM5A_2026-09-01,0.049951969260326606
UCZ6mNZTiTUrUSbSYPlclI4A_2026-09-01,0.2780979827089337
UCp6n8d8Y8r3MwKNw_MMaouQ_2026-09-01,0.22478386167146971
UCeOXoe4zJCBTBwHN1M_djUw_2026-09-01,0.29010566762728146
UCgO8sNnksVuKcuTVTQKSK3A_2026-09-01,0.08309317963496637
UCgLFbrC7-g0ihBKB0obVPTg_2026-09-01,0.9908741594620557
UCJDXc9JWCZo-nLNKr_-L2Ng_2026-09-01,0.26777137367915466
UChHxLcNi7e0zu-e33HM6v6A_2026-09-01,0.14169068203650337
UCwfbSsZ7_sccxcibe60mWlQ_2026-09-01,0.15417867435158503
UCifCesg-EUkjKyQedaB3hRg_2026-09-01,0.18251681075888568
UCcgkgKhXT6QwdGj9Nr8PBcg_2026-09-01,0.01729106628242075
UCdQHEqTxcFzjFCrq0o4V7dg_2026-09-01,0.0941402497598463
UCcHVk5SFxfYhCbbX8pWWuVg_2026-09-01,0.15609990393852066
UCwBkHOTyu57NQi0syf5MLig_2026-09-01,0.05187319884726225
UCfcfymsN3OMo2cfmbpGTanw_2026-09-01,0.10999039385206533
UCfjMjhfjRRy8B0mfqbO_43w_2026-09-01,0.0643611911623439
UCjSNmS8qcD1jEdQhU5h-zKQ_2026-09-01,0.9903938520653218
UCww3MeqGQnIatVvEr3pSjhA_2026-09-01,0.07492795389048991
UCwlUB3goOsh4tpqZKIzUAbA_2026-09-01,0.12632084534101826
UCjUnlBpn0Z1L450g79fniRg_2026-09-01,0.9505283381364072
UCz4b1O9sT73P8DWwx6OvQwg_2026-09-01,0.10854947166186359
UCVey3Q_CodrHAWBonTGbHFg_2026-09-01,0.20509125840537945
UCVnp5Jumir-XIyeejktUhlg_2026-09-01,0.20730067243035544
UCPuD5ZRQWa_JCaY5NokNhtg_2026-09-01,0.30499519692603266
UCeRn_02zEifLqXxZkTpiXzA_2026-09-01,0.7958693563880884
UCikKJvpU0Ylua4hRW6faQRg_2026-09-01,0.2531219980787704
UCZNTsLA6t6bRoj-5QRmqt_w_2026-09-01,0.07012487992315082
UCy8OX8RrstkjRrnM5hND_ug_2026-09-01,0.27857829010566765
UCyZXLzORHoh9QMwA7IwS0pA_2026-09-01,0.9687800192122958
UCvrxJgD0T_TFvgsO2nA-fDQ_2026-09-01,0.029298751200768493
UCxpXguPL_B5pz7Gq8ozfwlA_2026-09-01,0.8578290105667628
UCz5UFGucIyJGH0nf_8d0ghA_2026-09-01,0.2612872238232469
UCYG8tuvbQzWsDeoADyJFU8Q_2026-09-01,0.25360230547550433
UCuZ862fZel1gq9RAf_OkvqA_2026-09-01,0.13448607108549473
UCzVXdulvpgEoI8yuFMmhxJw_2026-09-01,0.7170989433237271
UCvuc6-wCcCeDrQ9dA52pBBQ_2026-09-01,0.9332372718539865
UCuFguUhr9Wr0tFY85nDGk9w_2026-09-01,0.20028818443804033
UCzps05UZ7XpX3SFoFyYIDow_2026-09-01,0.11959654178674352
UCYJ0Ucu9jPX5kn6SeDcNaIQ_2026-09-01,0.031219980787704132
UCQSEAbOs6vsJfy7WN7iYaGQ_2026-09-01,0.6897214217098943
UC00raQBBBGagQthJ01ZYIIQ_2026-09-01,0.9154658981748319
UCJzfS-WmieHog0H2OQoXkeQ_2026-09-01,0.09654178674351584
UCnju7ULBic4VgkCfDvVXCnA_2026-09-01,0.1892411143131604
UCNNR1-x2NhZARsNGnQlh2sQ_2026-09-01,0.10518731988472622
UC-S8JFhLkQ5enhB70c2CYIw_2026-09-01,0.019212295869356386
UC0PMQXAwF6O6aeTpv962miA_2026-09-01,0.10182516810758885
UC0aKwoKNeqBaUwiEXmkQaGQ_2026-09-01,0.07060518731988473
UC2WBkFH1nHcO6aFLWo6sZQg_2026-09-01,0.1546589817483189
UC0tmAwhgk_1ATJtFyVHrFxg_2026-09-01,0.059077809798270896
UC24GgPBq5W3v34z0p0uk1Ow_2026-09-01,0.9538904899135447
UCKUUL3fMVvYVZdGkKhhjP0A_2026-09-01,0.13112391930835735
UCL2ZLyAV0H9Pvi46W7TGdHQ_2026-09-01,0.08645533141210375
UCYJDUekoQz0-bo8al1diLWQ_2026-09-01,0.0024015369836695483
UCaY7wcqhFb_c2eQ1eRB8rOQ_2026-09-01,0.1440922190201729
UCnMshUhBxDsKFPnxBGmGEpg_2026-09-01,0.9726224783861671
UCjsqgRBvkn8XadWraSQxTKQ_2026-09-01,0.9800672430355428
UCgeazIBHz3JS7ft7_nyj-0A_2026-09-01,0.7968299711815562
UCfq-5-0b5Lzj7cKCrp6-flA_2026-09-01,0.9245917387127762
UCjiPEaapiHbJMoAdi_L8fNA_2026-09-01,0.17271853986551391
UCjBPx2oip2bKnnfqKyas0ew_2026-09-01,0.9063400576368875
UCiE9ZR51IeGPRbD4_Px6_Fw_2026-09-01,0.01392891450528338
UChKYbZ9fSz8DMM6wU-t1lMQ_2026-09-01,0.196926032660903
UC86GXx7Ap-Cahlb0r0xT-ZQ_2026-09-01,0.1685878962536023
UCd6CX2LiQE2dEAPXwk2N0jg_2026-09-01,0.0446685878962536
UCQzgMwT5Q6x-Mtq65HRS_0Q_2026-09-01,0.21998078770413065
UC9vz3TBChrJmYbzUo-rqfSg_2026-09-01,0.11479346781940442
UCSh__r5HS4Y1xBkccWnV0TA_2026-09-01,0.013448607108549471
UCS-X1uBDTNwAYyydiXjcX9A_2026-09-01,0.9087415946205571
UCSkCNddZwo__x-iUr-KDFWw_2026-09-01,0.01585014409221902
UCSl8TBqqflby-ymdEQVfRNQ_2026-09-01,0.11623439000960616
UCOgXOOKbZRtfQvlggBpN6zw_2026-09-01,0.9750240153698367
UCcum1rCJ5GJeQ_xv0xrohqg_2026-09-01,0.10758885686839577
UC_RRZdJk55ShXE-9d3deRUA_2026-09-01,0.18876080691642652
UCPN9TrChCye1s97iEUOsIeA_2026-09-01,0.33285302593659943
UCBo7GIv99qTzHaa6ip09YLA_2026-09-01,0.9317963496637848
UCTmniSiCVyG_UKVCEa9PNKA_2026-09-01,0.2588856868395773
UCamHctB9_ZaFO9vZElnl_Yw_2026-09-01,0.8266090297790586
UCa4clnMsHg6uJPpxKbxCEmA_2026-09-01,0.06484149855907781
UCarBV0zWlC2k-HteyeKqfag_2026-09-01,0.1733909702209414
UC3RzmV2LX3AmWhZVx0A7u0A_2026-09-01,0.07540826128722382
UCeBa5aBvHvly34S0Uk9Wqig_2026-09-01,0.9495677233429395
UCaj7p2XHGqfBYb2OI-7Q2DA_2026-09-01,0.06147934678194044
UCDLDbittWhk2KXvaCT0YpZQ_2026-09-01,0.09077809798270893
UCD8r5Jgns2V64-NcUmXclpg_2026-09-01,0.05235350624399616
UCtUHgx7SA_eZFssVODDh82A_2026-09-01,0.062439961575408265
UCkphwoGMBs2_0raLOqu9aQw_2026-09-01,0.9971181556195966
UCm6Y-gVqhlhX4FzrJCtsSzg_2026-09-01,0.037463976945244955
UCmcBe97VA2LqVEQUeeZl6Ew_2026-09-01,0.026416906820365033
UCEcRvF_6IRSux8FO-ogFZug_2026-09-01,0.13256484149855907
UCGW76VChAJKee9kYzvyoycQ_2026-09-01,0.2521613832853026
UC5WN-znPsJK0BbA8aHxZHWQ_2026-09-01,0.23222862632084532
UCaova9Q4UZLPqFnSvq8VxzA_2026-09-01,0.12776176753121998
UCaN3tSrrzIrXSDonEe7LK9A_2026-09-01,0.27569644572526414
UCHCeN9BUgogMGrHBC6zKYvA_2026-09-01,0.2223823246878002
UC6JTm9ObvQFuTEOxOsbmYwA_2026-09-01,0.10806916426512969
UC7hwQp3F6P_OwyRM14p88iQ_2026-09-01,0.0946205571565802
UC7wtTnMorJi_d93lb_P2Xow_2026-09-01,0.11815561959654179
UCqPN9LAkx20aBWOafwvQB-Q_2026-09-01,0.023535062439961577
UCIsrVj53L57rcLAPOre4Xhg_2026-09-01,0.06628242074927954
UCHbz27HAkCIQNw_G2Pa7XVg_2026-09-01,0.12055715658021134
UCqVkQsNin4MdGFrWvzFVOKw_2026-09-01,0.17243035542747356
UCta3D5-EYqO-pduQLxQ8mNQ_2026-09-01,0.26849183477425553
UCqjUPx-UAFHVvthd71bY7_g_2026-09-01,0.21661863592699326
UCAenntxQB3F7AH637vySglg_2026-09-01,0.32324687800192126
UCATlfGN7EDjXS_2ofklb3bw_2026-09-01,0.1493756003842459
UCvagJYsZ_uvB3jJoNwuimZQ_2026-09-01,0.8102785782901057
UCrxzkAOXEbflxcTbRYnCoTw_2026-09-01,0.10470701248799232
UCk3w4CQ_SlLH4V0-V6WjFZg_2026-09-01,0.05427473583093179
UClHTjLVog7CkRF8tYJuNXXQ_2026-09-01,0.3160422670509126
UC_O4_e0nbsMoU1rg7JU_nwQ_2026-09-01,0.043707973102785784
UC3BUvshHmW_-ReQX1B_EeOA_2026-09-01,0.20009606147934678
UCeB_ZeSo0xDL62wWlkTEtjA_2026-09-01,0.13592699327569643
UCOaUTqrtz1yBBiwziVJEAmQ_2026-09-01,0.2483189241114313
UC-aXNBQ6nwMNeW2V8XB7sBg_2026-09-01,0.9183477425552353
UCXCa03lRK6tlntZoJ7TUWRw_2026-09-01,0.1095100864553314
UCXQoI3upwKr47JAiVaYkvIw_2026-09-01,0.16810758885686838
UCNymqCXr3sxL8dnmO_jScuA_2026-09-01,0.06292026897214217
UC14G5tdSndPhP47RTVgMXcg_2026-09-01,0.2910662824207493
UCJj2vuQIpFnk5pbTAtCi3yw_2026-09-01,0.15129682997118157
UCMZFHqDjg1IE5kzm9fZBOFw_2026-09-01,0.2041306436119116
UCc1VJX_5Z2RdGi58XU4IfbA_2026-09-01,0.9615754082612872
UCT807kAu6fmwES8B5698e2w_2026-09-01,0.12199807877041306
UCS7gEaMmBPAaI8dHNnrSofg_2026-09-01,0.07108549471661864
UCcp8n8YZXg5qko87BgVwg1A_2026-09-01,0.029779058597502402
UCzDyC6JMEXEufozffWzI9Mg_2026-09-01,0.21517771373679154
UCZPBWThSlgWT0DVaxxUEX4A_2026-09-01,0.32036503362151775
UCZuT6NXrfZzYbqCG_RWgSgA_2026-09-01,0.4666666666666666
UCuWcjpKbIDAbZfHoru1toFg_2026-09-01,0.8198847262247839
UCztGUZP5cCuIZDViaJanLKQ_2026-09-01,0.24860710854947166
UCzSODDx0zQF3nxXOZISCm_w_2026-09-01,0.31988472622478387
UCWjfI3wnNOgQCTu2SijfgMg_2026-09-01,0.21085494716618636
UC1Il94cQwl93Zun8ax1Qjlw_2026-09-01,0.9860710854947167
UC2OFe8XUEqDT3eJGO-0EDNQ_2026-09-01,0.31460134486071084
UCv0cBz_Vdmd84xYl7gKWwQA_2026-09-01,0.23222862632084532
UC7gozbdUqpQOYN1og_d-J9g_2026-09-01,0.17195004803073966
UCw55Gv3z7xgtG34fOP1-Aiw_2026-09-01,0.24495677233429394
UCIXQkaLrM7_t87SEM_pmHpA_2026-09-01,0.27041306436119117
UCA2ztZuXhSktpdxb419WvCQ_2026-09-01,0.8760806916426512
UCAaLhok91QDrweyuDRsmjqQ_2026-09-01,0.01536983669548511
UCA9f2-9fUklMMOaz8vKW7Jw_2026-09-01,0.3266090297790586
UCP8Q-Ku5_RkANynqDFzDWnQ_2026-09-01,0.35715658021133523
UCTVkjiEiaiSbEq0Qwd5XTPA_2026-09-01,0.9779058597502401
UCAEQiQ4Mg6fFkPshBMhPaxw_2026-09-01,0.9404418828049952
UCg80LjrsnWo0T3T3uYCPhrQ_2026-09-01,0.17050912584053793
UCGi94VU356EAvQLgODywyrA_2026-09-01,0.2185398655139289
UC9FRxVaiS2aY0ANaWLP8SMg_2026-09-01,0.3035542747358309
UCHK-FRuAjk8g798dD7L7xqA_2026-09-01,0.16906820365033623
UCH29Gz8a6veRLqUxzjBXHrQ_2026-09-01,0.12487992315081653
UC9zmo9x1o7xAfgM1Fw3Dg4g_2026-09-01,0.8751200768491835
UCcJ_oPUSkS_h96_PuizxMGA_2026-09-01,0.31892411143131605
UCYTQCmuFcacJJ_Tad20qqEw_2026-09-01,0.0494716618635927
UCXqP0RsJo6-y-MrKz6k8H-g_2026-09-01,0.9409221902017291
UCL3ooD3l7KEqb85EBZSEkZQ_2026-09-01,0.14649375600384246
UCtjBNJ4UbuWGLe-415urMOw_2026-09-01,0.05763688760806917
UCzT9VqGDsCxleSmXzJ80hBQ_2026-09-01,0.37204610951008643
UClpc-7ejy_cntRdmrFLbOfg_2026-09-01,0.18443804034582134
UCn3lLusvOTVdtxZi0EHlSTw_2026-09-01,0.9793467819404419
UCoovEJW0dyTWwHiblWDWvyQ_2026-09-01,0.14553314121037464
UC2IYsRiATGe71sLIOlSXGuw_2026-09-01,0.8016330451488952
UC2f8VfmEF2_0-rFN4RNHaNg_2026-09-01,0.10278578290105668
UCJENagCOfjMxdQUDxO4kq2Q_2026-09-01,0.9606147934678194
UCklDsqQMGPYIMpIhQ5Jz6jA_2026-09-01,0.07732949087415945
UCI4wEWWBEElIbp9jHcFllTw_2026-09-01,0.8366954851104706
UCE3q8VKqIT_vOL4b9Nl8chA_2026-09-01,0.20893371757925072
UC1p5kp09LAS3kpQB3O8YQJw_2026-09-01,0.9466858789625361
UCIzbqIyEUxtFLYh_sCDoXpw_2026-09-01,0.08693563880883766
UCh7XUfZEEV3pct5zDjx6OZA_2026-09-01,0.8362151777137368
UCiVO_mThS9B3tNc_kzpn-3g_2026-09-01,0.11191162343900096
UC0E_zsPAziGgkxaAtwvmFAA_2026-09-01,0.011047070124879923
UCKHx_yf3dI2ajWAjXRJ_9Rw_2026-09-01,0.25456292026897215
UCKiCT33Gmj3mlJ5xh-9ZUqw_2026-09-01,0.19452449567723343
UC2t5bjwHdUX4vM2g8TRDq5g_2026-09-01,0.05859750240153699
UCKmOaDLQpgbsmGsHpV9688g_2026-09-01,0.25936599423631124
UCPPuXI31ybWYB560T2uAeMg_2026-09-01,0.21037463976945245
UCMgTCM5mGx3y4Hg0aMOXrbw_2026-09-01,0.20220941402497597
UC_EEqHc75kYwzrN7L8T2Bfg_2026-09-01,0.30307396733909703
UCsii9gve3wx7kHDfVlM2Stw_2026-09-01,0.1554274735830932
UC7wosSPUA3os3b3-RMZZe6g_2026-09-01,0.3227665706051873
UCC1veMJY2wElX0lpYOoNB1Q_2026-09-01,0.0009606147934678194
UC46X_E7jxvJ1O_3gnaeCxeg_2026-09-01,0.04418828049951969
UCkmUJzaZfP7Wsb5-89pAK4Q_2026-09-01,0.26897214217098947
UCkpKYfb8wM67QnKxBj9bZXA_2026-09-01,0.16042267050912584
UCktXAh1Sd7wf8eQHc029-8g_2026-09-01,0.24927953890489915
UCql_fqTxryFKW7jukEvNoCQ_2026-09-01,0.27166186359269934
UCIQEX0V3QxP-tY_jpRT-waQ_2026-09-01,0.25024015369836694
UCFvdXoI9LTADYG07s4pMnhg_2026-09-01,0.15273775216138327
UCHoo90P0hvh2rrbGvX53G0A_2026-09-01,0.276657060518732
UCms8Ge7H1ZGgw6nV94fUhUQ_2026-09-01,0.12151777137367915
UCtKNP4UGUA1ybxJJcTC_GFA_2026-09-01,0.3091258405379443
UCFiHjGyrJux8Rt4e6mUPU-w_2026-09-01,0.15898174831892412
UC9M8GGVwPqc9ubNruArCNPg_2026-09-01,0.11911623439000961
UCnDcpS7XLQ9KFPqULb9TH8g_2026-09-01,0.024015369836695485
UCxDq2kGOt3h2_ilI0Wih5dw_2026-09-01,0.8895292987512008
UCBkvEgeJ3_UMwbW7VCxzs8g_2026-09-01,0.30883765609990393
UC0wo7SwsC5dE0nSgBs2M-3A_2026-09-01,0.0028818443804034585
UCzHnjIeMxo1gViogzN9xMLw_2026-09-01,0.25120076849183476
UCaN1Qp37sHiCdQuSaXa3fVw_2026-09-01,0.9322766570605188
UCtIbfg_6gjbdFqCqAiUcqyQ_2026-09-01,0.8808837656099904
UCEJF0q0SqEJ64uA9LCXuSrQ_2026-09-01,0.9500480307396734
UCaZv-jDn5Mq5KJ1buXDRd4w_2026-09-01,0.12584053794428435
UCDmmbxGg8g-EBkC_ku6vybg_2026-09-01,0.7997118155619596
UCpAZLM9XMzIbqFucUBD8Jtg_2026-09-01,0.9058597502401536
UCe-7GwWL1XNlCJyfqBhgrHA_2026-09-01,0.09269932756964457
UCnCeDIkExSpULGqmpj5oafg_2026-09-01,0.9558117195004803
UC2YA1b6qKO2YteKYFuMiYPg_2026-09-01,0.3222862632084534
UCW1FuNP_2X03y7H0HIujOTA_2026-09-01,0.2584053794428434
UCGX5t-qAZjL4xl5xZ36Md5g_2026-09-01,0.23583093179634965
UCvsw3aXHnikw3MVGSwOICxA_2026-09-01,0.18059558117195004
UCHXhFmex5EkUy-fP2IMQ_Ug_2026-09-01,0.18539865513928913
UCmvMUe1GqpZFkj1e-V532LA_2026-09-01,0.8530259365994236
UClFSQxcVutJFEI9nCAOOkgQ_2026-09-01,0.4258405379442844
UCXb8sP7slkJyunTEAsP-CiQ_2026-09-01,0.7953890489913545
UCR0aLp4aIvxS07g6rGWZr_g_2026-09-01,0.10566762728146013
UC6tlo9WajrgiX3Eej_jEr2A_2026-09-01,0.13813640730067242
UC-StHq1pWM-t4XS9ycZpn9w_2026-09-01,0.16090297790585975
UCbYO4SBywZ2oWv1u309oWmQ_2026-09-01,0.3768491834774255
UC8MgGtsJazbztr5eGWiqUXw_2026-09-01,0.2884726224783862
UCE-6-bWkikwoP4_ooZNep3g_2026-09-01,0.06820365033621519
UC8CX0LD98EDXl4UYX1MDCXg_2026-09-01,0.039865513928914506
UCKY2DOkLOyPLlvGHI3XQw0Q_2026-09-01,0.31412103746397696
UCLXI7tT4pHH222QgpvYx1jA_2026-09-01,0.26272814601344857
UCo77zdYpvhgUsdP0Z0vmz2g_2026-09-01,0.9490874159462056
UCdZrsVZ3QolU1TWFaDgN2ww_2026-09-01,0.9145052833813642
UCEjXNNB9IKEa4HfLQVt8VEg_2026-09-01,0.32949087415946204
UC4VWaR3R17Ruc7j1Cy1-PKQ_2026-09-01,0.9951969260326609
UC3ozN5tHi449NhCDE6Xtmwg_2026-09-01,0.12295869356388088
UC3gl4CHfNtAqNjju1goB0_w_2026-09-01,0.9365994236311238
UC3_QWAvQRhPW4CDoQU8acKw_2026-09-01,0.0835734870317003
UCAJ-meoCh1TrPZ7La3UpPrw_2026-09-01,0.028818443804034585
UCpcTrCXblq78GZrTUTLWeBw_2026-09-01,0.03266090297790586
UCqI5lyTpC79pOy2D-VXAMdA_2026-09-01,0.03650336215177714
UCPI40-XQA9-GBGj2k8PPqfg_2026-09-01,0.06051873198847262
UC8FErYSi74YwGUAoTpjvgzQ_2026-09-01,0.8698366954851106
UCpX86JOUhnrzG7MK8e8Gjbw_2026-09-01,0.0888568683957733
UCAtGPbK4AWmeoaREsNLLZhg_2026-09-01,0.053794428434197884
UC8rbhIem-3aAsNXhTDI-nSA_2026-09-01,0.04178674351585015
UCBY9rOZPo0fLE45mOV0s0cw_2026-09-01,0.9831892411143132
UCS3_H_feQRm4QbXipKTvSrw_2026-09-01,0.11431316042267052
UCVZI7eLie2UlZph6aiBRNrw_2026-09-01,0.018731988472622477
UCnV5tUnOVGyT-Ncj0s0tPTw_2026-09-01,0.19644572526416906
UC8CIM3d3zDYMk-3T5aAz0yw_2026-09-01,0.0019212295869356388
UC8CZL4cvFiKwKKDNCuM2lTA_2026-09-01,0.8448607108549472
UCo33r3SAf5z9MS-lrXV2aOQ_2026-09-01,0.03410182516810759
UCoSniqkitCpxlHrQd5L8A1w_2026-09-01,0.2814601344860711
UC9jOsXFn3RwXEW3qUyySjAQ_2026-09-01,0.3001921229586936
UCBA9XaL5wCdHnC5EmEzwrqw_2026-09-01,0.005763688760806917
UCpCBP5cVIBvezPI1LKFMYjA_2026-09-01,0.08741594620557157
UCt8CJiye87FMbEwt0npPMuQ_2026-09-01,0.19020172910662825
UCAl4HWznMn7KhKBRFO5eiFA_2026-09-01,0.1633045148895293
UCYooECrv-fIXlPaDwEIaveA_2026-09-01,0.0792507204610951
UCvAetSOU_4lyjM5hVMNzN0Q_2026-09-01,0.16234390009606148
UCtt0Hg9MhraTkzWwNQpplHg_2026-09-01,0.7151777137367915
UCrR_fhiJjoW8OJFzUcmlMMA_2026-09-01,0.19740634005763688
UCuwnt_REmD4YsCtFJRoqjFw_2026-09-01,0.08549471661863593
UCrKSaegnzewdj9-YLsUhoZw_2026-09-01,0.15081652257444764
UCabScupufwcOzAdcVXZrmlg_2026-09-01,0.1786743515850144
UCYsRymb9vAsOOLBy-Wo1kRg_2026-09-01,0.26609029779058596
UCZRH94I89Ps7giJYeK6DlWA_2026-09-01,0.05619596541786743
UC3DYSay178fMMPaf3zHwECA_2026-09-01,0.12680115273775217
UCDbOXmGL7EkmOcnUb5Kki4A_2026-09-01,0.09606147934678194
UC08-hQbwh7eyr8PlaYG2-sQ_2026-09-01,0.14697406340057637
UC-8S20Ll1gzPiu_YY8BgyaQ_2026-09-01,0.04755043227665706
UC1dG3vI9FfHnH3YgyeKUz_A_2026-09-01,0.010566762728146014
UC2NFRq9s2neD_Ml0tPhNC2Q_2026-09-01,0.008645533141210375
UCI6Ro_MOr36re4Bhb7nCY7g_2026-09-01,0.8429394812680115
UC6JB_a6rD1lZ_aZgQvORfrQ_2026-09-01,0.9399615754082613
UCKVt3arMXfa6XZezR1UnjqQ_2026-09-01,0.2132564841498559
UCTK7GGeH0c9INAEnV2EfD0Q_2026-09-01,0.22046109510086456
UC3hqiw3lZAXaMwhQvMGZkdw_2026-09-01,0.23487031700288186
UCvUKUkIM67eWFbQemjj2-eA_2026-09-01,0.08597502401536983
UCzRPPKLkNxjD2of-0Xxfnjw_2026-09-01,0.1536983669548511
UCw-JzmPsjRcbzJLncr4pIIA_2026-09-01,0.012487992315081652
UCXAXCxTCCYYKsLJNzEvjqfw_2026-09-01,0.069164265129683
UC699Y51pMl0wWLPA4atcZjQ_2026-09-01,0.1777137367915466
UCyAA-Vj4ORjXl5Ui2m6_Llw_2026-09-01,0.14601344860710855
UCzDmGDR5RdahQkLCBoWlTEg_2026-09-01,0.12536023054755044
UCJYdIDfGkqXTsQq5aW4md0Q_2026-09-01,0.3256484149855908
UCNu00qhYj4nPeMNdxuwV6sg_2026-09-01,0.28674351585014407
UCPJGXrPIVKBR8PJY7w33WZw_2026-09-01,0.06340057636887608
UCmiTZyj9GwMjyznZxrgCH4Q_2026-09-01,0.1042267050912584
UCaMV-CjrWYh2Aefg_8iLwJQ_2026-09-01,0.052833813640730067
UCYjNEoVziojh1ZCum1q0PNQ_2026-09-01,0.17723342939481268
UCXVVG5ZM3SJJCh94xatR8Dg_2026-09-01,0.21229586935638808
UCd-Ziz8pAMZBWl7juEghsag_2026-09-01,0.09125840537944284
UCN9VGDvz2M3vdR0czEUp6lQ_2026-09-01,0.24063400576368876
UCN8L7Z-dyzu9FzT39RM0fvw_2026-09-01,0.15177713736791545
UC_yxsHiFh1_j174x4AxICSg_2026-09-01,0.11575408261287223
UCg7rkxrTnIhiHEpXY1ec9NA_2026-09-01,0.009125840537944284
UCgWwo8FJL3MCxfd66ip7nFg_2026-09-01,0.061959654178674356
UCyoSQyaCrZHro6F_nBiXIYg_2026-09-01,0.01825168107588857
UCvjzWMh2bihwlIN-WRtddkg_2026-09-01,0.941402497598463
UCeG0ONJtjwE20ThR5iSYdsA_2026-09-01,0.08021133525456292
UCd9oeoY-jLSkhd-J5y_1aYg_2026-09-01,0.9630163304514889
UCePy6AqRuTfKDC4aTrqcAqQ_2026-09-01,0.9678194044188281
UCbeQg95cAxVRsxxh6FyilxA_2026-09-01,0.17098943323727187
UCO8ToDSM2Gvt3EZdOdosxTw_2026-09-01,0.17146974063400577
UCMswODzU1ZjjrLyUk7NfwPA_2026-09-01,0.09990393852065321
UCMpvRMwoq_WmradKdysk6Cg_2026-09-01,0.07348703170028818
UCXYNuWjnQRSAXCGl9gv8Ncw_2026-09-01,0.03842459173871277
UCSgvQDek_7CQj08fu7kp1Iw_2026-09-01,0.03218059558117195
UC7loyhgCm1NRTtyF36hO-jA_2026-09-01,0.17387127761767532
UC8x8GQmlxAIhHxzU61z0uLQ_2026-09-01,0.19548511047070125
UCBW_PhuXoHk40xF6nO0Q64w_2026-09-01,0.8900096061479347
UC9JlObZnbOirT4_iyPGrdcw_2026-09-01,0.09173871277617675
UCB4YEVYp6LynBpz7bXyZsTg_2026-09-01,0.7939481268011527
UCF-rFAdN7dzd-SI2T3rkCaQ_2026-09-01,0.1340057636887608
UC027x98NgUBw9K4aPT8k0mg_2026-09-01,0.0893371757925072
UCuCmLrNT5MbpqfrSSKHqTug_2026-09-01,0.1729106628242075
UCCd3jyJmOFzkJEMj5Bp89rw_2026-09-01,0.17531219980787704
UCGa52d8Qlv3THghuCAt_nXA_2026-09-01,0.2276657060518732
UC-FiQR2gg8oiNw98ZdsSX6Q_2026-09-01,0.28434197886647455
UCooLkG0FfrkPBQsSuC95L6w_2026-09-01,0.19068203650336216
UCpn9dP1b5BhBsU9SduEz1hA_2026-09-01,0.12968299711815562
UCCvEN8bTeF8Z2jcN513T1Gg_2026-09-01,0.2219020172910663
UCBvkOBLsSj9kusGYlroQkBg_2026-09-01,0.016810758885686842
UCQfISxq5legTqOt1h1us6lg_2026-09-01,0.9111431316042267
UCdm06VHBWF5Mg5kYxffzikw_2026-09-01,0.8463016330451488
UCQhIdo5nRQY9DB3uo7vawtw_2026-09-01,0.957252641690682
UCawK5EIfr66Z7fjAlZgfB2g_2026-09-01,0.1983669548511047
UC4P7F8qenDo1O_5NvgBb_cg_2026-09-01,0.033621517771373684
UC5H8Wt-1q_tnn-m4tDTqbUw_2026-09-01,0.2708933717579251
UCQDGJQe8X9tbk_i8Na3VVXg_2026-09-01,0.9817483189241115
UC8Xz3BKjDvQk7lKhH7Hi9nA_2026-09-01,0.1580211335254563
UCF5RrlbsxJjAVLWgOCoNHMg_2026-09-01,0.14505283381364073
UCC1LvVTX2ySKYjeIXkAtvsQ_2026-09-01,0.012968299711815562
UCCW6uYIUP4YKKe50k-ktVAw_2026-09-01,0.05523535062439961
UC5T_FfQwgy56XP0aEVHYULQ_2026-09-01,0.1628242074927954
UC60HSePkZwGFzRj6VSDa6Ew_2026-09-01,0.8693563880883767
UC72PuhDwKtZ5MikpGNhPAtA_2026-09-01,0.6767531219980788
UC5bjQxLK_3XVzIOTQ04sYeg_2026-09-01,0.9620557156580212
UC6oq8RPEH1BmtyldQgXVbJw_2026-09-01,0.8674351585014409
UC5ScPjbt-a97AJO7SBj6nAg_2026-09-01,0.03554274735830932
UC43hOVGChFuQRV47vxc_c-g_2026-09-01,0.9942363112391931
UC5Yx9RlmznXDUEIrfoSqheA_2026-09-01,0.9034582132564841
UC6YqXiwCBfPvPTs3wXgWElQ_2026-09-01,0.13688760806916425
UC543-TDm6IvHHZXwdSFioMw_2026-09-01,0.1186359269932757
UCk5mlvpbj8CZxD229CpiouA_2026-09-01,0.899615754082613
UCk5C4AR3uvmKwZYkIlSobbg_2026-09-01,0.09510086455331412
UCkcaRxpTcisadUeCbHOYTFw_2026-09-01,0.7622478386167146
UCs0LzOveQMLImmmTrMmP2sg_2026-09-01,0.03890489913544668
UCkavlo6q2XfO_MA9Q24wRvw_2026-09-01,0.9543707973102786
UCl402YYy7RcH7PBI3npmGPQ_2026-09-01,0.01777137367915466
UCs-JvUOu6kEEO0BcTFhUErw_2026-09-01,0.46570605187319886
UCt15X5eHLwyP8PpNtQTkuDQ_2026-09-01,0.009606147934678193
UCsRiYH-VrZ2mYsohk7GhLdQ_2026-09-01,0.05667627281460135
UCt6Eo4xMTHhlOWg4_PAz_MA_2026-09-01,0.9000960614793468
UCtRiSpvkhtRXaSjVjEB9LKg_2026-09-01,0.2776176753121998
UCrD6viwK0DHbQuZSOZBbofg_2026-09-01,0.1388088376560999
UCksGX0hODm1Ev6mysrToMqg_2026-09-01,0.19212295869356388
UCV6mNrW8CrmWtcxWfQXy11g_2026-09-01,0.050912584053794424
UCOTJtP0Z9DjpPU43B5m1V6A_2026-09-01,0.024975984630163303
UCKttwyzsHvW7bCo7YfTacVQ_2026-09-01,0.2761767531219981
UCK8iWEZupSV2pmDMxtwdAmA_2026-09-01,0.30547550432276654
UCR1ctqL11HoxQkbSkoUAYeA_2026-09-01,0.7435158501440923
UCKYqtXYbSqaEwBmX43Q13Tw_2026-09-01,0.8976945244956772
UCMo4MnhHhSDkiUIXS6dytTQ_2026-09-01,0.148895292987512
UCw1DsweY9b2AKGjV4kGJP1A_2026-09-01,0.10614793467819404
UCUR5w0E-jQTOO8Q0FZ4ilYQ_2026-09-01,0.008165225744476465
UCW_Ptq0v8ck67w9oKiwXz2g_2026-09-01,0.3256484149855908
UCdF0eCyf5np3lPO4y1fJVdw_2026-09-01,0.20797310278578288
UCJGww2K__Q3y-MtDi0XWH2w_2026-09-01,0.025936599423631124
UCJZsABKjWUGbT0qf3MsXH8w_2026-09-01,0.8847262247838618
UCMF3M48BakI-ptofqoUqdAA_2026-09-01,0.23535062439961574
UCZ49HaU_D0Tlf1aDA2jU_Vg_2026-09-01,0.06748318924111431
UCoQU5wtIxq0QGh80NHky82g_2026-09-01,0.16023054755043228
UCpTNtH8yc1Kdl_YFfsQsTYA_2026-09-01,0.18011527377521616
UCdXpKf3aIenvWkMbF3EvcQg_2026-09-01,0.207492795389049
UCgjaQlejpAnIu0q-xtVfTEw_2026-09-01,0.08981748318924111
UCOaUB8RzbLXB7QZtCmMO-8A_2026-09-01,0.0547550432276657
UCgT-gb3favw2jQgwxbbwwaA_2026-09-01,0.024495677233429394
UCos3GN2gX0wLcfuhOAiMotQ_2026-09-01,0.09221902017291067
UCOLDn9gw0yegXRgjoi5MzNQ_2026-09-01,0.31748318924111435
UC_8GOc5dWX2Kpb74_nQ7vSQ_2026-09-01,0.03025936599423631
UCi8fe6P0_tLeZ1r31wOydvw_2026-09-01,0.23823246878001922
UChLqHuZV0PENIBYxDgXyPLQ_2026-09-01,0.8506243996157541
UChfs1dQ5phBDBWZJ1hHLbUA_2026-09-01,0.05571565802113352
UCj5Y6sl23ln9PL6OiDTL7Gg_2026-09-01,0.9822286263208454
UC_m_uqd_9s0hZvlgfvCzqbQ_2026-09-01,0.29971181556195964
UC_9W6Z5Y3lDpLk47Y_y5ITQ_2026-09-01,0.1282420749279539
UCoqMTw0yGmjIjNayukuOg5Q_2026-09-01,0.1133525456292027
UCim7oePrB5hdfhcYwgUY6Jw_2026-09-01,0.15946205571565802
UCcvKf8NxAw9i09hZw1MQPBQ_2026-09-01,0.04707012487992315
UCjOtzpfj5lF9erwTEQYkxtQ_2026-09-01,0.07780979827089336
UCxPMcxq7WJ32M3lnFn58Cpg_2026-09-01,0.12007684918347743
UCPa8JSV9SPAjX7P2S-N5ssg_2026-09-01,0.14457252641690682
UCPsZX-D7LW99PjZLA-UysPQ_2026-09-01,0.9639769452449567
UCpnnUKmAQKgVinEV-lV-N2g_2026-09-01,0.006243996157540826
UCtVBI7YLJyDvrx7iWAukx_Q_2026-09-01,0.043227665706051875
UCvx8JsZvDVER74lG39dN9nw_2026-09-01,0.3951008645533141
UCyEIUlSKbzCt3ElAsPFb7EQ_2026-09-01,0.17483189241114314
UCVWAdUQGUiY2Kzh0JoB5PtQ_2026-09-01,0.27185398655139287
UCUae69frfqpKOB3BUMdX5Qw_2026-09-01,0.07588856868395773
UCdvY3MgO_BGrNbhbmxQC73Q_2026-09-01,0.878001921229587
UCWVS5IJOkNnkKS5rjiAt9rw_2026-09-01,0.7973102785782901
UCp9skQ2mP_DfVL8c3gZQUzg_2026-09-01,0.8736791546589817
UCz1Gc37nWsdF_jbJ_SvMl4g_2026-09-01,0.14985590778097982
UCYM01qjjE_hmqFQAmOo-lNg_2026-09-01,0.9529298751200769
UCXu_CcxBZA5S_iG33OzA9PQ_2026-09-01,0.9634966378482228
UC-okJdotaXPlzivRzHFqzuA_2026-09-01,0.042747358309317966
UCyZtdaxIiGb4wp5AmkEMrwQ_2026-09-01,0.1935638808837656
UC0FUMakBJHsRrfKCGQuWnRA_2026-09-01,0.1037463976945245
UCWwbZhw5M-Q5dZtTK4nDWNw_2026-09-01,0.08213256484149856
UCYGK33LxFlgh9QtmvCYMR3A_2026-09-01,0.14024975984630164
UCRE-9quk3OT2OKgZFAgdN_g_2026-09-01,0.2118155619596542
UC0-ZCUCeCQBwKU15x0Aqk_g_2026-09-01,0.7473583093179634
UCuaizlkqA5hZ_Dt3kAQkW3g_2026-09-01,0.13160422670509125
UCVZ0SJNurJAv-6hV5VEGB2A_2026-09-01,0.03506243996157541
UCX11f6rIVaoWGvFnKKyPBNQ_2026-09-01,0.24687800192122958
UC-Pn1i_ot4qmG4l7wMZPvyw_2026-09-01,0.8703170028818444
UCSrQnB-Ip9hc0biFQ3HoKzg_2026-09-01,0.18491834774255522
UC141BuVRzSSXJX33Am9yxEA_2026-09-01,0.11095100864553314
UC1q4Ihlv_YhLELw-ijE0Diw_2026-09-01,0.014889529298751201
UC1aBdmKvC6yAiq4xgPLOzKA_2026-09-01,0.14265129682997119
UCLJNL66b_LytPcZovqz5pkg_2026-09-01,0.28991354466858793
UCnCFD3met1Ip7OngdF9TRDg_2026-09-01,0.16666666666666666
UCSOeJWyByeoBHpmrm0NnlLw_2026-09-01,0.04514889529298751
UC2_VPutZK0o_tG8ca_QrQRA_2026-09-01,0.09317963496637849
UCIvLQ5lZ2kebqnLaGv_FP4w_2026-09-01,0.2507204610951009
UC8aCmG_y4DqqVI9Xlcym1Jg_2026-09-01,0.9380403458213257
UC5pdoCANExIVI4yf6DVoxew_2026-09-01,0.3314121037463977
UCI3DTtB-a3fJPjKtQ5kYHfA_2026-09-01,0.23150816522574447
UCjgTdV_oYP0TrrajTJLH33Q_2026-09-01,0.3590778097982709
UCbvvdVOF0teLO-U6GWh1RKg_2026-09-01,0.2622478386167147
UC6NXJtCn3p-actkvBUlHwDA_2026-09-01,0.11239193083573486
UC8E29ANOC3_OuB7_5EPY2xw_2026-09-01,0.2915465898174832
UCU0-6z_KU9AShyR9J6gcFGw_2026-09-01,0.3102785782901057
UCQ5KMP03ifjJ8mDeyjWeZ7g_2026-09-01,0.233909702209414
UCRCK5FCJtomQT3b88jXI_DA_2026-09-01,0.1926032660902978
UC59jWhPazXYi8Ny4vake45A_2026-09-01,0.012007684918347743
UCT-UsvGz4gm7lezXvCEex9A_2026-09-01,0.9846301633045149
UCN8YcyYvYIrtLcwyT-KqbNg_2026-09-01,0.13640730067243037
UC9nWoDbRAl3-fvreBNeStKQ_2026-09-01,0.2281460134486071
UCAhmOb9JWkI2HV_KIe9X_3A_2026-09-01,0.8342939481268011
UCTUnpbuKoOODvhLhCO_kO_A_2026-09-01,0.29346781940441885
UCZ-B_El841ME7qGXvYinGmw_2026-09-01,0.8952929875120077
UC9vI-9WYQLXKI6n9XdXXo3g_2026-09-01,0.13784822286263207
UCAGUSx1hbPKDqzBZH7bTjiA_2026-09-01,0.08165225744476465
UCB4gIGaPUiLtpPreFSf8fKQ_2026-09-01,0.2574447646493756
UCNRnCc0hg3ZcKdOGXKKv5Ww_2026-09-01,0.19404418828049952
UCS2OAdHoLt-9T6cG9A2H49Q_2026-09-01,0.16570605187319884
UCAVR6Q0YgYa8xwz8rdg9Mrg_2026-09-01,0.03073967339097022
UCPpSXwAg3hkSpa85Ah-dpgA_2026-09-01,0.9274735830931796
UCZHBZUrLKMoL6FxpvdRzhKA_2026-09-01,0.19884726224783864
UC_e83kYlGHWbsrr8QCfV_ag_2026-09-01,0.1743515850144092
UCBidluUUxzT_5jVOI_2x2MQ_2026-09-01,0.32156580211335256
UCdT2nXooUR-X_MdmbER25yQ_2026-09-01,0.08453410182516811
UCb08r5yPoH-AqM7_XCL4Uhg_2026-09-01,0.22430355427473583
UCcNdwtZ7ulFFxngmnzsWQNA_2026-09-01,0.17915465898174832
UCbItyvYa6cqvqtwlU2E9-wA_2026-09-01,0.1834774255523535
UCcdlIcleb4oIK6of1ugSJ7w_2026-09-01,0.011527377521613834
UCbIQGH_oFu0yfTWNPyquvpw_2026-09-01,0.3170028818443804
UCkvz_CZlthtVo7E2sGa43cg_2026-09-01,0.028338136407300676
UCCiKOocVSjyb2rsbL_Aanhw_2026-09-01,0.13928914505283382
UCFHUplScMiWTjJrtv4hxWmg_2026-09-01,0.06580211335254563
UCF7IBIvHZ2be4Ufo8i0uHBw_2026-09-01,0.0787704130643612
UCFVRXOqBeh8ynDdYWztewXg_2026-09-01,0.909221902017291
UClWTMxooQefOLUV0TRcJ1Eg_2026-09-01,0.23439000960614795
UCmZeuRfHYowZhf6odtoaNdg_2026-09-01,0.08405379442843419
UClvMduw1MDMQ0PuH753-XSA_2026-09-01,0.25504322766570603
UCGVy07wZs8W-EpKAGchrmCQ_2026-09-01,0.18683957732949086
UCFsJVl9V9fSIZA1uS3gMu-w_2026-09-01,0.02737752161383285
UC7SIaeUWuuIrWTIOBpayDVQ_2026-09-01,0.14121037463976946
UCbFLnCfOet-u_kFyA7uX-9Q_2026-09-01,0.09942363112391932
UCHYMpkGhNIr8A0m2H3lIjUA_2026-09-01,0.0686839577329491
UC78d2aaqdrt02RfmtRLmlAw_2026-09-01,0.19980787704130643
UC7ikVsVGGrUy2RD65w-awng_2026-09-01,0.379731027857829
UCCs1YZHxUTIbLZd-xrvvMCw_2026-09-01,0.040826128722382324
UCpwGBltfwjd_fIzp5cb5R0w_2026-09-01,0.06532180595581172
UCIOY-akTwtohcU0QB5ksjaA_2026-09-01,0.32901056676272816
UC9DNu8JRIcE-rpo9eBx1ffw_2026-09-01,0.22142170989433238
UCg5-nd3qoNnz5dzkX-O0b8A_2026-09-01,0.10326609029779059
UCqRz_-l3GCmWb92u8P33RYQ_2026-09-01,0.7492795389048991
UCroIk85IFzp6OZzKoJFDKuA_2026-09-01,0.9303554274735831
UCqlcSsDNMYxEsem7bWY-66Q_2026-09-01,0.1575408261287224
UCvfEv6nBnL0QlKqyGmL0orQ_2026-09-01,0.1522574447646494
UCZFGZ_LhwgiTxaJzJ0QGdFw_2026-09-01,0.23006724303554274
UCgWOZQvFZhGuqBCtjmee0XQ_2026-09-01,0.2987512007684918
UC9bicYGdrx2YllCCg5H81Cw_2026-09-01,0.06748318924111431
UCE8JC9RAVSudDT_8Ji1fuPQ_2026-09-01,0.04226705091258406
UCD9tj7ATjYkyPyWXK_ewNXQ_2026-09-01,0.9800672430355428
UCi_lv3g-CPdKF6nd68lvN3A_2026-09-01,0.3208453410182517
UCUPa-gJcbYG9Ql8b9H9FBbg_2026-09-01,0.22526416906820365
UC-pobd8lZE33BSDz-iyHfJQ_2026-09-01,0.281940441882805
UCYMXFMiaGBnZ08-wBHS2MPQ_2026-09-01,0.22958693563880883
UC2k1bSUZ4X02jMs_sTS9jiQ_2026-09-01,0.18731988472622477
UCN5oT4zGJX-_H6pE5isAEeg_2026-09-01,0.06388088376560999
UCNrQ0VbdprXAur6OZKexjEw_2026-09-01,0.07973102785782901
UC0uQYROl6H_8-Lb2bFz6yyg_2026-09-01,0.7516810758885687
UC0Zl_lyMoTbroBSNv7SpGuQ_2026-09-01,0.0345821325648415
UC2U8C7lmbQpfBeAW8fTP_jg_2026-09-01,0.11287223823246878
UCL_IvtOZo6sONpiydbzzHpA_2026-09-01,0.060038424591738714
UCKYdD83f363lIzcAwwhB-_A_2026-09-01,0.2526416906820365
UCNpcMizRJ73OJm48LszuytQ_2026-09-01,0.2430355427473583
UC2ja61Zku_rw3ZBfDZi8cuQ_2026-09-01,0.05715658021133526
UCJA6MZLzTeljmGNFaugdoWQ_2026-09-01,0.329971181556196
UCKC4R6B8bTLIKH1V9PyD7Iw_2026-09-01,0.7569644572526416
UCJN5mgLqkPCTVC5v-12gKjQ_2026-09-01,0.25552353506243997
UCeAsj1O73pcqd-xQ4AZbJeQ_2026-09-01,0.3073967339097022
UCSGKRGHGqP8W11G-SxsMaOw_2026-09-01,0.19932756964457254
UCxVspLehsLr4bfqbJLFkS0w_2026-09-01,0.24399615754082613
UCyz5WVrb-cz3myY04x_kVYw_2026-09-01,0.962536023054755
UCcoJiq6MyAqJeo3urxjDqrg_2026-09-01,0.9707012487992315
UCyoKcrOcBEY4rmLYkDuXErA_2026-09-01,0.037944284341978864
UCPp6kLLWggTuACsQwFibg8A_2026-09-01,0.04803073967339097
UC_Cp4dXpd94km5Syq2x-xig_2026-09-01,0.9851104707012488
UCZphffYmr6WuJD9SG8xwM8A_2026-09-01,0.40566762728146016
UCcsC1X0SyiWcxBTbnjoZ9Ag_2026-09-01,0.2641690682036503
UCFCt5RYu41HTg4eX1jdHNxw_2026-09-01,0.18155619596541786
UCElXDMEQqlUnuyDbChjARWQ_2026-09-01,0.31075888568683957
UC0-sEWFXIymAxx0InClynUA_2026-09-01,0.025456292026897212
UCQePzo3_oRB-6RAzBioc6pg_2026-09-01,0.3249759846301633
UC8chC5rneP-LHm43q-jF3oQ_2026-09-01,0.36003842459173874
UCCTw9N950kEoELFv3dRcWJQ_2026-09-01,0.2190201729106628
UCj7wKA4vwdzMP35lO5CCwgQ_2026-09-01,0.3144092219020173
UC8IxyKkhu4YUYK_c76AdcDw_2026-09-01,0.21950048030739674
UCq6bX1rAJqwt3LmYuHrDPqg_2026-09-01,0.8597502401536984
UCABvetlXpdOwFz10fCpJkwQ_2026-09-01,0.03170028818443804
UC_Xb6sEXAdNv9nHU4988vmg_2026-09-01,0.29923150816522576
UCFJAOgvqcc3fPqdu7fTl-zA_2026-09-01,0.2598463016330452
UC3NIb2qVtwunRNmypsDpQzA_2026-09-01,0.14005763688760808
UCg5Ew4lj74r_ohbc4AeQj1w_2026-09-01,0.13544668587896255
UC6LLMkdyses2ugPRNEXutMQ_2026-09-01,0.11047070124879922
UCe0loHR-Vltq0GPHgYyzmrQ_2026-09-01,0.9735830931796349
UCADf92tisOOh90hrZee4-LA_2026-09-01,0.1637848222862632
UCeiQKedLZob9Cb797XfsrRw_2026-09-01,0.10230547550432277
UCCoU5ViXgoK-_2neelNhQaA_2026-09-01,0.046109510086455335
UCIxcZWLQpP-mUZC6_Uljc_Q_2026-09-01,0.17675312199807877
UCRLoyYlPR9ufzlbeI9lLDqg_2026-09-01,0.1642651296829971
UC1dHu9GhbHH7RcHKyJdaOvA_2026-09-01,0.04899135446685879
UCWq9wRjQXYC8i486uVLysUA_2026-09-01,0.005283381364073007
UCyaMGpNb-UiLHMY833ai7IQ_2026-09-01,0.2896253602305476
UCybn_0S0Ec6Il1ZhiQM1Vww_2026-09-01,0.10710854947166186
UCk1NTIlGP27bQEumkw6sDVA_2026-09-01,0.16162343900096063
UCkNUuK9EfixaK2HbJYZ5YrQ_2026-09-01,0.14073006724303555
UCoIEwIHhW-1_roLnb5nK_UA_2026-09-01,0.9337175792507204
UCHJv9xBR9lkzGSIepie-T_A_2026-09-01,0.25696445725264166
UCfHlKp8w7IxpObWnHJtYRnQ_2026-09-01,0.297790585975024
UCG3uX-OwJ82T3L3EhC3GPXA_2026-09-01,0.9039385206532181
UCqFmG6ofirSWvI9B8mwzvyA_2026-09-01,0.9692603266090298
UCXg-6b0X0sIMBDHhbyBuOQg_2026-09-01,0.28530259365994237
UC9qwDE50UcXvdplRNZKEoPA_2026-09-01,0.2564841498559078
UCTbwgCCBrI-4XU8b5B0uGPg_2026-09-01,0.020653218059558116
UCVqmxk6oNOHj9RFVo4uP_lw_2026-09-01,0.9673390970220942
UCXNh3eUHXEkL7h1w1KYQRKQ_2026-09-01,0.973102785782901
UCIH7bdyhaJ0nD7jIcgqmQbQ_2026-09-01,0.22094140249759844
UCTizVc_OD9jdhWZOnrQnUeQ_2026-09-01,0.2632084534101825
UC-ntxe7eU_afJWEpcTNlVFA_2026-09-01,0.14217098943323728
UC0vqyzJ-1l3AJl3IkKu0bhQ_2026-09-01,0.3309317963496638
UCJNEIbzzpRl-l1iGdD2BxGg_2026-09-01,0.8765609990393853
UCLbehOwlIi6QrfZNhC39t4Q_2026-09-01,0.11143131604226704
UC-DpK48x4bltMjHHChZ4zBg_2026-09-01,0.20653218059558118
UCTDBdmaY4m3ipZaLiYA6FWg_2026-09-01,0.16618635926993275
UCaCFlaIQAmiU_mLnZq5E-tA_2026-09-01,0.2944284341978866
UCRltQqhqu9nXMRLaX0f8Cow_2026-09-01,0.1671469740634006
UCOwgg4IVhPQtq6qtxEeX3XA_2026-09-01,0.2771373679154659
UChfA8Yu8dk5k78UzaM6tsRw_2026-09-01,0.09750240153698368
UCjiXXUsdl0F0aUkTbv8ZVTA_2026-09-01,0.8972142170989433
UCah0w9n_eAyjUBG7eHbj8vw_2026-09-01,0.046589817483189244
UCEGtfhdJiRgH98mVMEQZThQ_2026-09-01,0.20124879923150818
UCqEoc6yuYRg5CFG4NIG8euQ_2026-09-01,0.18587896253602307
UCEebX3m88Arwc91LPmEmTYQ_2026-09-01,0.0989433237271854
UCHZ9X2Nl3dq8ChEJgScmZCw_2026-09-01,0.12103746397694524
UCtjlhCmFXYFXC4uqg1flTBg_2026-09-01,0.32468780019212296
UCWZqSCSNZT3X8e_HyCJoXMg_2026-09-01,0.20605187319884724
UC6aF-skLT_1X6cdPJxVJXxQ_2026-09-01,0.007204610951008646
UCApYlKNymyHZ9dlOCImFVBg_2026-09-01,0.23775216138328528
UClHGjnruf4A9Us7CHVgLIEQ_2026-09-01,0.8282901056676272
UCWKOw78U77xw8alsPSW_AeA_2026-09-01,0.2731027857829011
UCNZiNM2pP6uhIlTQVS2Q5fA_2026-09-01,0.01633045148895293
UCm1JuixwDoQEDi5RfcRuHJg_2026-09-01,0.07829010566762729
UCAgZP6qUjcVjZsGWtW-l6lw_2026-09-01,0.32804995196926034
UCLuDznROytXtnMSDwo5aGJQ_2026-09-01,0.007684918347742555
UC3kVT7zilzGf_7fIEkc4dDA_2026-09-01,0.10662824207492795
UCsbo5VemDR505Etd5ZKnWNA_2026-09-01,0.20557156580211336
UCuetAJhNx1unKTXo7e1c0xQ_2026-09-01,0.1978866474543708
UCdtV_sB8WUWo-P_q3OwNfcw_2026-09-01,0.8001921229586936
UCNOj6xtKWCtPbjJV8XPlbLg_2026-09-01,0.10038424591738714
UCs7mzshFv0PbUMUM0x1Waug_2026-09-01,0.27281460134486074
UCkrJBQAut47U8xMUuv8D_3g_2026-09-01,0.14745437079731027
UC4OsulKlyGi0wY5h9D4JjBw_2026-09-01,0.10902977905859751
UCb3wpKfVlnPx2bym2Tivbzw_2026-09-01,0.2271853986551393
UCxtZZzggcfOmsW99gYkxsNA_2026-09-01,0.24111431316042267
UCrdRt77s53QWevhMYX-8UPg_2026-09-01,0.03602305475504323
UCop7QCLcdzTpcYZzMu1mFAg_2026-09-01,0.1585014409221902
UCppLE7C1TC4ovrGbRoTzsmg_2026-09-01,0.27905859750240153
UCulcJNJPF25ncT7GvJm6iEg_2026-09-01,0.257252641690682
UCjk9szhhsAO76PdH450mZNg_2026-09-01,0.3318924111431316
UCd4PDK0JYfPf0DUeYZThguw_2026-09-01,0.1878001921229587
UCm-Yd-aYSagMqVdMZSYiKLQ_2026-09-01,0.19596541786743515
UCAZVLirygDNDfCNfyIVnTWA_2026-09-01,0.3045148895292988
UCZX4g_FvyOfyTIKxbMfKfIg_2026-09-01,0.19500480307396736
UCOKQpmfKrtu7Nu719CVSw1A_2026-09-01,0.22622478386167147
UC-2JsFNClcIesgd7UmtGnpw_2026-09-01,0.21613832853025938
UCijUV3SuVe_qErzBpdOmKIA_2026-09-01,0.24591738712776176
UC07QfC3yXeYr2SfIL6WXpOw_2026-09-01,0.3504322766570605
UCETJ2rkwgeYb0OojPNh-DRw_2026-09-01,0.30979827089337175
UCCrqkpYfyGX5UBFyPx6bqKA_2026-09-01,0.9361191162343899
UCD7D_WRXbei_g6xXOZIhQnQ_2026-09-01,0.32161383285302597
UClSuqiIAACDUJrH3gb4JcLQ_2026-09-01,0.04562920268972142
UCs4CTQE-t9kj-6Xn3Cjtf-A_2026-09-01,0.41431316042267047
UCL3gnarNIeI_M0cFxjNYdAA_2026-09-01,0.10086455331412103
UCzju3TlIRi6tkO9o4gwXdVA_2026-09-01,0.28174831892411145
UCerhqgFd8dnypewC3yjAlbg_2026-09-01,0.25052833813640735
